file_in_zip,doc_id,ext,num_pages,docket_id,date_guess,doc_type_guess,title_snippet
/content/drive/MyDrive/FDA Research/2011/FDA-2011-P-0018-0001_Dwayne_A__Ratleff___Citizen_Petition_.pdf,cdff5a649dab,pdf,3,FDA-2011-P-0018,2011,petition,"December 22, 2010 20\\ JAN -3 A !O: \W Division of Dockets Management Food and Drug Administration Department of Health and Human Services 5630 Fishers Lane, rm. 1061 Rockville, MD 20852 Citizen Petition The undersigned submits this petition under the relevant statutory sections of the Federal Food, Drug, and Cosmetic Act or the Public Health Service Act or any other statutory provision for which authority has been delegated to the Commissioner of Food and Drugs under (21 CFR 5.10) to request t…"
/content/drive/MyDrive/FDA Research/2011/FDA-2011-P-0018-0002_Acknowledgement_Letter_to_Dawyne_Ratleff.pdf,d1ae20eb9fea,pdf,1,FDA-2011-P-0018,2011,petition,"(4 DEPARTMENT OF HEALTH & HUMAN SERVICES Public Health Service '<>~,~ Food and Drug Administration Rockville MD 20857 January 3, 2011 flltCOPy Dwayne A. Ratleff Dear Mr. Ratlett: Your petition to the Food and Drug Administration requesting to issue new rules to regulate the use of electronic versions of ingredient list and nutrition facts labels, was received by this office on 01/03/2011. It was assigned docket number FDA-2011-P-0018-0001/CP, and it was filed on 01103/2011. Please refer to this…"
/content/drive/MyDrive/FDA Research/2011/FDA-2011-P-0022-0001_Waxler_Regulatory_Consultancy_LLC___Citizen_Petiti.pdf,96000d1f58c5,pdf,33,FDA-2011-P-0022,2011,petition,".Wa{{er Cf\ggu{atory ConsuftqYfl {-;~f- 1920 ;4.rfington (J>(ace 608-219-7547 7 A9 :18 !Madison, WI 53 726-4002 mwa~(er@cliarter. net January 6, 2011 Division of Dockets Management Food and Drug Administration Department of Health and Human Services 5630 Fishers Lane, rm. 1061 Rockville, MD 20852 Dear Sir or Madam: Waxler Regulatory Consultancy LLC submits the attached Citizen Petition under Sections 201,301,510,513,519, and 520 of the Food Drug and Cosmetic Act and 21 Code of Federal Regulatio…"
/content/drive/MyDrive/FDA Research/2011/FDA-2011-P-0022-0002_Acknowledgement_Letter_to_Waxler_Regulatory_Consul.pdf,95b105dc93aa,pdf,1,FDA-2011-P-0022,2011,petition,"(.~ DEPARTMENT OF HEALTH & HUMAN SERVICES Public Health Service ,::z~ Food and Drug Administration Rockville MD 20857 January 7, 2011 Morris Waxler, Ph.D. Waxler Regulatory Consultancy LLC 1920 Arlington Place Madison, WI 53726-4002 Dear Dr. Waxler: Your petition to the Food and Drug Administration requesting to withdraw FDA approval (PMA) for all LASIK devices and issue a Public Health Advisory with a voluntary recall of LASIK devices in an effort to stop the epidemic of permanent eye injury c…"
/content/drive/MyDrive/FDA Research/2011/FDA-2011-P-0022-0004_FDA_Interim_Response_to_Waxler_Regulatory_Consulta.pdf,645d1853598d,pdf,1,FDA-2011-P-0022,2011,response/decision,
/content/drive/MyDrive/FDA Research/2011/FDA-2011-P-0022-0005_Waxler_Regulatory_Consultancy_LLC__Letter.pdf,af030745e172,pdf,4,FDA-2011-P-0022,2011,other,"Waxier Regulatp isry Conu1tancy LLC 1920 Arlington Place 608-219-7547 Madison, WI 53726-4002 mwaxler@charter.net January 16, 2012 Margaret A. Hamburg, M.D. Commissioner Food and Drug Administration WO 2200 10903 New Hampshire Avenue Silver Spring, MD 20993-0002 Jeffrey E. Shuren, M.D., J.D. Director, Center for Devices and Radiological Health Food and Drug Administration WO 66, Room 5442 10903 New Hampshire Avenue Silver Spring, MD 20993-0002 Division of Dockets Management Food and Drug Adminis…"
/content/drive/MyDrive/FDA Research/2011/FDA-2011-P-0022-0006_Waxler_Regulatory_Consultancy_LLC_Letter.pdf,c90a9d73a90a,pdf,1,FDA-2011-P-0022,2011,other,
/content/drive/MyDrive/FDA Research/2011/FDA-2011-P-0022-0008_Citizen_Petition_Denial_Response_from_FDA_CDRH_to_.pdf,fb7304eeadea,pdf,8,FDA-2011-P-0022,2011,petition,"DEPARTMENT OF HEALTH & HUMAN SERVICES JUN 2 3 2014 Morris Waxler, PhD President Waxler Regulatory Consultancy LLC 1920 Arlington Place Madison, WI 53726-4002 Re: Citizen Petition- Docket Number FDA-2011-P-0022 Dear Dr. Waxler, Public Health Service Food and Drug Administration 10903 New Hampshire A venue Silver Spring, MD 20993 This letter responds to the above referenced citizen petition that you submitted to the Food and Drug Administration (FDA or Agency) and that was filed on January 7, 201…"
/content/drive/MyDrive/FDA Research/2011/FDA-2011-P-0022-0009_Petition_for_Reconsideration_from_Waxler_Consultan.pdf,6186f49a2d79,pdf,8,FDA-2011-P-0022,2011,petition,"Nancy K. Slade, JD ' July 22, 2014 Waxler Regulatory Consultar')~Yu l ~LJ1 , 3w 1920 Arlington Place Madison, WI 53726-4002 July 22, 2014 Nancy K. Slade, J.D. Division ofbockets Management Food and Drug Administration Department of Health and Human Services, Rm. 1-23 5630 Fishers Lane, rm. 1061 Rockville, MD 20852. 608-219-7547 mwaxler@ charter. net Re: Petition for Reconsideration [Docket No. FDA-20 11-P-0022] Dear Dr. Slade: In accordance with 21 CFR 10.33 the undersigned submits this petitio…"
/content/drive/MyDrive/FDA Research/2011/FDA-2011-P-0022-0010_Acknowledgement_Letter_from_FDA_DDM_to_Waxler_Cons.pdf,a5bc13f8b6db,pdf,1,FDA-2011-P-0022,2011,petition,"DEPARTMENT OF HEALTH & HUMAN SERVICES Public Health Service Food and Drug Administration Rockville MD 20857 September 4, 2014 Morris Waxler, President Waxler Regu latory Consultancy, LLC 1920 Arlington Place Madison, W I 53726- 4002 Dear Mr. Waxler : Your Petition for Reconsideration regarding the A gency's decision to deny the request of the petition for the withdrawal of PMAs for all LASIK excirner laser devices and for the issuance of a public health advisory with a v oluntary recall of the …"
/content/drive/MyDrive/FDA Research/2011/FDA-2011-P-0022-0011_Reconsideration_Petition_Interim_Response.pdf,89050923cd25,pdf,1,FDA-2011-P-0022,2011,petition,"DEPARTMENT OF HEALTH & HUMAN SERVICES Public Health Service January 23, 2015 Dr. Morris Waxler President Waxler Regulatory Consultancy LLC 1920 Arlington Place Madison, WI 53726-4002 Food and Drug Administration 10903 New Hampshire A venue Silver Spring, MD 20993 Re: Reconsideration Petition- Docket Number FDA-2011-P-0022/PRC Dear Dr. Waxler: This is an interim response to your Reconsideration Petition dated July 22, 2014, filed by the Food and Drug Administration (FDA) on September 4, 2014. In…"
/content/drive/MyDrive/FDA Research/2011/FDA-2011-P-0022-0013_Reconsideration_Denial_letter_from_the_FDA_to_Waxl.pdf,baaa46838716,pdf,4,FDA-2011-P-0022,2011,petition,"{ U.S. FOOD & DRUG ~'""""""""""'""',I \.:!/- ADMINISTRATION Morris Waxler, PhD President Waxler Regulatory Consultancy LLC 1920 Arlington Place Madison, WI 53726-4002 OCT 2 6 2016 Re: Petition for Reconsideration [Docket Number FDA-2011-P-0022/PRC] Dear Dr. Waxler: This letter responds to your petition for reconsideration received on July 31, 2014 (Reconsideration Petition). The Reconsideration Petition requests that the Food and Drug Administration (FDA or the Agency) reconsider its June 23, 2014 re…"
/content/drive/MyDrive/FDA Research/2011/FDA-2011-P-0025-0001_Olsson_Frank_Weeda_Terman_Bode_Matz_PC___Citizen_P.pdf,64a9baf21309,pdf,2,FDA-2011-P-0025,2011,other,"OLSSON FRANK WEEDA TERMAN BODE MATZ PC faTORNEYS AT IAW SUITE 400 1400 SIXTEENTH STREET. NW WASHINGTON. D. C 20036 (202) 789-1212 www. ofwlaw. corn Arthur Y. Tsien - Principal Direct (202) 518-6318 / Fax (202) 234-3537 atsien@ofwlaw.com January 7, 2011 BRUCE A. SILVERGLADE JOLYDA 0. SWAIM JONATHAN M. WENRIEB NANCY W. MATHEWSON COUNSEL ROGER R. SZEMRA1 ANSON M. KELLER. CASPER E. ULDRIKS* OF COUNSEL KENNETH D. ACKERMAN MARK L. ITZKOFF ELLIOT BELILOS SENIOR POLICY ADVISOR JOHN R BLOCK CHA W. STENH…"
/content/drive/MyDrive/FDA Research/2011/FDA-2011-P-0025-0002_Acknowledgement_Letter_to_Olsson_Frank_Weeda_Terma.pdf,37d3f0d3e1b2,pdf,1,FDA-2011-P-0025,2011,petition,"ri011--,2e/ P1)'DEPARTMENT OF HEALTH & HUMAN SERVICES Public Health Service Food and Drug Administration Rockville MD 20857 January 7, 2011 FILE COPY Arthur Y. Tsien, Attorney Olsson Frank Weeda Terman Bode Matz PC 1400 Sixteenth Street, NW Suite 400 Washington, D. C. 20036 Dear Mr. Tsien: Your petition to the Food and Drug Administration to make the determination that Grifulvin V (griseofulvin microcrystalline) Tablets 250 mg was not voluntarily withdrawn or withheld from sale for safety or ef…"
/content/drive/MyDrive/FDA Research/2011/FDA-2011-P-0025-0003_FDA_CDER_Interim_Response_to_Olsson_Frank_Weeda_Te.pdf,76ce8df8bbd7,pdf,1,FDA-2011-P-0025,2011,petition,""""", StRVJCJ:S·VJ f"""""" l~ DEPARTMENT OF HEALTH & HUMAN SERVICES "",~E.-;, ,~, Food and Drug Administration Rockville MD 20857 ""Ul'd:W ZOII JUL -SU~ 31eC2011 Arthur Y. Tsien, Principal Olsson Frank Weed a Terman Bode Matz PC 1400 Sixteenth Street, N.W., Suite 400 Washington, DC 20036 Re: Docket No. FDA-20II-P-0025 Dear Mr. Tsien: 1am writing to inform you that the Food and Drug Administration (FDA) has not yet resolved the issues raised in your citizen petition received on January 7, 20 11. Your p…"
/content/drive/MyDrive/FDA Research/2011/FDA-2011-P-0025-0004_Determinations_That_Drugs_Were_Not_Withdrawn_from_.pdf,aa685ca76f92,pdf,2,FDA-2011-P-0025,2011,comment,"25720 Federal Register / Vol. 77, No. 84 / Tuesday, May 1, 2012 / Notices In compliance with the requirements of Section 3506(c)(2)(A) of the Paperwork Reduction Act of 1995, the Administration for Children and Families is soliciting public comment on the specific aspects of the information collection described above. Copies of the proposed collection of information can be obtained and comments may be forwarded by writing to the Administration for Children and Families, Office of Planning, Rese…"
/content/drive/MyDrive/FDA Research/2011/FDA-2011-P-0025-0005_FDA_2011_P_0025_let.pdf,30c2ca69e681,pdf,3,FDA-2011-P-0025,2011,petition,"f DEPARTMENT OF HEALTH & HUMAN SERVICES Food and Drug Administration Rockville MD 20857 MAY 1 2012 Arthur Y. Tsien, Principal Olsson Frank Weeda Terman Bode Matz PC 1400 Sixteenth Street, NW, Suite 400 Washington, DC 20036 Re: Docket No. FDA-201 l-P-0025 Dear Mr. Tsien: This letter responds to your citizen petition dated January 7, 2011, requesting that the Food and Drug Administration (FDA) determine whether GRIFULVIN V (griseofulvin microcrystalline) tablets, 250 milligrams (mg), was withdraw…"
/content/drive/MyDrive/FDA Research/2011/FDA-2011-P-0031-0001_Samson_Medical_Technologies__L_L_C____Citizen_Peti.pdf,089a6d01f449,pdf,3,FDA-2011-P-0031,2011,petition,SAMSON MEDICAL TECHNOLOGIC& LL.C. Citizen's Petition ANDA Suitability Piperacillin and Tazobactam for Injection 337.5 and 405 gram Pharmacy Bulk Packages Cfti SANSOI Peati OriZAN' DA Suftability PiperadlIM and Tazobactam for Injectio 3 37.3 and 403 gram Pharmacy Bulk Packages
/content/drive/MyDrive/FDA Research/2011/FDA-2011-P-0031-0002_Acknowledgement_Letter_to_Samson_Medical_Technolog.pdf,39df656c0e23,pdf,1,FDA-2011-P-0031,2011,petition,"DEPARTMENT OF HEALTH & HUMAN SERVICES Public Health Service Food and Drug Administration Rockville MD 20857 January 12, 2011 Judith U. Arnoff, RPH, MBA Samson Medical Technologies, L.L.C. 2050 Springdale Road, Suite 400 Cherry Hill, NJ 08003 Dear Ms. Arnoff: Your petition to the Food and Drug Administration requesting to permit the filing of an Abbreviated New Drug Application for a Piperacillin and Tazobactam for Injection, pharmacy bulk package, was received by this office on 01/012/2011. It …"
/content/drive/MyDrive/FDA Research/2011/FDA-2011-P-0031-0003_Amendment_from_Samson_Medical_Technologies_LLC.pdf,2799088ae4f1,pdf,3,FDA-2011-P-0031,2011,petition,"SAMSON® MEDICAL TECHNOLOGIES, L.L.C. 1014 MAR -5 A CI: February 27, 2014 Division of Dockets Management Food and Drug Administration Room 1061 5630 Fishers Lane Rockville, MD 20852 Subject: Amendment to Suitability Petition (Docket #: FDA-2011-P-0031-0001/CP) Piperacillin and Tazobactam for Injection, Pharmacy Bulk Package SmartPak® Dear Sir or Madam: Reference is made to the email communications received from Mr. Johnny Young on December 19, 2013 February 5, 2014 and February 13, 2014 (attache…"
/content/drive/MyDrive/FDA Research/2011/FDA-2011-P-0031-0004_Petition_Approval_Response.pdf,154b40e32ecf,pdf,2,FDA-2011-P-0031,2011,petition,"DEPARTMENT OF HEALTH & HUMAN SERVICES Food and Drug Administration Silver Spring, MD 20993 February 23, 2015 Samson Medical Technologies, L.L.C. Attention: Judith U. Arnoff, RPh, MBA 2050 Springdale Road, Suite 400 Cherry Hill, NJ 08003 Docket No. FDA -2011 -P-0031 Dear Ms. Arnoff: This is in response to your petition filed on January 12, 2011, with the U.S. Food and Drug Administration (FDA or Agency) and your amendment dated February 27, 2014, requesting permission to file an Abbreviated New …"
/content/drive/MyDrive/FDA Research/2011/FDA-2011-P-0032-0001_Anika_Therapeutics__Inc____Petition_for_Reconsider.pdf,b4ad0099d779,pdf,2,FDA-2011-P-0032,2011,petition,"IRINA KULINETS VICE PRESIDENT OF REGULATORY AND CLINICAL AFFAIRS20\\ J~N \ \ A \I: 25 TEL: 781.457.9000 DIRECT: 781.457.9221 January 10,2011 Dockets Management Branch (HF A-305) Room 1061 Food and Drug Administration 5630 Fishers Lane Rockville, Maryland, 20852 RE: Petition for Reconsideration of the denial of approval of a Premarket Approval (PMA) Application for Anika Therapeutics' Monovisc™ Injectable Intra-articular Device (p090031) Dear SirlMadam: Under the 21CFR 10.33 Anika Therapeutics, …"
/content/drive/MyDrive/FDA Research/2011/FDA-2011-P-0032-0002_Acknowlegdement_Letter_to_Anika_Therapeuticals__In.pdf,9cbc10e4729b,pdf,1,FDA-2011-P-0032,2011,petition,"DEPARTMENT OF HEALTH & HUMAN SERVICES Public Health Service Food and Drug Administration Rockville MD 20857 January 11, 2011 Irina Kulinets Vice Presidents of Regulatory and Clinical Affairs Anika Therapeutics, Inc. 32 Wiggins Ave Bedford MA 01730 Dear Ms. Kulinets: Your petition to the Food and Drug Administration requesting to reconsideration of the denial of approval of a Premarket Approval (PMA) Application for Anika Therapeutics, was received by this office on 01/11/2011. It was assigned d…"
/content/drive/MyDrive/FDA Research/2011/FDA-2011-P-0032-0003_Acknowledgement_Letter_to_Anika_Therapeutics__Inc_.pdf,86a52b40588b,pdf,1,FDA-2011-P-0032,2011,petition,"4tr DEPARTMENT OF HEALTH & HUMAN SERVICES Public Health Service avd-, Food and Drug Administration Rockville MD 20857 January 25, 2011 FILE COPY Correction Irina Kulinets Vice Presidents of Regulatory and Clinical Affairs Anika Therapeutics, Inc. 32 Wiggins Ave Bedford MA 01730 Dear Ms. Kulinets: Your petition to the Food and Drug Administration requesting to reconsideration of the denial of approval of a Premarket Approval (PMA) Application for Anika Therapeutics, was received by this office o…"
/content/drive/MyDrive/FDA Research/2011/FDA-2011-P-0032-0004_Anika_Therapeutics__Inc___Anika____Withdrawal.pdf,4f1c44309361,pdf,2,FDA-2011-P-0032,2011,petition,"fiif#AN I KA 2011 MAR 28 A 314 March 24, 2011 Dockets Management Branch (B1FA-305) Room 1061 Food and Drug Administration 5630 Fishers Lane Maryland, 20852 RE: Withdrawal of Petition for Reconsideration (FDA-2011-0032-0001/PRC) for Premarket Approval Application for Anika Therapeutics' MonoviscTM Injectable Intra-articular Device (P090031) Attention: Ms. Gloria Ortega Dear Ms. Ortega: With this letter Anika Therapeutics, Inc. (Anika) is withdrawing this Petition for Reconsideration for its Prem…"
/content/drive/MyDrive/FDA Research/2011/FDA-2011-P-0045-0001_Purdue_Pharma_L_P___Purdue____Citizen_petition.pdf,f4996ecb8b99,pdf,23,FDA-2011-P-0045,2011,petition,"PURDUE Purdue Pharma L.P One Stamford Forum Stamford, CT 06901-3431 vvivw.Lu,sdlAaharma.com January 14, 241 11 0 6 11 AI 1 L .) Dockets Management Branch Food and Drug Administration Room 1061 5630 Fishers Lane Rockville, MD 20852 CITIZEN PETITION Dear Sir/Madam: The undersigned, on behalf of Purdue Pharma L.P. (""Purdue""), submits this Citizen Petition pursuant to 21 C.F.R. §§ 10.30, 314.50(i), 314.52, 314.54, and Section 505(b) of the Federal Food, Drug, and Cosmetic Act (""FFDCA""), 21 U.S.C. §…"
/content/drive/MyDrive/FDA Research/2011/FDA-2011-P-0045-0005_Acknowledgement_Letter_to_Purdue_Pharma_L_P____Pur.pdf,1e0bebd1b8a4,pdf,1,FDA-2011-P-0045,2011,petition,"DEPARTMENT OF HEALTH & HUMAN SERVICES Public Health Service Food and Drug Administration Rockville MD 20857 FILE COpy January 14, 2011 Philip C. Strassburger Vice President Purdue Pharma L.P. One Stamford Forum Stamford, CT 06901-3431 Dear Mr. Strassburger: Your petition to the Food and Drug Administration asking to refuse to approve King's Remoxy NDA unless the conditions specified in the petition are satisfied, was received by this office on 01/14/2011. It was assigned docket number FDA-2011-…"
/content/drive/MyDrive/FDA Research/2011/FDA-2011-P-0045-0006_FDA_CDER_to_Perdue_Pharma_L_P____Petition_Denial.pdf,7c77fde76857,pdf,4,FDA-2011-P-0045,2011,petition,"(""~ DEPARTMENT OF HEALTH 8> HUMAN SERVICES <+<:~'r Food and Drug Administration Rockville MD 20857 Philip C. Strassburger V.P., Intellectual Property Counsel 2011 JUL 1St, II: 51 Purdue Pharma L.P. JUL 13 2011 One Stamford Forum . Stamford, CT 06901-3431 Re: Docket No. 2011-P-0045 Dear Mr. Strassburger: This letter responds to your citizen petition submitted on behalf of Purdue Pharma L.P. (Purdue) dated January 14,2011 (Petition). Your Petition requests that the Food and Drug Administration (F…"
/content/drive/MyDrive/FDA Research/2011/FDA-2011-P-0047-0001_InvaGen_Pharmaceuticals__Inc____Citizen_Petition_.pdf,121497f095f0,pdf,8,FDA-2011-P-0047,2011,petition,"InvaGen Pharmaceuticals, I nt.InvaGen Pharmaceuticals, Inc. 7 Oser Ave Hauppauge, New York 11788 Te1:631-231-3233 Fax:631-231-4248Dr.Sudhakar Rao Vidiyala President Division of Dockets Management Food and Drug Administration Department of Health and Human Services 5630 Fishers Lane, Room 1061 Rockville, MD 20852 January 14, 2011 4:91. 6■11. 0.J 416. ooloo■ Cg '61; A Citizen petitian Re: Citizen Petition to InvaGen's Meclizine Hydrochloride Chewable Tablets, 25 mg ANDA # 200791 Dear Sir/Madam, I…"
/content/drive/MyDrive/FDA Research/2011/FDA-2011-P-0047-0006_Acknowledgement_Letter_to_InvaGen_Inc_.pdf,8d0f395be7d4,pdf,1,FDA-2011-P-0047,2011,petition,"DEPARTMENT OF HEALTH & HUMAN SERVICES Public Health Service Food and Drug Administration Rockville MD 20857 January 18, 2011 Sudhakar Rao Vidiyala, PhD President InvaGen Pharmaceuticals, Inc. 7 Oser Ave. Hauppauge, New York 11788 Dear Dr. Vidiyala: Your petition to the Food and Drug Administration requesting to make a determination that Pfizer's Antivert® chewable tablets 25 mg was not discontinued for safety and efficacy reason, and to re list InvaGen's Meclizine Hygrochloride chewable tablets…"
/content/drive/MyDrive/FDA Research/2011/FDA-2011-P-0047-0007_InvaGen_Pharmaceuticals__Inc____Amendment.pdf,3e70a4fb5a4e,pdf,7,FDA-2011-P-0047,2011,petition,"InvaGen Pharmaceutic als. Inc.Dr.Sudhakar Rao Vidiyala InvaGen Pharmaceuticals, Inc. President 7 Oser Ave Hauppauge, New York 11788 Te1:631-231-3233 Fax:631-231-4248 4 2 3 7 11 FEB 28 A 9 :09 Division of Dockets Management Food and Drug Administration Department of Health and Human Services 5630 Fishers Lane, Room 1061 Rockville, MD 20852 February 24, 2011 Amendment to Citizen petition Re: Amendment to Citizen Petition (Docket # FDA-2011-P-0047-0001/CP) for InvaGen's Meclizine Hydrochloride Che…"
/content/drive/MyDrive/FDA Research/2011/FDA-2011-P-0047-0012_FDA_CDER_Interim_Response_to_InvaGen_Pharmaceutica.pdf,0f982c45f20c,pdf,1,FDA-2011-P-0047,2011,petition,"(""~ DEPARTMENT OF HEALTII &-HUMAN SERVICES ,.,..:!­ Food and Drug Administration Rockville M 0 20857 JL'~ . 5 2011 2011 JUL20 A fO:43 . Sudhakar Rao Vidiyala, PhD President InvaGen Pharmaceuticals, Inc. 7 Oser Ave. Hauppauge, New York 11788 Re: Docket No. FDA-2011-P-0047 Dear Dr. Vidiyala: I am writing to inform you that the Food and Drug Administration (FDA or Agency) has not yet resolved the issues raised in your citizen petition received on January 18, 2011. Your petition requests that the A…"
/content/drive/MyDrive/FDA Research/2011/FDA-2011-P-0047-0013_Response_Letter_from_FDA_CDER.pdf,7e2499a8dd5f,pdf,7,FDA-2011-P-0047,2011,response/decision,
/content/drive/MyDrive/FDA Research/2011/FDA-2011-P-0047-0014_Determination_That_ANTIVERT_Chewable_Tablets__25_M.pdf,d6edb71a19a1,pdf,2,FDA-2011-P-0047,2011,other,"13669 Federal Register / Vol. 84, No. 66 / Friday, April 5, 2019 / Notices 1Section 505–1 of the FD&C Act applies to applications for prescription drugs submitted or approved under subsections 505(b) (i.e., new drug applications) or (j) (i.e., abbreviated new drug applications) (21 U.S.C. 355(b) or (j)) of the FD&C Act and to applications submitted or licensed under section 351 (i.e., biologics license applications) of the Public Health Service Act (42 U.S.C. 262). In this document, unless othe…"
/content/drive/MyDrive/FDA Research/2011/FDA-2011-P-0052-0001_Lachman_Consulant_Services__Inc____Citizen_Petitio.pdf,0d8c4736923a,pdf,3,FDA-2011-P-0052,2011,petition,"LACHMAN CONSULTANT SERVICES, INC. CONSULTANTS TO THE PHARMACEUTICAL AND ALLIED INDUSTRIES 1600 STEWART AVENUE, WESTBURY, NY 11590 (516) 222-6222 • FAX (5116)16811687 11 R4 19 A 9 :21 11. January 18, 2011 OVERNIGHT COURIER 1/18/11 Division of Dockets Management Food and Drug Administration (HFA-305) Department of Health and Human Services 5630 Fishers Lane, Room 1061 Rockville, MD 20852 Citizen Petition Dear Sir or Madam: The undersigned submits this petition, in quadruplicate, pursuant to Secti…"
/content/drive/MyDrive/FDA Research/2011/FDA-2011-P-0052-0005_Acknowledgement_Letter_to_Lachman_Consultant_Servi.pdf,89d150133eea,pdf,1,FDA-2011-P-0052,2011,petition,"DEPARTMENT OF HEALTH & HUMAN SERVICES Public Health Service Food and Drug Administration Rockville MD 20857 January 19, 2011 Robert W. Pollock FILE COpyLachman Consultant Services, Inc. 1600 Stewart Avenue Westbury, NY 11590 Dear Mr. Pollock: Your petition to the Food and Drug Administration requesting to declare that the drug product, for Pemetrexed for Injection, 1000 mg is suitable for consideration in an abbreviated new drug application (ANDA), was received by this office on 01/19/2011. It …"
/content/drive/MyDrive/FDA Research/2011/FDA-2011-P-0052-0006_FDA_CDER_to_Lachman_Consulant_Services__Inc____Pet.pdf,24450a805e9d,pdf,2,FDA-2011-P-0052,2011,petition,"(/"""")_ DEPARTMENT OF HEALTH & HUMAN SERVICES --.::::z~ Lachman Consultant Services, Inc. Attention: Robert W. Pollock 1600 Stewart A venue Westbury, NY 11590 Dear Mr. Pollock: 9 1 3 1 12 M~R 29 A 9 :12 MAR 2 7 :012 Food and Drug Administration Rockville MD 20857 Docket No. FDA-2011-P-0052 This is in response to your petition filed on January 19, 2011 requesting permission to file an Abbreviated New Drug Application (ANDA) for the following drug product: Pemetrexed Disodium for Injection, 1000 m…"
/content/drive/MyDrive/FDA Research/2011/FDA-2011-P-0055-0001_Joseph_M__Carik_and_Amber_Britton__C__Allen_Black_.pdf,bcb7481a0c45,pdf,12,FDA-2011-P-0055,2011,petition,"CITIZEN PETITION TO ALLOCATE AGALSIDASE BETAi t• r • YME in) 14 L4 MANUFACTURED BY GENZYME CORPORATION UNE6 SCBV"" MOUNT SINAI SCHOOL OF MEDICINE IN ACCORDANCE WITH THE BAYH-DOLE ACT January 13, 2010 Petitioners: Joseph M. Carik and Amber Britton Represented By C. Allen Black, Ph.D., J.D. 1579 Montgomery Rd. Allison Park, PA, 15101 412-908-3268 vb/L-aof(- 9--Oocc CP Before the Department of Health and Human Services Food and Drug Administration Washington, DC In Re: PETITION TO ALLOCATE AGALSIDA…"
/content/drive/MyDrive/FDA Research/2011/FDA-2011-P-0055-0010_Acknowledgement_Letter_to_C__Allen_Black__Ph_D___J.pdf,480c96872db0,pdf,1,FDA-2011-P-0055,2011,petition,"DEPARTMENT OF HEALTH & HUMAN SERVICES Public Health Service Food and Drug Administration Rockville MD 20857 FILE COPY January 19, 2011 C. Allen Black, Ph.D., J.D. 1579 Montgomery Road Allison Park, PA 15101 Dear Mr. Black: Your petition to the Food and Drug Administration submitted on behalf of Joseph M Carik and Amber Britton, requesting to allocate full doses of agalsidase beta (Fabrazymee) to U.S. citizens under its consent decree with Genzyme Corporation, was received by this office on 01/1…"
/content/drive/MyDrive/FDA Research/2011/FDA-2011-P-0055-0011_Exhibit_A___Healthcare_Professional_Communication_.pdf,514c9b629218,pdf,2,FDA-2011-P-0055,2011,other,"GENZYME EUROPE BV GOOIMEER 10 1411 DD NMRDEN NETHERLANDS Tel: +31-35-699-1200 Fax: +31-35-694-3214 17-02-2010 Healthcare Professional Communication -further delay in the supply of Fabrazyme@ (agalsidase beta) Dear Healthcare Professional, In December 2009, Genzyme announced that the production of Fabrazyme had been temporarily suspended and that as a result there was a product shortage. In previous letters, healthcare professionals were recommended to reduce the dose in adult patients to meet a…"
/content/drive/MyDrive/FDA Research/2011/FDA-2011-P-0055-0012_FDA_CDER_Interim_Response_to_C__Allen_Black__Ph_D_.pdf,23c713c9cfbc,pdf,1,FDA-2011-P-0055,2011,petition,"DEPARTMENT OF HEALTH &. HUMAN SERVICES Food and Drug Administration Rockville MD 20857 JUL 15 2011 2011 JUL 20 A \0: I~ 3 C. Allen Black, Ph.D., J.D. 1579 Montgomery Rd. Allison Park, PA 15101 Re: Docket No. FDA -2011-P-0055 Dear Dr. Black: I am writing to inform you that the Food and Drug Administration (FDA) has not yet resolved the issues raised in your citizen petition received on January 19, 2011, and submitted on behalf of Joseph M. Carik and Amber Britton. Your petition requests that the…"
/content/drive/MyDrive/FDA Research/2011/FDA-2011-P-0055-0013_Citizen_Petition_Denial_Response_from_FDA_CDER_to_.pdf,018715e65039,pdf,5,FDA-2011-P-0055,2011,petition,
/content/drive/MyDrive/FDA Research/2011/FDA-2011-P-0059-0001_Citizen_Petition_from_Hospira_Inc_.pdf,bc89b4178623,pdf,4,FDA-2011-P-0059,2011,petition,"~ HospJra January 25, 2011 2011 JAN 2b A 10: 3'lDivision of Dockets Management Food and Drug Administration Department of Health and Human Services 5630 Fishers Lane, Room 1061 Rockville, MD 20852 Citizen Petition The undersigned submits this Citizen Petition, in quadruplicate, pursuant to Section 5050G)(2)(C) ofthe Federal Food, Drug and Cosmetic Act, and in accordance with 21 CFR 1O.20(a), 10.30 and 314.93 to request that FDA amend the Approved Drug Products with Therapeutic Equivalence Evalu…"
/content/drive/MyDrive/FDA Research/2011/FDA-2011-P-0059-0002_Acknowledgment_Letter_from_FDA_DDM_to_Hospira_Inc_.pdf,c1097a01e2bc,pdf,1,FDA-2011-P-0059,2011,petition,"(~ DEPARTMENT OF HEALTH & HUMAN SERVICES Public Health Service \.,~f- Food and Drug Administration Rockville MD 20857 FILE COpy January 26, 2011 Mark J. Kopulos Hopira, Inc. 275 North Field Dr. Dept 389, Building H2 Lake Forest, IL 60045 Dear Mr. Kopulos: Your petition to the Food and Drug Administration requesting to designate Sandoz ANDA 065204 as a Reference Listed Drug for purposes of submitting an ANDA for a generic version of this product, was received by this office on 01/26/2011. It was…"
/content/drive/MyDrive/FDA Research/2011/FDA-2011-P-0059-0003_Interim_Response_Letter_from_FDA_CDER_to_Hospira_I.pdf,d610a8b368a7,pdf,1,FDA-2011-P-0059,2011,petition,"tI'r·.If ~::))' r­, ... Tr ,-), j Food and Drug Administration Rockville MD 20857 JUL 19 2011 201\ JUl20 P 3: Oq . Mark J. Kopulos Product Manager, Global Regulatory Affairs Hospira, Inc. 275 North Field Drive, Dept. 389, Building H2 Lake Forest, IL 60045 Re: Docket No. FDA-2011-P-0059 Dear Mr. Kopulos: I am writing to inform you that the Food and Drug Administration (FDA) has not yet resolved the issues raised in your citizen petition received on January 26, 2011. Your petition requests that t…"
/content/drive/MyDrive/FDA Research/2011/FDA-2011-P-0059-0004_Citizen_Petition_Approval_Response_Letter_from_FDA.pdf,a4db746927e7,pdf,5,FDA-2011-P-0059,2011,petition,"tl "",tRVICIS. ('Æ.v~,~""~~DEPARTMENT OF HEALTH &. HUMAN SERVICES MAR 2 a 2012Food and Drug Administration Rockvile MD 20857 ""Mark 1. Kopulos Product Manager, Global Regulatory Affairs Hospira, Inc. , 275 North Field Drive Dept. 389, Building H2 Lake Forest, IL 60045 Re: Docket Nos. FDA-2011-P-0059 and FDA-2011-P-0173 Dear Mr. Kopulos: This letter responds to two citizen petitions you submitted dated January 25, 2011, and March 17,2011, in the dockets noted above. In the January 25, 2011, petitio…"
/content/drive/MyDrive/FDA Research/2011/FDA-2011-P-0064-0001_Barbara_L__Maw__P_C____Citizen_Petition_.pdf,fbbdea409c04,pdf,16,FDA-2011-P-0064,2011,petition,".. /~~ LAW OFFICE ­ BARBARA L. MAw, P.C. 1413 GENTER DRIVE, SUITE 250 PARK CtTY, UTAH 84098 TELEPHONE: (435) 655-3818 FACSIMILE: (435) 655-3575 bmaw@fre700.com www.barbaramawlaw.com S A a.~ sO 1\1\\ J~"" 1 January 20,2011 Margaret A Hamburg, M.D. DIVISION OF DOCKETS MANAGEMENT COMMISSIONER OF FOOD & DRUG ADMINISTRATION DEPARTMENT OF HEALTH & HUMAN SERVICES 5630 Fishers Lane, Room 1061 Rockville, MD 20852 Re: Citizens' Petition to Revoke and/or Vacate the Recall ofDarvon/Darvocet and all Propoxyp…"
/content/drive/MyDrive/FDA Research/2011/FDA-2011-P-0064-0016_Acknowledgement_Letter_to_Barbara_L__Maw__P_C_.pdf,e0d2155e9995,pdf,1,FDA-2011-P-0064,2011,petition,", • j.'''''''4·~VIC~ DEPARTMENT OF HEALTH & HUMAN SERVICES Public Health Service (? ~'<>""""""'••""""u Food and Drug Administration Rockville MD 20857 January 28, 2011 Fll£ COPy Barbara L. Maw, P.C 1413 Center Drive, Suite 250 Park City, Utah 84098 Dear Ms. Maw: Your petition to the Food and Drug Administration to Revoke andlor Vacate the Recall of DarvonlDarvocet and all Propoxyphene Containing Products, was received by this office on 01/28/2011. It was assigned docket number FDA-2011-P-0064-0001/C…"
/content/drive/MyDrive/FDA Research/2011/FDA-2011-P-0064-0024_Barbara_L__Maw__P_C____Supplement.pdf,4bb5de713153,pdf,5,FDA-2011-P-0064,2011,petition,"LAW OFFICE BARBARA L. MAW, P.C. 1413 CENTER DRIVE, SUITE 250 PARK CITY, UTAH 84098 TELEPHONE: (435) 655-3818 FACSIMILE: (435) 655-3575 bmaw@fre700.com www.barbaramawlaw.com2011 APR 2 b P 3 : 0 1 April 22 2011 VIA CERTIFIED MAIL/RETURN RECEIPT REQUESTED Margaret A. Hamburg, M.D. DIVISION OF DOCKETS MANAGEMENT COMMISSIONER OF FOOD & DRUG ADMINISTRATION DEPARTMENT OF HEALTH & HUMAN SERVICES 5630 Fishers Lane, Room 1061 Rockville, MD 20852 Re: Supplement to Citizens' Petition to Revoke and/or Vacat…"
/content/drive/MyDrive/FDA Research/2011/FDA-2011-P-0064-0034_Interim_Response_to_Barbara_L__Maw__P_C___Letter.pdf,e3e357e8cbe6,pdf,1,FDA-2011-P-0064,2011,petition,"(""~ DEPARTMENT OF HEALTH &. HUMAN SERVICES o<1-'"",""~ Food and Drug Administration Rockvilile MD 20857 JUL 26 2011 Barbara L. Maw, P.C. 11413 Center Drive, Suite 250 2011 JUL28 AII:50 • Park City, Utah 84098 RE: Docket No. FDA-2011-P-0064 Dear Ms. Maw: I am writing to inform you that the Food and Drug Administration (FDA) has not yet completed its response to the issues raised in your citizen petition received by FDA on January 28, 2011. The petition was submitted by you individually ""and as att…"
/content/drive/MyDrive/FDA Research/2011/FDA-2011-P-0064-0042_FDA_CDER_to_Barbara_L__Maw__P_C____Petition_Denial.pdf,f5f83b41eb0f,pdf,22,FDA-2011-P-0064,2011,petition,"(""""l DEPARTMENT OF HEALTH & HUMAN SERVICESl:yii:,,,~ JAN 3 0 2012Food and Drug Administration 10903 New Hampshire Avenue Building #51 Silver Spring, MD 20993 Barbara L. Maw, P.C. 1413 Center Drive, Suite 250 Park City, Utah 84098 Re: Docket No. FDA-2011-P-0064 Dear Ms. Maw: This letter responds to the above-referenced citizen petition (the Petition) dated January 20,2011, and your supplemental submission dated April 26, 2011 (the Petition Supplement). i The Petition asks the Food and Drug Admin…"
/content/drive/MyDrive/FDA Research/2011/FDA-2011-P-0078-0001_Ceva_Animal_Health_LLC_CEVA_Sante_Animale_Citizen_.pdf,012499a0a92e,pdf,4,FDA-2011-P-0078,2011,petition,"Dominique Thibaud, DVM Director, Development & Pharmaceutical Regulatory Affairs Ceva Animal Health, LLC 8906 Rosehill Road Lenexa, KS 66215 Tel' 913·754·7662A II' AiG 913·894·0236201 I FEB -W • 'lm~il: dominiQue.thibaud@ceva.com Division of Dockets Management (HFA-305) Food and Drug Administration Department of Health and Human Services 5630 Fishers Lane, rm. 1061 Rockville, MD 20852 February 2, 2011 SUITABILITY PETITION This petition is submitted, in quadruplicate, pursuant to 21 CFR §10.30 a…"
/content/drive/MyDrive/FDA Research/2011/FDA-2011-P-0078-0003_Acknowledgement_Letter_to_Ceva_Animal_Health__LLC_.pdf,a794016489a2,pdf,1,FDA-2011-P-0078,2011,petition,"DEPARTMENT OF HEALTH & HUMAN SERVICES Public Health Service Food and Drug Administration Rockville MD 20857 February 4, 2011 Dominique Thibaud, DVM Director of Development and Pharmaceutical Regulatory Affairs fILE COpyCeva Animal Health, LLC. 8901 Rosehill Road Lenexa, KS 66215 Dear Dr. Thibaud: Your petition to the Food and Drug Administration submitted on behalf of CEVA Sante Animale, requesting the filing of meloxicam oral suspension be submitted as an abbreviated new animal drug applicatio…"
/content/drive/MyDrive/FDA Research/2011/FDA-2011-P-0078-0004_FDA_CVM_to_Ceva_Animal_Health_LLC___Petition_Denia.pdf,27b3c6a50983,pdf,2,FDA-2011-P-0078,2011,petition,""" SEttY/Cfr ~ (' DEPARTMENT OF HEALTH /I>. HUMAN SERVICES "".::::z~ Food and Drug Administration Rockville MD 20857 20\\ ""~~ 23 A 10: 02 MAY 18 2011-FDA 20 11-P-0078-000 lICP Ceva Animal Health, LLC Attention: Dr. Dominique Thibaud Director, Development & Pharmaceutical Regulatory Affairs 8906 Rosehill Road Lenexa, KS 66215 Re: Suitability Petition Request Dear Dr. Thibaud: We deny your suitability petition (FDA 2011-P-0078-000llCP) dated February 2, 2011. In this petition you requested permissi…"
/content/drive/MyDrive/FDA Research/2011/FDA-2011-P-0081-0001_Armenpharm__Ltd____Citizen_Petition.pdf,4f91cc309bc9,pdf,5,FDA-2011-P-0081,2011,petition,",eA rmenpharm, Ltd. .--Armenpharm, Ltd. 49 South Ridge Road, P.O. Box D1400 Pomona, NY 10970 2011 FEBTeletehotie: 8,45-354-7077 • Fax: 845-354-2808 inroaarrAIDM;-nikEln February 7, 2011 Division of Dockets Management Food and Drug Administration 5630 Fishers Lane Room 1061, HFA-305 Rockville, Maryland 20852 Subject: Citizen Petition ANDA: 060851, Chloramphenicol Capsules USP, 250 mg Dear Sir/Madam: The undersigned submits this Citizen Petition under Section 505(j)(2)(C) of the Federal Food, Dru…"
/content/drive/MyDrive/FDA Research/2011/FDA-2011-P-0081-0008_Acknowledgement_Letter_to_Armenpharm__Ltd__.pdf,bc30d06ade12,pdf,1,FDA-2011-P-0081,2011,petition,"Public Health Service Food and Drug Administration Rockville MD 20857 DEPARTMENT OF HEALTH & HUMAN SERVICES N4vo, FILE COPY February 8, 2011 Arthur P. Bedrosian, President Armenpharm, Ltd. 49 South Ridge Road P.O. Box D1400 Pomona, NY 10970 Dear Mr. Bedrosian: Your petition to the Food and Drug Administration to determine whether Chloramphenicol Capsules 250 mg was withdrawn from sale for reasons other than safety or effectiveness and grant permission to relist application number A060851, was r…"
/content/drive/MyDrive/FDA Research/2011/FDA-2011-P-0081-0009_Armenpharm__Ltd____Supplement.pdf,7d6e8e241dfc,pdf,3,FDA-2011-P-0081,2011,petition,"Armenpharm, Ltd.Armenpharm, Ltd. 49 South Ridge Road, P.O. Box D1400 Pomona, NY 10970 Telephone: 845-354-7077 • Fax: 845-354-2808 info(@armenDharm.com 2011 APR 1 8 A 11: 214 April 15, 2011 Division of Dockets Management Food and Drug Administration 5630 Fishers Lane Room 1061, HFA-305 Rockville, Maryland 20852 Subject: Citizen Petition, Supplement Chloramphenicol Capsules USP, 250 mg Dear Sir/Madam: Armenpharm, Ltd. submits this supplement to the Citizen Petition submitted on February 7, 2011. …"
/content/drive/MyDrive/FDA Research/2011/FDA-2011-P-0081-0010_Determinations_that_Drugs_Were_Withdrawn_from_Sale.pdf,246fbd9fedf5,pdf,2,FDA-2011-P-0081,2011,petition,"41412 Federal Register / Vol. 77, No. 135 / Friday, July 13, 2012 / Notices drug product is equivalent to withdrawing the drug from sale. Lachman Consultant Services, Inc., submitted a citizen petition dated March 14, 2012 (Docket No. FDA–2012– P–0271), under 21 CFR 10.30, requesting that the Agency determine whether TOPOTECAN INJECTION (topotecan hydrochloride) 1 mg (base)/ 1 mL, 3 mg (base)/3 mL, 4 mg (base)/4 mL, was withdrawn from sale for reasons of safety or effectiveness. After consideri…"
/content/drive/MyDrive/FDA Research/2011/FDA-2011-P-0081-0011_Agency_Response_to_Armenpharm_Ltd.pdf,17cd0d948389,pdf,3,FDA-2011-P-0081,2011,petition,"DEPARTMENT OF HEALTH & HUMAN SERVICES Food and Drug Administration 10903 New Hampshire Avenue Building #51 Silver Spring, MD 20993 JUL 13 2012 I 3q Arthur P. Bedrosian President Armenpharm, Ltd. 49 South Ridge Road P.O. Box D1400 Pomona, NY 10970 Re: Docket No. FDA-2011-P-0081 Dear Mr. Bedrosian: This letter responds to your citizen petition received on February 8, 2011, requesting that that the Food and Drug Administration (FDA) determine whether Chloromycetin (Chloramphenicol) Capsules, 250 M…"
/content/drive/MyDrive/FDA Research/2011/FDA-2011-P-0081-0012_Notice_of_Approval_Suspension_for_ANDA_060851.pdf,dfa89ba2a2e7,pdf,5,FDA-2011-P-0081,2011,other,"DEPARTMENT OF HEALTH & HUMAN SERVICES Food and Drug Administration Silver Spring , MD 2 0993 ANDA 060851 Arthur P. Bedrosian, President Armenpharm, Ltd. 49 South Ridge Road P.O. Box D1400 Pomona, NY 10970 December 3, 2015 Docket No. FDA -2011 -P-0081 Dear Mr. Bedrosian: This letter references the abbreviated new drug application (ANDA) 060851 of Armenpharm, Ltd. (Armenpharm), for chloramphenicol capsules, 250 milligrams (mg). The Food and Drug Administration (FDA or the Agency) approve d this A…"
/content/drive/MyDrive/FDA Research/2011/FDA-2011-P-0081-0014_Response_to_CDER_for_Suspension_of_ANDA_Approval_f.pdf,6aaf74b9fe2a,pdf,7,FDA-2011-P-0081,2011,response/decision,"December 17, 2015 Armenpharm, Ltd. 49 South Ridge Road, P.O. Box 01400 Pomona, NY I 0970 Telephone: 845-354-7077 • Fax: 845-354-2808 info@armenpharm.com 8 7 0 9 15 DEC 18 A11 ;15 VIA OVERNIGHT MAIL and http://www.regulation s.gov Division of Dockets Management (HF A-305) Food and Drug Administration 5630 Fishers Lane, Room I 061 Rockville, MD 20852 ANDA: Docket: Subject: Product: 060851 FDA-2011 -P-0081 Suspension of ANDA Approval- Request for Reconsideration Chloramphenicol Capsules USP, 250 m…"
/content/drive/MyDrive/FDA Research/2011/FDA-2011-P-0081-0015_Acknowledgement_Letter_from_FDA_DDM_to_Armenpharm_.pdf,2122e7592eff,pdf,1,FDA-2011-P-0081,2011,petition,"DEPARTMENT OF HEALTH AND HUMAN SERVICES ___________________________________________________________________________________________________ ______ Food and Drug Administration Silver Spring , MD 20 993 12/23/2015 Arthur P. Bedrosian, President Armenpharm, Ltd. 49 South Ridge Road, P.O. Box D1400 Pomona, NY 10970 Via email to: apbedrosian@yahoo.com Dear Petitioner: Your request for reconsideration to the FDA requesting that the FDA consider not just whether the original NDA for Chloramphenicol C…"
/content/drive/MyDrive/FDA Research/2011/FDA-2011-P-0081-0021_Armenpharm__Ltd___Suspension_of_Approval_of_an_Abb.pdf,89798e25efc3,pdf,3,FDA-2011-P-0081,2011,comment,"64914 Federal Register / Vol. 81, No. 183 / Wednesday, September 21, 2016 / Notices comments to public dockets, see 80 FR 56469, September 18, 2015, or access the information at: http://www.fda.gov/ regulatoryinformation/dockets/ default.htm. Docket: For access to the docket to read background documents or the electronic and written/paper comments received, go to http://www.regulations.gov and insert the docket number, found in brackets in the heading of this document, into the ‘‘Search’’ box a…"
/content/drive/MyDrive/FDA Research/2011/FDA-2011-P-0081-0022_Withdrawal_from_Armenpharm_Ltd.pdf,7aa9c434d0bf,pdf,2,FDA-2011-P-0081,2011,other,"March 17, 2016 VIA http://www.regulations.gov Division ofDockets Management (HFA-305) Food and Dmg Administration 563 0 Fishers Lane, Room 1 061 Rockville, MD 20852 ANDA: Docket: 060851 FDA-2011-P-0081 Armenpha rm, Ltd. 49 South Ridge Road, P.O. Box 01400 Pomona, NY I 0970 Telephone: 845-354-7077 • Fax: 845-354-2808 info@armenpharm.com Subject: Product: Suspension of ANDA Approval -Withdraw of Hearing Request Chloramphenicol Capsules USP, 250 mg Dear Sir/Madam: Reference is made to the Request …"
/content/drive/MyDrive/FDA Research/2011/FDA-2011-P-0083-0001_Pharmacists_Planning_Services__Inc___PPSI____Citiz.pdf,b2c435fa4d1c,pdf,3,FDA-2011-P-0083,2011,petition,"purm:cists PJnnirg servce ire. 101 Lucas Valley Road, Suite 384 San Rafael, California 94903 Tel: (415) 479-8628 • Fax: (415) 479-8608 • e-mail: ppsi@aol.com ZOlI FEB -Cl A II: 00 February 3,2011 Documents Management Branch Food and Drug Administration Department of Health and Human Services 5600 Fishers Lane, Room 4-62 Rockville, MD 20852 Re: Citizen's Petition to remove Nonoxynol-9 (N-9) in condoms from USA distribution. The undersigned submits this Petition under Section 21 CFR 10.20 and 21 …"
/content/drive/MyDrive/FDA Research/2011/FDA-2011-P-0083-0002_Acknowledgement_Letter_to_Pharmacists_Planning_Ser.pdf,4f811dc68f3a,pdf,1,FDA-2011-P-0083,2011,petition,"DEPARTMENT OF HEALTH & HUMAN SERVICES Public Health Service Food and Drug Administration Rockville MD 20857 FILE COpy February 9, 2011 Frederick S. Mayer, R.Ph., M.P.H. President Pharmacists Planning Services, Inc. 101 Lucas Valley Road, Suite 384 San Rafael, CA 94903 Dear Dr. Mayer: Your petition to the Food and Drug Administration requesting to remove Nonoxynol-9 (N-9) in condoms from USA distribution, was received by this office on 02/09/2011. It was assigned docket number FDA-2011-P-0083-00…"
/content/drive/MyDrive/FDA Research/2011/FDA-2011-P-0083-0003_Interim_Response_Letter_from_FDA_CDRH_to_Pharmacis.pdf,70f48a1239a7,pdf,1,FDA-2011-P-0083,2011,petition,"DEPARTMENT OF HEALTH & HUMAN SERVICES FrederickS. Mayer, R.Ph, M.P.H. President Pharmacists Planning Services, Inc. 101 Lucas Valley Road, Suite 3 84 San Rafael, CA 94903 JUL 28 2011j Re: Citizen Petition- Docket Number FDA-2011-P-0083 Dear Mr. Mayer: Public Health Service Food and Drug Administration I 0903 New Hampshire Avenue Silver Spring, MD 20993 This is an interim response to your petition dated February 3, 2011, filed by the Food and Drug Administration (FDA) on February 9, 2011. In the…"
/content/drive/MyDrive/FDA Research/2011/FDA-2011-P-0083-0004_Withdrawal_from_American_College_of_Apothecaries_R.pdf,fdd6e71180a2,pdf,,FDA-2011-P-0083,2011,other,[PDF parse error: PyCryptodome is required for AES algorithm]
/content/drive/MyDrive/FDA Research/2011/FDA-2011-P-0086-0001_Johnson___Johnson_Pharmaceutical_Research__LLC____.pdf,1ee3b7d9bd0c,pdf,42,FDA-2011-P-0086,2011,other,
/content/drive/MyDrive/FDA Research/2011/FDA-2011-P-0086-0002_Acknowledgement_Letter_to_Johnson___Johnson_Pharma.pdf,a7d1dca687df,pdf,1,FDA-2011-P-0086,2011,petition,"DEPARTMENT OF HEALTH & HUMAN SERVICES Public Health Service Food and Drug Administration Rockville MD 20857 February 10, 2011 Bruce S. Manheim, Jr. Ropes & Gray, LLP One Metro Center, Suite 900 700 12 th Street, N.W. Washington, DC 20005 Dear Mr. Manheim: Your petition submitted behalf of Johnson & Johnson Pharmaceutical Research and Development, L.L.C. requesting the Food and Drug Administration to adopt and apply specific bioequivalence requirements in its review of proposed follow-on version…"
/content/drive/MyDrive/FDA Research/2011/FDA-2011-P-0086-0006_Janssen_Research_and_Development_LLC_Supplement.pdf,689160842b52,pdf,2,FDA-2011-P-0086,2011,petition,"Janssen Research & Development, LLC. Global Regulatory Affairs Neuroscience 6 6 0 3 13 ut-L, Janssen PIAARMACEI..VZAL COVPAPIIE P CF fk.fittfC11+4101311 December 10, 2013 Division of Dockets Management Food and Drug Administration Department of Health and Human Services 5630 Fishers Lane, Room 1061, HFA-305 Rockville, MD. 20852 Re: Submission of Supplement to Docket No. FDA-2011-P-0086-0001/CP Dear Sir or Madam, The above-referenced Citizen Petition was filed in February 2011 by Johnson & Johns…"
/content/drive/MyDrive/FDA Research/2011/FDA-2011-P-0086-0007_Supplement_from_Janssen.pdf,1ae6a5712a1d,pdf,61,FDA-2011-P-0086,2011,petition,"Janssen Research 8r. Development, LLC Global Regulatory Affairs 1125 Trenton-Harbourton Road, P.O. Box 200 Titusville NJ 08560 July 27, 2015 Division ofDockets Management (HFA 305) Food and Drug Administration Department of Health and Human Services 5630 Fishers Lane, Room 1061 Rockville, MD 20852 ~ Janssen T PHARMACEUTICAL COMPANIES OF goe.l\t""OH~g.ot»thOK Re: Second Supplement to Citizen Petition, Docket No. FDA-2011-P-0086-0001/CP Dear Sir or Madam: The above-referenced Citizen Petition was …"
/content/drive/MyDrive/FDA Research/2011/FDA-2011-P-0086-0008_Supplement_from_Janssen_Research_and_Development.pdf,7b4640387e53,pdf,11,FDA-2011-P-0086,2011,petition,"Janssen Research & Development, LLC . February 25, 2016 Division of Dockets Management (HFA 305) Food and Drug Administration Department of Health and Human Services 5630 Fishers Lane, Room 1061 Rockville, MD 20852 Re: Third Supplement to Citizen Petition, Docket No. FDA -2011 -P-0086- 0001/CP Dear Sir or Madam: As background, the above -referenced Citizen Petition was filed in February 2011 by Janssen Research & Development, LLC (“J anssen ”), a company in the Janssen Pharmaceutical Companies …"
/content/drive/MyDrive/FDA Research/2011/FDA-2011-P-0086-0009_Supplement_from_Janssen_Research_and_Development_L.pdf,3faf20aeb829,pdf,5,FDA-2011-P-0086,2011,petition,"Docket No. FDA-2011-P-0086-0001/CP Janssen Research & Development, LLC. Global Regulatory Affairs 1125 Trenton-Harbourton Road, P.O. Box 200 Titusville, NJ 08560 October 31, 2016 Division of Dockets Management (HF A 305) Food and Drug Administration Department of Health and Human Services 5630 Fishers Lane, Room 1061 Rockville, MD 20852 Janssen T Re: Fourth Supplement to Citizen Petition, Docket No. FDA-2011-P-0086-0001/CP Dear Sir or Madam: As you are aware, Janssen Research & Development, LLC…"
/content/drive/MyDrive/FDA Research/2011/FDA-2011-P-0086-0011_Agency_Response_Letter_to_Risperidone_Staleness.pdf,c5b4041cdcd9,pdf,2,FDA-2011-P-0086,2011,response/decision,
/content/drive/MyDrive/FDA Research/2011/FDA-2011-P-0086-0012_Agency_Response_Letter_to_Risperidone.pdf,e26ec9d1a739,pdf,1,FDA-2011-P-0086,2011,petition,"MEMORANDUM TO: Division of Dockets Management FROM: Nikki Mueller , Office of Regulatory Policy , DRP IV Center for Drug Evaluation and Research RE: Docket No. FDA -2011 -P-0086 DATE : June 15, 2022 Please consider the citizen petiti on in the above -referenced docket to have been voluntarily withdrawn without prejudice to resubmission. The citizen petition was submitted by Donald Heald on behalf of Johnson & Johnson Pharmaceutical Research and Development LLC . Dr. Heal d requested that any co…"
/content/drive/MyDrive/FDA Research/2011/FDA-2011-P-0087-0001_Navinta__LLC___Citizen_Petition.pdf,f3ba23cee85f,pdf,8,FDA-2011-P-0087,2011,petition,"r"".""•\ NAVINTA LLCJr. Pankaj Dave Vice President Regulatory Affairs Phone: 609 883 1135 Fax: 609 883 1137 Email: pankai.dave@navinta.com gad 2tiv,i2o1 February 9, 2011 VIA OVERNIGHT DELIVERY Division of Documents Management Food and Drug Administration Department of Health and Human Services 5630 Fishers Lane Room 1061 Rockville, MD 20852 CITIZEN PETITION The undersigned submits this petition under Section 505 of the Federal Food, Drug, and Cosmetic Act (FDC Act), 21 U.S.C. § 355, to request th…"
/content/drive/MyDrive/FDA Research/2011/FDA-2011-P-0087-0003_Acknowledgement_Letter_to_Navinta__LLC.pdf,427167db2c52,pdf,1,FDA-2011-P-0087,2011,petition,"(""~ m:PARTMENT OF HEALTH & HUMAN S}:RVICES Public Health Service '""O:~ Food and Drug Administration Rockville MD 20857 February 10,2011 filE COP! Dr. Pankaj Dave, PhD. Vice President Navinta LLC 1499 Lower Ferry Road Ewing, NJ 08618 Dear Dr. Dave: Your petition to the Food and Drug Administration requesting to refrain from approving any pending or new applications [submitted under 5050) or 505(b)(2)] of Iron Sucrose Injection drug product, therapeutically equivalent to Venofer®, was received by…"
/content/drive/MyDrive/FDA Research/2011/FDA-2011-P-0087-0004_FDA_CDER_to_Navinta_LLC___Petition_Denial.pdf,80b001a5c84c,pdf,4,FDA-2011-P-0087,2011,petition,"DEPARTMENT OF HEALTH & HUMAN SERVICES Food and Drug Administration Rockville MD 20857 AUG - 8 2011 Pankaj Dave, Ph.D. Vice President Regulatory Affairs Navinta LLC 1499 Lower Ferry Rd. Ewing, NJ 08618-1414 Re: Docket No. FDA-2011-P-0087 Dear Dr. Dave: This letter responds to your citizen petition dated February 9,2011 (Petition), requesting that the Food and Drug Administration (FDA or Agency) refrain from approving any pending or new applications submitted under section 5050) or 505(b)(2) ofth…"
/content/drive/MyDrive/FDA Research/2011/FDA-2011-P-0093-0001_Larken_Laboratories__Inc___Sovereign_Pharmaceutica.pdf,bffe3cbea3bd,pdf,4,FDA-2011-P-0093,2011,petition,"SOVEImIG ANDA Suitability Petition February 11, 2011 Division of Dockets Management Food and Drug Administration 5630 Fishers Lane Room 1061, HFA-305 Rockville, MD 20852 RE: ANDA Suitability Petition to reduce the amount of Butalbital in the RLD (Acetaminophen and Butalbital Tablets, 325 mg I 50 mg marketed by Valeant, ANDA #087811) in a proposed drug product Acetaminophen and Butalbital Tablets, 325 mg 125 mg. Dear Commissioner: Sovereign Pharmaceuticals, LLC on behalf of Larken Laboratories, …"
/content/drive/MyDrive/FDA Research/2011/FDA-2011-P-0093-0002_Acknowledgement_Letter_to_Sovereign_Pharmacuticals.pdf,ab8891b1c424,pdf,1,FDA-2011-P-0093,2011,petition,"aherti Karen Kennard, Acting Director Division of Dockets Management Office of Public Information and Library Services Office of Shared Services Office of Management,sER VICEs . DEPARTMENT OF HEALTH & HUMAN SERVICES Public Health Service 1 2:11 Food and Drug Administration Rockville MD 20857 February 14, 2011 Leonard Lawrence BS, MBA, RAC Manager, Regulatory Affairs Sovereign Pharmaceutical, LLC 7590 Sand Street Forth Worth, TX 76118FILE COPY Dear Mr. Lawrence: Your petition to the Food and Dru…"
/content/drive/MyDrive/FDA Research/2011/FDA-2011-P-0093-0004_Sovereign_Pharmaceuticals__LLC___Amendment.pdf,41720256233e,pdf,18,FDA-2011-P-0093,2011,petition,"SOVEImIG ANDA Suitability Petition February 11, 2011 Division of Dockets Management Food and Drug Administration 5630 Fishers Lane Room 1061, HFA-305 Rockville, MD 20852 RE: ANDA Suitability Petition to reduce the amount of Butalbital in the RLD (Acetaminophen and Butalbital Tablets, 325 mg I 50 mg marketed by Valeant, ANDA #087811) in a proposed drug product Acetaminophen and Butalbital Tablets, 325 mg 125 mg. Dear Commissioner: Sovereign Pharmaceuticals, LLC on behalf of Larken Laboratories, …"
/content/drive/MyDrive/FDA Research/2011/FDA-2011-P-0093-0005_Sovereign_Pharmaceuticals__LLC___Amendment.pdf,2028a65e37ab,pdf,5,FDA-2011-P-0093,2011,petition,"1111 SOVEREIGNM PilAP MACELlTi C LS.LLC--2011 JUN -2 A 11 : Lq Docket Number: 2011-P-0093 ANDA Suitability Petition Amendment June 1, 2011 Division of Dockets Management Food and Drug Administration 5630 Fishers Lane Room 1061, HFA-305 Rockville, MD 20852 RE: Amended and Reformatted ANDA Suitability Petition to make a single 2 tablet dose that is equal to the RLD 1 tablet dose in order to comply with Federal Register Notice to reduce the amount of Acetaminophen to 325 mg per dose unit. Proposed…"
/content/drive/MyDrive/FDA Research/2011/FDA-2011-P-0093-0006_Larken_Laboratories__Inc___Sovereign_Pharmaceutica.pdf,53ae513cdd90,pdf,2,FDA-2011-P-0093,2011,petition,"SOVEREIGN P 261t4 JI3Lm1 5 '4=E IBC ALS,LLC Docket Number: 2011-P-0093 ANDA Suitability Petition Amendment July 12, 2011 Division of Dockets Management Food and Drug Administration 5630 Fishers Lane Room 1061, HFA-305 Rockville, MD 20852 RE: Amendment to ANDA Suitability Petition to Submit revised Draft Labeling as per Agency Request A. Action Requested Sovereign Pharmaceuticals, LLC on behalf of Larken Laboratories, Inc submits this Amendment to ANDA Suitability Petition Docket Number 2011-P-0…"
/content/drive/MyDrive/FDA Research/2011/FDA-2011-P-0093-0007_FDA_2011_P_0093_pav.pdf,5746daf095e8,pdf,2,FDA-2011-P-0093,2011,petition,"Sovereign Pharmaceuticals, LLC Attention: Leonard Lawrence 75.90 Sand Street Fort Worth, TX 76118 Dear Mr. Lawrence: Food and Drug Administration Rockville MD 20857 . APR 1 8 21m ZOIZ APR I q p 2: I 5 Docket No. FDA-2011-P-0093 This is in response to your petition filed on February 14, 2011 and your amendments dated June 1 and July 12, 2011 requesting permission to file an Abbreviated New Drug Application (ANDA) for the following drug product: Acetaminophen and Butalbital Tablets,. 325 mg/25 mg…"
/content/drive/MyDrive/FDA Research/2011/FDA-2011-P-0096-0001_Larken_Laboratories__Inc___Sovereign_Pharmaceutica.pdf,78a093b0d0cc,pdf,4,FDA-2011-P-0096,2011,petition,"SOVEREIGNM ANDA Suitability Petition February 15, 2011 Division of Dockets Management Food and Drug Administration 5630 Fishers Lane Room 1061, HFA-305 Rockville, MD 20852 RE: ANDA Suitability Petition for a proposed drug product Acetaminophen, Caffeine, Dihydrocodeine Bitartrate Tablets, 325 mg / 30 mg / 16 mg based on the RLD (Acetaminophen, Caffeine, Dihydrocodeine Bitartrate Tablets, 712.8 mg / 60 mg / 32 mg ANDA #040316 marketed by Mikart) to comply with FDA 71= limit on the amount of acet…"
/content/drive/MyDrive/FDA Research/2011/FDA-2011-P-0096-0004_Acknowledgement_Letter_to_Larken_Laboratories__Inc.pdf,2b604bbefd16,pdf,1,FDA-2011-P-0096,2011,petition,"DEPARTMENT OF HEALTH & HUMAN SERVICES Public Health Service Food and Drug Administration Rockville MD 20857 February 16, 2011 Leonard Lawrence BS, MBA, RAC Manager, Regulatory Affairs Sovereign Pharmaceutical, LLC 7590 Sand Street Forth Worth, TX 76118 Dear Mr. Lawrence: Your petition to the Food and Drug Administration submitted on behalf of Larken Laboratories, Inc. to permit the filing of an Abbreviated New Drug Application (ANDA) for Acetaminophen, Caffeine, Dihydrocodeine Bitartrate Tablet…"
/content/drive/MyDrive/FDA Research/2011/FDA-2011-P-0096-0005_Larken_Laboratories__Inc___Sovereign_Pharmaceutica.pdf,0ffde84156d1,pdf,23,FDA-2011-P-0096,2011,petition,"SOVUPPM MA Docket Number: 2011-P-0096 ANDA Suitability Petition Amendment May 24, 2011 Division of Dockets Management Food and Drug Administration 5630 Fishers Lane Room 1061, HFA-305 Rockville, MD 20852 RE: Amended and Reformatted ANDA Suitability Petition for a proposed drug product Acetaminophen, Caffeine, Dihydrocodeine Bitartrate Tablets, 325 mg / 30 mg / 16 mg based on the RLD (Acetaminophen, Caffeine, Dihydrocodeine Bitartrate Tablets, 712.8 mg / 60 mg / 32 mg ANDA #040316 marketed by Mi…"
/content/drive/MyDrive/FDA Research/2011/FDA-2011-P-0096-0006_FDA_CDER_to_Sovereign_Pharmaceuticals_LLC_Petition.pdf,cc3acfb3e858,pdf,2,FDA-2011-P-0096,2011,petition,". ~ st.'RVICcs. +t- V.r -( .Iff_ DEPARTMENT OF HEALTH & HUMAN SERVICES ·~~~ :.th·na(;. Sovereign Pharmaceuticals , LLC Attention: Leonard Lawrence 7590 Sand Street Fort Worth, TX 76118 Dear Mr. Lawrence: SEP 2 7 2012 Food and Drug Administration Rockville MD 20857 I zn tz ocr -1 A q: t o Docket No. FDA-2011-P-0096 This is in response to your petition filed on February 16, 2011 on behalf ofLarken Laboratories requesting permission to file an Abbreviated New Drug Application (ANDA) for the follow…"
/content/drive/MyDrive/FDA Research/2011/FDA-2011-P-0106-0001_Lachman_Consultant_Services__Inc____Citizen_Petiti.pdf,993956e6058c,pdf,4,FDA-2011-P-0106,2011,petition,"LACHMAN CONSULTANT SERVICES, INC. CONSULTANTS TO THE PHARMACEUTICAL \ ALLIED INDL STRIES 1600 STEWART AVENUE, WESTBURY, NY 11590 (516) 222-6222 • FAX (516) 683-1887 February 22, 2011 2011 FE3 23 • H : 32 OVERNIGHT COURIER 2/22/11 Division of Dockets Management Food and Drug Administration (HFA-305) Department of Health and Human Services 5630 Fishers Lane, Room 1061 Rockville, MD 20852 Citizen Petition The undersigned, on behalf of a client, submits this petition in quadrupHcate under Section 5…"
/content/drive/MyDrive/FDA Research/2011/FDA-2011-P-0106-0006_Acknowledgement_Letter_to_Lachman_Consultant_Servi.pdf,6fb8a289a9d7,pdf,1,FDA-2011-P-0106,2011,petition,"tiDEPARTMENT OF HEALTH & HUMAN SERVICES Public Health Service Food and Drug Administration Rockville MD 20857,, February 23, 2011 Robert W. Pollock Executive Vice President Lachman Consultant Services, Inc. 1600 Stewart Avenue Westbury, NY 11590 Dear Mr. Pollock: Your petition to the Food and Drug Administration asking to declare that Butalbital and Acetaminophen Capsules, 50 ng/300 mg, is suitable for submission as an Abbreviated New Drug Application (ANDA), was received by this office on 02/2…"
/content/drive/MyDrive/FDA Research/2011/FDA-2011-P-0106-0007_Lachman_Consultant_Services__Inc_____Withdrawal_of.pdf,846432df8133,pdf,2,FDA-2011-P-0106,2011,petition,"LACHMAN CONSULTANT SERVICES, INC. CONSULTANTS TO THE PHARMACEUTICAL AND ALLIED INDUSTRIES 1600 STEWART AVENUE, WESTBURY, NY 11590 (516) 222-6222 • FAX (516) 683-1887 2011 MAR Il Aq: 28 March 16,2011 OVERNIGHT COURIER 3/16/11 Division of Dockets Management Food and Drug Administration (HFA-305) Department of Health and Human Services 5630 Fishers Lane, Room 1061 Rockville, MD 20852 Citizen Petition FDA-2011-P-0106 REQUEST TO WITHDRAW Dear Sir or Madam: Reference is made to the above cited petiti…"
/content/drive/MyDrive/FDA Research/2011/FDA-2011-P-0115-0001_Cypress_Pharmaceutical__Inc____Citizen_Petition.pdf,09889f2104d7,pdf,4,FDA-2011-P-0115,2011,petition,"•2011 FEB 25 A 9 : 39 February 24, 2011 Dockets Management Branch Food and Drug Administration Department of Health and Human Services HFA-305, Room 1061 5630 Fishers Lane Rockville, MD 20852 SUITABILITY PETITION Dear Sir or Madam: This petition is submitted by Cypress Pharmaceutical, Inc. (Cypress), pursuant to 21 CFR § 10.20 and § 10.30, as provided for in 21 CFR §314.93 and Section 505(j)(2)(c) of the Federal Food, Drug and Cosmetic Act, to request the Commissioner of FDA to declare that the…"
/content/drive/MyDrive/FDA Research/2011/FDA-2011-P-0115-0004_Acknowledgement_Letter_to_Cypress_Pharmaceutical__.pdf,dc64a6b3b494,pdf,1,FDA-2011-P-0115,2011,petition,"DEPARTMENT OF HEALTH & HUMAN SERVICES Public Health Service Food and Drug Administration Rockville MD 20857 February 25, 2011 Janet DeLeon, Director Cypress Pharmaceutical, Inc. P.O. Box 399 Madison, MS 39130 Dear Ms. DeLeon: Your petition to the Food and Drug Administration requesting to declare that Calcium Acetate Oral Solution, 667 mg/5 mL is suitable for submission as an Abbreviated New Drug Application, was received by this office on 2/25/2011. It was assigned docket number FDA-2011-P-011…"
/content/drive/MyDrive/FDA Research/2011/FDA-2011-P-0115-0005_Cypress_Pharmaceutical__Inc____Withdrawal.pdf,7864ed64f195,pdf,2,FDA-2011-P-0115,2011,petition,"PHARMACEUTICAL, INC. I JUL 1 2 A9 :13 July 11, 2011 Dockets Management Branch Food and Drug Administration Department of Health and Human Services HFA-305, Room 1061 5630 Fishers Lane Rockville, MD 20852 SUITABILITY PETITION WITHDRAWAL Dear Sir or Madam: Please reference the petition submitted on February 24, 2011, by Cypress Pharmaceutical, Inc. (Cypress), regarding Calcium Acetate Oral Solution, 667 mg/5 mL. At this time, Cypress withdrawals the petition from review. If there are any question…"
/content/drive/MyDrive/FDA Research/2011/FDA-2011-P-0120-0001_Pronova_BioPharma_Norge_AS__Pronova____Citizen_Pet.pdf,5dca1fe567f1,pdf,8,FDA-2011-P-0120,2011,petition,"Lysaker, February 25, 2011 2011 FEB 28 P 2 : 45 BY HAND DELIVERY Division of Dockets Management Food and Drug Administration Department of Health and Human Services 5630 Fishers Lane, Room 1061 Rockville, Maryland 20852 USA CITIZEN PETITION Pronova BioPharma Norge AS (""Pronova"") submits this Citizen Petition pursuant to the Federal Food, Drug, and Cosmetic Act (""FDC Act"") and the Food and Drug Administration's (""FDA's"" or the ""Agency's"") implementing regulations at 21 C.F.R. § 10.30 to request …"
/content/drive/MyDrive/FDA Research/2011/FDA-2011-P-0120-0009_Acknowledgement_Letter_to_Pronova_BioPharma_Norge_.pdf,259aa96bf37d,pdf,1,FDA-2011-P-0120,2011,petition,"Copy DEPARTMENT OF HEALTH & HUMAN SERVICES Public Health Service Food and Drug Administration Rockville MD 20857 February 28, 2011 Morten Jurs, Chief Executive Officer Pronova BioPharma Norge AS P.O. Box 420 NO-1327 Lyster Norway Dear Mr. Jurs: Your petition to the Food and Drug Administration requesting that FDA make the information discussed in this document available to the appropriate scientific reviewers within the Agency with responsibility for products containing fish oils . (including o…"
/content/drive/MyDrive/FDA Research/2011/FDA-2011-P-0120-0010_FDA_CDER_to_Pronova_BioPharma_Norge_AS___Petition_.pdf,ad54d7c1d5f1,pdf,2,FDA-2011-P-0120,2011,petition,"~ sl..vrCl&,.U . ""'''''~l-~'' DEPAR. TMENT OF HEAL.;rH & HUM. AN SERVIC. ES...f¡ E ~~ . - - - - - .'t'1.l+ "" "" - . ',...- - ,.'. ',"" _ ."", .~lt..!a .Food and Drug Administration Rockvile MD 20857 MAY 1 12011 Morten Jurs Chief Executive Officer Pronova BioPharma Norge AS .. PO Box 420 NO-1327 Lysaker Norway Re: Docket No. FDA-2011-P-0120 Dear. Mr. Jurs: This letter responds to your citizen petition submitted to the Food and Drug Administration (FDA or the Agency) on February 28,20 11. (Petition)…"
/content/drive/MyDrive/FDA Research/2011/FDA-2011-P-0127-0001_Baxter_Healthcare_Corporation__et_al____King___Spa.pdf,27ade5cd6b23,pdf,52,FDA-2011-P-0127,2011,petition,"KING & SPALDINGKing & Spalding LLP 1700 Pennsylvania Ave, NW Suite 200 1 Washington, D.C. 20006-4707 Tel: +1 202 737 0500 Fax: +1 202 626 3737 www.kslaw.com Christina M. Markus Direct Dial: 202-626-2926 cmarkusgkslaw.com01 February 28, 2011 • •■• Dockets Management Branch Food and Drug Administration 5630 Fishers Lane, Room 1061 (HFA-305) Rockville, Maryland 20852 CITIZEN PETITION The undersigned submits this petition on behalf of Baxter IIealthcare Corporation, Baxter International Inc., and B…"
/content/drive/MyDrive/FDA Research/2011/FDA-2011-P-0127-0002_Acknowledgement_Letter_to_Baxter_Healthcare_Corpor.pdf,8ffc599c3ee6,pdf,1,FDA-2011-P-0127,2011,petition,"-650A: Gloria Ortega Division of Dockets Management Office of Public Information and Library Services Office of Shared Services Office of Management DEPARTMENT OF HEALTH & HUMAN SERVICES Public Health Service Food and Drug Administration Rockville MD 20857 March 1, 2011 Christina M. Markus, Attorney King & Spalding LLP 1700 Pennsylvania Avenue, NW Suite 200 Washington, D.C. 20006-4707 Dear Ms. Markus: Your petition to the Food and Drug Administration submitted on behalf of Baxter Healthcare Cor…"
/content/drive/MyDrive/FDA Research/2011/FDA-2011-P-0127-0007_FDA_CDER_to_Baxter_Healthcare_Corporation__et_al__.pdf,b3a697c6537e,pdf,8,FDA-2011-P-0127,2011,petition,"D'EPARTMENT OF HEALTH &. HUMAN SERVICES Food and Drug Administration Rockville MD 20857 JUN 7 2011 Christina M. Markus King & Spalding LLP 1700 Pennsylvania Ave., NW Suite 200 Washington, DC 20006-4707 Re: Docket No. FDA-2011-P-0127 Dear Ms. Markus: This letter responds to your citizen petition submitted on behalf of Baxter Healthcare Corporation, Baxter International Inc., and Baxter Healthcare SA (collectively, Baxter), which was received by the Food and Drug Administration (FDA or Agency) on…"
/content/drive/MyDrive/FDA Research/2011/FDA-2011-P-0128-0001_ISTA_Pharmaceuticals__Inc___Covington___Burling_LL.pdf,158d576403b1,pdf,36,FDA-2011-P-0128,2011,petition,"COVINGTON & BURLING L L P 1201 PENNSYLVANIA AVENUE NW WASHINGTON, DC 20004-2401 TEL 202.662.6000 FAX 202.662.6291 WWW.COV.COMBEIJING BRUSSELS LONDON NEW YORK SAN DIEGO SAN FRANCISCO SILICON VALLEY WASHINGTONPETER 0. SAF1R TEL 202.662.5162 FAX 202.778.5162 PSAFIR COV.COM March 1, 2011 c:;\ BY HAND Dockets Management Branch Food & Drug Administration 5630 Fishers Lane, Room 1061 Rockville, MD 20852 Dear Sir/Madam: Enclosed please find one signed original and two copies of a Citizen Petition to be…"
/content/drive/MyDrive/FDA Research/2011/FDA-2011-P-0128-0002_Acknowledgement_Letter_to_ISTA_Pharmaceuticals__In.pdf,8e6f35df1f0d,pdf,1,FDA-2011-P-0128,2011,petition,"DEPARTMENT OF HEALTH & HUMAN SERVICES Public Health Service Food and Drug Administration Rockville MD 20857 March 1, 2011 Peter 0. Safir Covington & Burling LLP 1201 Pennsylvania Avenue NW Washington, DC 20004-2401 Dear Mr. Safir: Your petition to the Food and Drug Administration submitted on behalf of ISTA Pharmaceuticals, Inc. requesting to refrain from granting tentative or final approval of any abbreviated new drug application for bromfenac ophthalmic solution that utilizes the labeling for…"
/content/drive/MyDrive/FDA Research/2011/FDA-2011-P-0128-0003_ISTA_Pharmaceuticals__Inc___Covington___Burling_LL.pdf,c46610e7a894,pdf,2,FDA-2011-P-0128,2011,petition,"COVINGTON & BURLING LLP 1201 PENNSYLVANIA AVENUE NW WASHINGTON, DC 20004-2401 TEL 202.662.6000 PAX 202.662.6291 WWW.COV.COMBEIJING BRUSSELS LONDON NEW YORK SAN DIEGO SAN FRANCISCO SILICON VALLEY WASHINGTON4273 11 MAR -3 P 3 :06 March 3, 2011 BY HAND Dockets Management Branch Food & Drug Administration 5630 Fishers Lane, Room 1061 Rockville, MD 20852 Dear Sir/Madam: Pursuant to 21 C.F.R. § 10.35(g), ISTA Pharmaceuticals, Inc. hereby amends its Citizen Petition filed on March 1, 2011 in docket FD…"
/content/drive/MyDrive/FDA Research/2011/FDA-2011-P-0128-0004_FDA_CDER_to_ISTA_Pharmaceuticals___Petition_Denial.pdf,28741254ab1b,pdf,17,FDA-2011-P-0128,2011,petition,"l:~ DEPARTMET OF HEALTH &. HUMA SERVICES~+~+,~~ Food and Drug Administration Rockville MD 20857 MAY 1 1 2011 Marin J. Garett 1ST A Pharmaceuticals 15279 Alton Parkway, Suite 100 Irvine, California 92618 Peter Safir Covington & Burling 1201 Pennsylvania Avenue, NW Washington, DC 20004-2401 Re: Docket Nos. FpA-2008-P-0368 and FDA-2011-P-0128 Dear Mr. Garett and Mr. Safir: This letter responds to two citizen petitions from ISTA Pharmaceuticals (Ista) that raise issues regarding applications for op…"
/content/drive/MyDrive/FDA Research/2011/FDA-2011-P-0128-0005_Determination_That_Products_Were_Not_Withdrawn_fro.pdf,bc4c65c8b270,pdf,2,FDA-2011-P-0128,2011,other,"28045 Federal Register / Vol. 76, No. 93 / Friday, May 13, 2011 / Notices Dated: May 9, 2011. Leslie Kux, Acting Assistant Commissioner for Policy. [FR Doc. 2011–11744 Filed 5–12–11; 8:45 am] BILLING CODE 4160–01–P DEPARTMENT OF HEALTH AND HUMAN SERVICES Food and Drug Administration [Docket No. FDA–2010–N–0355] Agency Information Collection Activities; Announcement of Office of Management and Budget Approval; Current Good Manufacturing Practice in Manufacturing, Packaging, Labeling, or Holding …"
/content/drive/MyDrive/FDA Research/2011/FDA-2011-P-0150-0001_SureTek_Medical___Citizen_Petition.pdf,b178bd24cede,pdf,20,FDA-2011-P-0150,2011,petition,"5444eTt44441 Surgical Resource TechnologyPetition for Action by CDRH to Enforce MDUFMA 302.b for Reprocessors of Single Use Electrosurgical Devices that Fail to Submit Validation Data for FDA Review Dockets Management Branch Food and Drug Administration (FDA) Room 1601 5630 Fishers Lane Rockville, MD 20852 March 7, 2011 2011 M4R -8 12: 05 To whom it may concern, The undersigned submits this petition under Section 302.b of the Medical Device User Fees and Modernization Act (MDUFMA) of 2002 to re…"
/content/drive/MyDrive/FDA Research/2011/FDA-2011-P-0150-0002_Acknowledgement_Letter_to_SureTek_Medical.pdf,dc46a3cce9c4,pdf,1,FDA-2011-P-0150,2011,petition,"DEPARTMENT OF HEALTH & HUMAN SERVICES Public Health Service Food and Drug Administration Rockville MD 20857 March 8, 2011 Mike Sammon, CEO/President Sure Tek Medical 25 Maple Creek Circle, Suite B Greenville, SC 29607 Dear Dr. Sammon: Your petition to the Food and Drug Administration regarding the enforcement of the premarket notification requirements of the Act with respect to reprocessed single-use devices, was received by this office on 3/08/2011. It was assigned docket number FDA-2011-P-015…"
/content/drive/MyDrive/FDA Research/2011/FDA-2011-P-0150-0003_Interim_Response_to_SureTek_Medical___Letter.pdf,2ce54e1afc54,pdf,1,FDA-2011-P-0150,2011,response/decision,
/content/drive/MyDrive/FDA Research/2011/FDA-2011-P-0150-0004_Final_Response_from_FDA_CDRH_to_SureTek_Medical.pdf,f80430bbb8a3,pdf,1,FDA-2011-P-0150,2011,response/decision,
/content/drive/MyDrive/FDA Research/2011/FDA-2011-P-0151-0001_Brian_C__Mandingo___Citizen_Petition_.pdf,d14685042f16,pdf,5,FDA-2011-P-0151,2011,petition,"p FMarch 4, 2011 Dockets Management Branch Food and Drug Administration Department of Health and Human Services Room 1061 5630 Fishers Lane Rockville, MD 208572011 MAP -8 P 2 42 CITIZEN PETITION Dear Sir or Madam: The undersigned submits this petition under sections 301, 302, 303, 304, and 502 of the Federal Food, Drug, and Cosmetic Act to request that the Commissioner of Food and Drugs seek an injunction against the use by the Church of Scientology and its affiliated entities of the ""E- Meter,…"
/content/drive/MyDrive/FDA Research/2011/FDA-2011-P-0151-0002_Acknowledgement_Letter_to_Brian_C__Mandingo.pdf,24dec7010e08,pdf,1,FDA-2011-P-0151,2011,petition,"DEPARTMENT OF HEALTH & HUMAN SERVICES Public Health Service Food and Drug Administration Rockville MD 20857 FILE COPY March 8, 2011 Brian C. Mandingo Dear Mr. Mandingo: Your petition to the Food and Drug Administration requesting to take enforcement action against the Church of Scientology and its affiliated entities for their unsanctioned use of the ""E-Meter"", was received by this office on 3/08/2011. It was assigned docket number FDA-2011-P-0151-0001/CP, and it was filed on 3/08/2011. Please …"
/content/drive/MyDrive/FDA Research/2011/FDA-2011-P-0166-0001_Lachman_Consultant_Services__Inc____Citizen_Petiti.pdf,2a602b8a19ee,pdf,4,FDA-2011-P-0166,2011,petition,"LACHMAN CONSULTANT SERVICES, INC. CONSULTANTS TO THE PHARMACEUTICAL AND ALLIED INDUSTRIES 1600 STEWART AVENUE, WESTBURY, NY 11590 (516) 222-6222 • FAX (516) 683-1887 March 16, 2011 2OH MR I 1 A 2b OVERNIGHT COURIER 3/16/11 Division of Dockets Management Food and Drug Administration (HFA-305) Department of Health and Human Services 5630 Fishers Lane, Room 1061 Rockville, MD 20852 Citizen Petition Dear Sir or Madam: The undersigned submits this petition, in quadruplicate, pursuant to Section 505(…"
/content/drive/MyDrive/FDA Research/2011/FDA-2011-P-0166-0004_Acknowledgement_Letter_to_Lachman_Consultant_Servi.pdf,696b2f4337dd,pdf,1,FDA-2011-P-0166,2011,petition,"DEPARTMENT OF HEALTH & HUMAN SERVICES Public Health Service Food and Drug Administration Rockville MD 20857 March 17, 2011 Robert W. Pollock Executive Vice President Lachman Consultant Services, Inc. 1600 Stewart Avenue Westbury, NY 11590 Dear Mr. Pollock: Your petition to the Food and Drug Administration to Declare that the product Ondansetron Effervescent Tablets 8 mg is suitable for submission as an abbreviated new drug application (ANDA), was received by this office on 03/17/2011. It was as…"
/content/drive/MyDrive/FDA Research/2011/FDA-2011-P-0166-0005_Lachman_Consultant_Services__Inc____Amendment.pdf,f587f20cc459,pdf,21,FDA-2011-P-0166,2011,petition,"suchLACHMAN CONSULTANT SERVICES 9 INC. CONSULTANTS TO THE PHARMACEUTICAL AND ALLIED INDUSTRIES 1600 STEWART AVENUE, WESTByty, NY 11590 440 (616) 211-622rR (Atii 601887 April 18, 2011 OVERNIGHT COURIER 4/18/2011 Division of Dockets Management Food and Drug Administration (HFA-305) Department of Health and Human Services 5630 Fishers Lane, Room 1061 Rockville, MD 20852 Citizen Petition — AMENDMENT to FDA-2011-P-0166 Dear Sir or Madam: The undersigned submits this amendment to the above listed pet…"
/content/drive/MyDrive/FDA Research/2011/FDA-2011-P-0166-0006_FDA_CDER_to_Lachman_Consulting_Services_Inc___Peti.pdf,7554a531a492,pdf,2,FDA-2011-P-0166,2011,petition,"DEPARTMENT OF HEALTH & HUMAN SERVICES Lachman Consulting Services, Inc. Attention: Robert W. Pollock 1600 Stewart A venue Westbury, NY 11590 Dear Mr. Pollock: JUN 1 9 Z01{ Food and Drug Administration Rockville MD 20857 Docket No. 2011-P-0166 This is in response to your petition filed on March 17, 2011 and your amendment dated April 18, 2011, requesting permission to file an Abbreviated New Drug Application (ANDA) for the following drug product: Ondansetron Effervescent Tablets, 4 mg and 8 mg. …"
/content/drive/MyDrive/FDA Research/2011/FDA-2011-P-0167-0001_Lachman_Consultant_Services__Inc____Citizen_Petiti.pdf,1627e605a27b,pdf,25,FDA-2011-P-0167,2011,petition,"LACHMAN CONSULTANT SERVICES INC. CONSULTANTS TO THE PHARMACEUTICAL AND ALLIED INDUSTRIES 1600 STEWART AVENUE, WESTBURY, NY 11590 (516) 222-6222 • FAX (516) 683-1887 211H MAR 11 A g: 2g March 16, 2011 OVERNIGHT COURIER 3/16/11 Division of Dockets Management Food and Drug Administration (HFA-305) Department of Health and Human Services 5630 Fishers Lane, Room 1061 Rockville, MD 20852 Citizen Petition Dear Sir or Madam: The undersigned, on behalf of a client, submits this petition in quadruplicate…"
/content/drive/MyDrive/FDA Research/2011/FDA-2011-P-0167-0002_Acknowledgement_Letter_to_Lachman_Consultant_Servi.pdf,49ac7ad9940d,pdf,1,FDA-2011-P-0167,2011,petition,"March 17, 2011 r rinrvi2 [Li:. t9Lr .,,,$°""'`E'• DEPARTMENT OF HEALTH & HUMAN SERVICES Public Health Service Food and Drug Administration Rockville MD 20857 Robert W. Pollock Executive Vice President Lachman Consultant Services, Inc. 1600 Stewart Avenue Westbury, NY 11590 Dear Mr. Pollock: Your petition to the Food and Drug Administration to declare that Butalbital and Acetaminophen Capsules, 50 mg/300 mg is suitable for submission as an abbreviated new drug application (ANDA), was received by …"
/content/drive/MyDrive/FDA Research/2011/FDA-2011-P-0167-0003_FDA_CDER_to__Lachman_Consultant_Services__Inc___Pe.pdf,b2e3f166e1be,pdf,2,FDA-2011-P-0167,2011,petition,"(''~ DEPARTMENT OF HEALTII & HUMAN SERVICES ~.,4 Lachman Consultant Services, Inc. Attention: Robert W. Pollock 1600 Stewart Avenue Westbury, NY 11590 Dear Mr. Pollock: JUL 0 7 2012 Food and Drug Administration Rockville MD 20857 ~r·z """" _(! L! Docket No. FDA-2011-P-0167 This is in response to your petition filed on March 17, 2011 requesting permission to file an Abbreviated New Drug Application (ANDA) for the following drug product: Butalbital and Acetaminophen Capsules, 50 mg/300 mg. The list…"
/content/drive/MyDrive/FDA Research/2011/FDA-2011-P-0173-0001_Hospira__Inc____Citizen_Petition.pdf,c947691021f8,pdf,4,FDA-2011-P-0173,2011,petition,"~ HOSplra March 17,2011 ZOlI MAR I 8 A"": 3 0 Division of Dockets Management I Food and Drug Administration Department of Health and Human Services 5630 Fishers Lane, Room 1061 Rockville, MD 20852 Citizen Petition The undersigned submits this Citizen Petition, in quadruplicate, pursuant to Section 5050(j)(2)(C) ofthe Federal Food, Drug and Cosmetic Act, and in accordance with 21 CFR 10.20(a), 10.30 and 314.93 to request that FDA amend the Approved Drug Products with Therapeutic Equivalence Evalu…"
/content/drive/MyDrive/FDA Research/2011/FDA-2011-P-0173-0002_Acknowledgement_Letter_to_Hospira__Inc_.pdf,24a9e40ee820,pdf,1,FDA-2011-P-0173,2011,petition,"DEPARTMENT OF HEALTH & HUMAN SERVICES Public Health Service Food and Drug Administration Rockville MD 20857 March 18, 2011!f -■4. fra Y`y ) akbais ' 1 a a' COY Mark J. Kopulos Product Manager Hospira, Inc. 275 North Field Drive Dept. 389, Building H2 Lake Forest, IL 60045 Dear Mr. Kopulos: Your petition to the Food and Drug Administration to designate Sanofi-Aventis drug product, CLAFORAN@ (cefotazime for injection) 1g and 2g in ADD-Vantage@ Vial for purposes of submitting an Abbreviated New Dr…"
/content/drive/MyDrive/FDA Research/2011/FDA-2011-P-0173-0003_Interim_Response_to_Hospira__Inc_.pdf,77e21f3b87dd,pdf,1,FDA-2011-P-0173,2011,petition,"Hflt-30j­ Food and Drug Administration Rockville MD 20857 SEP 14 2011 2011 SEP r b A 1/: 2b Mark J. Kopulos Product Manager, Global Regulatory Affairs Hospira, Inc. 275 North Field Drive, Dept. 389, Building H2 Lake Forest, IL 60045 Re: Docket No. FDA-2011-P-0173 Dear Mr. Kopulos: I am writing to inform you that the Food and Drug Administration (FDA) has not yet resolved the issues raised in your citizen petition received on March 18, 2011. Your petition requests that the Agency designate CLAFO…"
/content/drive/MyDrive/FDA Research/2011/FDA-2011-P-0173-0004_FDA_CDER_to_Hospira__Inc____Petiton_Approval.pdf,fd0c8ed56e5d,pdf,5,FDA-2011-P-0173,2011,petition,"tl "",tRVICIS. ('Æ.v~,~""~~DEPARTMENT OF HEALTH &. HUMAN SERVICES MAR 2 a 2012Food and Drug Administration Rockvile MD 20857 ""Mark 1. Kopulos Product Manager, Global Regulatory Affairs Hospira, Inc. , 275 North Field Drive Dept. 389, Building H2 Lake Forest, IL 60045 Re: Docket Nos. FDA-2011-P-0059 and FDA-2011-P-0173 Dear Mr. Kopulos: This letter responds to two citizen petitions you submitted dated January 25, 2011, and March 17,2011, in the dockets noted above. In the January 25, 2011, petitio…"
/content/drive/MyDrive/FDA Research/2011/FDA-2011-P-0182-0001_Watson_Laboratories__Inc____Citizen_Petition.pdf,c30815914c4e,pdf,4,FDA-2011-P-0182,2011,petition,"Watson° 2011 MAR 22 A 20 March 21, 2011 Via FedEx''' Division of Dockets Management Food and Drug Administration Department of Health and Human Services (HFA-305) 5630 Fishers Lane Room 1061 Rockville, MD 20852 Citizen Petition Dear Sir or Madam: The undersigned submits this petition in quadruplicate pursuant to 21 CFR §10.25 and 10.30 and in accordance with the regulations at 21 CFR §314.161 to request the Commissioner of the Food and Drug Administration (""FDA"") to provide a determination whet…"
/content/drive/MyDrive/FDA Research/2011/FDA-2011-P-0182-0002_Acknowledgement_Letter_to_Watson_Laboratories__Inc.pdf,b860f1f1eadf,pdf,1,FDA-2011-P-0182,2011,petition,"DEPARTMENT OF HEALTH & HUMAN SERVICES Public Health Service Food and Drug Administration Rockville MD 20857 r ar rn v! 1;;,. r-4 "" 6 March 22, 2011 Janie M. Gwinn Director, Regulatory Affairs Watson Laboratories, Inc. 311 Bonnie Circle Corona, CA 92880-2882 Dear Ms. Gwinn: Your petition to the Food and Drug Administration requesting to determine whether Opana® ER (oxymorphone hydrochloride) Extended-Release Tablets, 7.5 mg and 15 mg have been voluntarily withdrawn, discontinued or withheld from…"
/content/drive/MyDrive/FDA Research/2011/FDA-2011-P-0182-0003_Determinations_that_Drugs_were_Not_Withdrawn_from_.pdf,5ada5564e8da,pdf,2,FDA-2011-P-0182,2011,petition,"53908 Federal Register / Vol. 76, No. 168 / Tuesday, August 30, 2011 / Notices ‘‘Discontinued Drug Product List’’ section of the Orange Book. Lachman Consultant Services, Inc., submitted a citizen petition dated June 7, 2011 (Docket No. FDA–2011–P– 0460), under 21 CFR 10.30, requesting that the Agency determine whether TALWIN COMPOUND (aspirin; pentazocine HCl) tablets, 325 mg; EQ 12.5 mg base, have been voluntarily withdrawn or withheld from sale for reasons of safety or effectiveness. After c…"
/content/drive/MyDrive/FDA Research/2011/FDA-2011-P-0182-0004_FDA_CDER__to_Watson_Laboratories__Inc____Letter.pdf,5c836c997d92,pdf,3,FDA-2011-P-0182,2011,petition,"DEPARTMENT OF HEALTH & HUMAN SERVICES Food and Drug Administration Rockville MD 20857 AUG 3 a 2011 - . Janie M. Gwinn - Director, Regulatory Affairs Watson Laboratories, Inc. tB I 311 Bonnie Circle 00 Corona, CA 92880-2882 Re: Docket No. FDA-2011-P-0182 Dear Ms. Gwinn: This letter responds to your citizen petition received on March 22, 2011, requesting that the Food and Drug Administration (FDA) determine whether OPANA ER (oxymorphone hydrochloride (HCl)) extended-release tablets, 7.5 milligram…"
/content/drive/MyDrive/FDA Research/2011/FDA-2011-P-0186-0001_Nexus_Pharmaceuticals__Inc____Citizen_Petition.pdf,ba13d03037d5,pdf,6,FDA-2011-P-0186,2011,petition,"IEINEXUS PHARMACEUTICALS, INC. VIA COURIER 2011 MAR 22 P 12 : 3 b March 17, 2011 Division of Dockets Management Food and Drug Administration (HFA-305) Department of Health and Human Services 5630 Fishers Lane, Room 1061 Rockville, MD 20852 SUITABILITY PETITION Dear Sir or Madam: This petition is submitted pursuant to 21 CFR §10.20 and §10.30, as provided for in 21 CFR §314.93 and Section 505(j)(2)(c) of the Federal Food, Drug, and Cosmetic Act, to request the Commissioner of the Food and Drug A…"
/content/drive/MyDrive/FDA Research/2011/FDA-2011-P-0186-0004_Acknowledgement_Letter_to_Nexus_Pharmaceuticals__I.pdf,c41aea8e9038,pdf,1,FDA-2011-P-0186,2011,petition,"DEPARTMENT OF HEALTH & HUMAN SERVICES Public Health Service Food and Drug Administration Rockville MD 20857 March 22, 2011 FILE COPY Shahid Ahmed Co-President Nexus Pharmaceuticals, Inc. 175 E. Hawthorn Parkway Suite 155 Vernon Hills, IL 60061 Dear Mr. Ahmed: Your petition to the Food and Drug Administration to declare that Levetiracetam Injection 1000 mgNial is suitable for submission as an abbreviated new drug application (ANDA), was received by this office on 03/22/2011. It was assigned dock…"
/content/drive/MyDrive/FDA Research/2011/FDA-2011-P-0186-0006_Nexus_Pharmaceuticals__Inc____Amendment.pdf,ca0047916c01,pdf,5,FDA-2011-P-0186,2011,petition,"IEINEXUS PHARMACEUTICALS, INC. VIA COURIER 20M JUL 2 1 P 3 : 15 July 21, 2011 Division of Dockets Management Food and Drug Administration (HFA-305) Department of Health and Human Services 5630 Fishers Lane, Room 1061 Rockville, MD 20852 AMENDED SUITABILITY PETITION 11P-0186 Dear Sir or Madam: This amended petition is submitted after discussion with Mr. Johnny Young, Regulatory Reviewer, Regulatory Support Branch, OGD, FDA dated July 14, 2011and pursuant to 21 CFR §10.20 and §10.30, as provided …"
/content/drive/MyDrive/FDA Research/2011/FDA-2011-P-0209-0001_K_L_Gates__LLP___Citizen_Petition.pdf,15f4edc8ae8b,pdf,2,FDA-2011-P-0209,2011,petition,"K&L1GATESK811 Gates LLP 1601 K Street NW Washington, DC 20006-1600 T 202.778.9000 www.klgates.com 4349 11 MAR 25 P12 33 March 25, 2011 Division of Dockets Management Food and Drug Administration Department of Health and Human Services (HFA-305) 5630 Fishers Lane - Room 1061 Rockville, MD 20852 CITIZEN PETITION Dear Sir or Madam: The undersigned submits this petition in quadruplicate in accordance with the procedural requirements set forth in 21 C.F.R. § 10.30 and 21 C.F.R. § 314.161, requesting…"
/content/drive/MyDrive/FDA Research/2011/FDA-2011-P-0209-0003_Acknowledgement_Letter_to_K_L_Gates__LLP.pdf,f617aad55f4c,pdf,1,FDA-2011-P-0209,2011,petition,"DEPARTMENT OF HEALTH & HUMAN SERVICES Public Health Service Food and Drug Administration Rockville MD 20857 FILE COPY March 25, 2011 Ann Begley K&L Gates LLP 1601 K Street, NW Washington, DC 20006 Dear Ms. Begley: Your petition to the Food and Drug Administration requesting to make a determination that Opanae ER Tablets, 7.5 mg and 15 mg were not discontinued from sale for safety or effectiveness reasons , was received by this office on 03/25/2011. It was assigned docket number FDA-2011-P-0209-…"
/content/drive/MyDrive/FDA Research/2011/FDA-2011-P-0209-0004_Determinations_that_Drugs_were_Not_Withdrawn_from_.pdf,5ada5564e8da,pdf,2,FDA-2011-P-0209,2011,petition,"53908 Federal Register / Vol. 76, No. 168 / Tuesday, August 30, 2011 / Notices ‘‘Discontinued Drug Product List’’ section of the Orange Book. Lachman Consultant Services, Inc., submitted a citizen petition dated June 7, 2011 (Docket No. FDA–2011–P– 0460), under 21 CFR 10.30, requesting that the Agency determine whether TALWIN COMPOUND (aspirin; pentazocine HCl) tablets, 325 mg; EQ 12.5 mg base, have been voluntarily withdrawn or withheld from sale for reasons of safety or effectiveness. After c…"
/content/drive/MyDrive/FDA Research/2011/FDA-2011-P-0209-0005_FDA_CDER__to_K_L_Gates__LLP___Letter.pdf,15c4657f5343,pdf,3,FDA-2011-P-0209,2011,petition,"(""4 DEPARTMENT OF HEALTH 8> HUMAN SERVICES <·'It""~ Food and Drug Administration Rockville MD 20857 . Ann Begley K&L Gates LLP 1601 K Street, NW Washington, DC 20006 Re: Docket No. FDA-2011-P-0209 Dear Ms. Begley: This letter responds to your citizen petition received on March 25,2011, requesting that the Food and Drug Administration (FDA) determine that OPANA ER (oxymorphone hydrochloride (HCI)) extended-release tablets, 7.5 milligrams (mg) and 15 mg (new drug application 21-610), were not with…"
/content/drive/MyDrive/FDA Research/2011/FDA-2011-P-0213-0001_CSL_Behring___Citizen_Petition.pdf,397becdd0fa4,pdf,20,FDA-2011-P-0213,2011,petition,"Since er Turner resident CSL Behring ri;) AP.. 213 CSL Behring is a company of CSL Limited. C,FCSL Behring Tel 610.878.4000 1020 First Avenue www.cslbehring.com PO Box 61 501 King of Prussia, PA 19406-0901 2011 MAR 28 A II: CSL Behring March 25, 2011 Division of Dockets Management Food and Drug Administration Department of Health and Human Services 5630 Fishers Lane, rm. 1061 Rockville, MD 20852. Re: Citizen Petition Filing CERTIFIED, RETURN RECEIPT REQUESTED Dear Director of Dockets Management…"
/content/drive/MyDrive/FDA Research/2011/FDA-2011-P-0213-0012_Acknowledgement_Letter_to_CSL_Behring.pdf,3b94bf5efd8b,pdf,1,FDA-2011-P-0213,2011,petition,"DEPARTMENT OF HEALTH & HUMAN SERVICES Public Health Service Food and Drug Administration Rockville MD 20857 FILE COPY March 28, 2011 Peter Turner President CSL Behring 1020 First Avenue P.O. Box 61501 King of Prussia, PA 19406-0901 Dear Mr. Turner: Your petition to the Food and Drug Administration requesting to revoke the orphan drug designation and exclusivity given to Wilate®, manufactured by Octa Pharma, and to refrain from making any orphan drug designations and approval decisions based on …"
/content/drive/MyDrive/FDA Research/2011/FDA-2011-P-0213-0014_Interim_Response_to_CSL_Behring___Letter.pdf,e57d212b044a,pdf,1,FDA-2011-P-0213,2011,petition,"It DEPARTMENT OF HEALTH & HUMAN SERVICES Public Health Service Office of Orphan Products Development Food and Drug Administration 10903 New Hampshire Ave. W032-5271 Silver Spring, MD 20993 SEP 23 2011 Peter Turner, President CSL Behring 1020 First Avenue P0 Box 61501 King of Prussia, PA 19406-0901 Re: Docket No. FDA-2011-P-0213 Dear Mr. Turner: I am writing to inform you that the Food and Drug Administration (FDA or Agency) has not yet resolved the issues raised in your citizen petition receive…"
/content/drive/MyDrive/FDA Research/2011/FDA-2011-P-0213-0016_CSL_Behring_Supplement.pdf,ef66dfb2dcea,pdf,10,FDA-2011-P-0213,2011,petition,"12/13/2011 17:34 FAX REED SMITH Z002 Paul R. Perreault 1020 First Avenue President PO Box 61501 King of Prussia, PA 19406-0901Tel: 610.878AB23 paul.perreault@cs lbehl ing.com Behring MI DEC ILI A 09 November 7, 2011 Division of Dockets Management Food and Drug Administration Department of Health and Human Services 5630 Fishers Lane, Rin, 1061 Rockville, MD 20852 Re: Citizen Petition Docket Number FDA 2011-P-0213 — Supplemental Comment by CSL Behring Dear Sir or Madam: CSL Baring (""CSLB"") submit…"
/content/drive/MyDrive/FDA Research/2011/FDA-2011-P-0213-0017_FDA_OC_to_CSL_Behring__Petition_Part_Approval_and_.pdf,e5e4a364f562,pdf,16,FDA-2011-P-0213,2011,petition,
/content/drive/MyDrive/FDA Research/2011/FDA-2011-P-0226-0001_Hyman__Phelps___McNamara__P_C____Citizen_Petition.pdf,943dccabd0c3,pdf,3,FDA-2011-P-0226,2011,petition,"Direct Dial (202) 737-7544 KURT R. KARSTLAW OFFICES HYMAN, PHELPS 8 MCNAMARA, P.C. 700 THIRTEENTH STREET, N.W. SUITEI200 WASHINGTON, D. C. 20005-5929 12021737-5600 FACSIMILE 12021737-9329 www.hpm.com March 30, 2011 BY HAND DELIVERY Division of Dockets Management Food and Drug Administration (HFA-305) Department of Health and Human Services 5630 Fishers Lane, Room 1061 Rockville, Maryland 20852 To Whom It May Concern: Hyman, Phelps & McNamara, P.C., on behalf of a client, submits this petition p…"
/content/drive/MyDrive/FDA Research/2011/FDA-2011-P-0226-0002_Acknowledgement_Letter_to_Hyman__Phelps___McNamara.pdf,84accd37880b,pdf,1,FDA-2011-P-0226,2011,petition,"LA DEPARTMENT OF HEALTH & HUMAN SERVICES Public Health Service Food and Drug Administration Rockville MD 20857 FILE COPY March 30, 2011 Kurt R. Karst Hyman, Phelps & McNamara, P.C. 700 Thirteenth Street, NW Suite 1200 Washington, DC 20005-5929 Dear Mr. Karst: Your petition to the Food and Drug Administration requesting to designate Phytonadione Injection, 1MG/0.5ML, approved under ANDA No. 83-722, as a second RLD for purposes of submitting an ANDA for a generic version of this drug product, was…"
/content/drive/MyDrive/FDA Research/2011/FDA-2011-P-0226-0003_Interim_Response_to_Hyman__Phelps___McNamara__P_C_.pdf,a054d8431178,pdf,1,FDA-2011-P-0226,2011,petition,";.;. r ,I/i· ((""'~ DEPARTMENT OF HEALTH 8> HUMAN SERVICES o~""''';:::l~ Food and Drug Administration Rockville MD 20857 SEP Kurt R. Karst Hyman, Phelps & McNamara, P.C. 700 Thirteenth Street, NW Suite 1200 Washington, DC 20005~5929 Re: Docket No. FDA-2011-P-0226 Dear Mr. Karst: I am writing to inform you that the Food and Drug Administration (FDA) has not yet resolved the issues raised in your citizen petition received on March 30, 2011. Your petition requests that the Agency amend the Approved …"
/content/drive/MyDrive/FDA Research/2011/FDA-2011-P-0226-0004_FDA_CDER_response_to_Hyman__Phelps___McNamara__P_C.pdf,64db9ce42b3b,pdf,3,FDA-2011-P-0226,2011,petition,"~ stRV1C£S.(l""'1""Jy""~DEPARTMENT OF HEALTH &. HUMAN SERVICES Food and Drug Administration Rockville MD 20857 FEB 22 2012 . Kurt R. Karst Hyman, Phelps & McNamara, P.C. 700 Thirteenth Street, NW Suite 1200 Washington, DC 20005-5929 Re: Docket No. FDA-201 1 -P-0226 Dear Mr. Karst: This responds to your citizen petition dated March 30, 2011 (Petition), requesting that the Food and Drug Administration (FDA) designate International Medication Systems' (IMS) Phytonadione Injection, 1 miligram (mg)/0.5…"
/content/drive/MyDrive/FDA Research/2011/FDA-2011-P-0227-0001_Intendis_Inc_Foley_and_Lardner_LLP_Citizen_Petitio.pdf,0f6e77699106,pdf,22,FDA-2011-P-0227,2011,petition,":FOLEY * FOLEY & LARDNER LLP 4366 MAR 30 A 1 :13 March 30, 2011FOLEY & LARDNER LLP ATTORNEYS AT LAW WASHINGTON HARBOUR 3000 K STREET, N.W., SUITE 500 WASHINGTON, D.C. 20007-5143 202.672.5300 TEL 202.672.5399 FAX www.foley.corn WRITER'S DIRECT LINE 202.672.5430 drosen@foley.com EMAIL VIA HAND DELIVERY Dockets Management Branch, HFA-305 Food and Drug Administration Department of Health and Human Services 5630 Fishers Lane, Room 1061 Rockville, MD 20852 CITIZEN PETITION The undersigned, on behalf …"
/content/drive/MyDrive/FDA Research/2011/FDA-2011-P-0227-0002_Acknowledgement_Letter_to_Indendis__Inc___Foley___.pdf,9131f13875f9,pdf,1,FDA-2011-P-0227,2011,petition,"DEPARTMENT OF HEALTH & HUMAN SERVICES Public Health Service Food and Drug Administration Rockville MD 20857 FILE COPY March 30, 2011 David L. Rosen, B.S. Parhm., J.D. Foley & Lardner LLP 300 K Street, N.W., Suite 500 Washington, DC 20007-5143 Dear Dr. Rosen: Your petition to the Food and Drug Administration requesting to issue a timely response to Intendis' August 13, 2010 comments on the May 2010 Draft Guidance on Azelaic Acid, was received by this office on 03/30/2011. It was assigned docket …"
/content/drive/MyDrive/FDA Research/2011/FDA-2011-P-0227-0003_FDA_CDER_Interim_Response_to_Intendis_Inc_Foley_an.pdf,dd9bc14cc364,pdf,1,FDA-2011-P-0227,2011,petition,"t/r"" if-if. 3 "","" rI (I t/J DEPARTMENT OF HEALTH &. HUMAN SERVICES Food and Drug Administration Rockville MD 20857 SEP 26 2011 . David L Rosen Foley & Lardner LLP 3000 K Street, N. W., Suite 500 Washington, DC 20007-5143 Re: Docket No. FDA-20 I1-P-0227 Dear Mr. Rosen: I am writing to inform you that the Food and Drug Administration (FDA) has not yet resolved the issues raised in your citizen petition received on March 30, 2011, and submitted on behalf of Intendis, Inc. Your petition requests th…"
/content/drive/MyDrive/FDA Research/2011/FDA-2011-P-0227-0004_FDA_CDER_Interim_Response_to_Intendis_Inc_Foley_an.pdf,664de9cf4c74,pdf,8,FDA-2011-P-0227,2011,petition,"~stltVIC'S.(.t ~""~Iy""~DEPARTMENT OF HEALTH &. HUMAN SERVICES Food and Drug Administration Rockvile MD 20857 JUN 22 2012 . David L. Rosen Foley & Lardner LLP 3000 K Street, N.W., Suite 500 Washington, DC 20007-5143 Re: Docket No. FDA-2011-P-0227 Dear Mr. Rosen: This letter responds to your citizen petition submitted on behalf of Intendis, Inc. (Intendis), and received by the Food and Drug Administration (FDA or the Agency) on March 30, 2011 (Petition). With the Petition, you enclosed comments th…"
/content/drive/MyDrive/FDA Research/2011/FDA-2011-P-0267-0001_Lachman_Consultant_Services__Inc____Citizen_Petiti.pdf,07d28f4fa49c,pdf,3,FDA-2011-P-0267,2011,petition,"LACHMAN CONSULTANT SERVICES, INC. CONSULTANTS TO THE PHARMACEUTICAL AND ALLIED INDUSTRIES 1600 STEWART AVENUE, SUITE 604, WESTBURY, NY 11590 (516) 222-6222 • FAX (516) 683-1887 April 8, 2011 2011 APR I I A 8 : 3 5 OVERNIGHT COURIER 4/8/11 Division of Dockets Management Food and Drug Administration (HFA-305) 5630 Fishers Lane Room 1061 Rockville, MD 20852 Citizen Petition Dear Sir or Madam: The undersigned submits this petition on behalf of a client in quadruplicate pursuant to 21 CFR 10.30 and …"
/content/drive/MyDrive/FDA Research/2011/FDA-2011-P-0267-0002_Acknowledgement_Letter_to_Lachman_Consultant_Servi.pdf,bad4b5141273,pdf,1,FDA-2011-P-0267,2011,petition,"se'S. DEPARTMENT OF HEALTH & HUMAN SERVICES Public Health Service "".4k Food and Drug Administration Rockville MD 20857 FILE COPY April 11, 2011 Robert W. Pollock Executive Vice President Lachman Consultant Services, Inc. 1600 Stewart Avenue, Suite 604 Westbury, NY 11590 Dear Mr. Pollock: Your petition to the Food and Drug Administration to determine whether Nimotope (nimodipine) Capsules, 30 mg has been voluntarily withdrawn / discontinued from marketing for safety or efficacy reas , was receiv…"
/content/drive/MyDrive/FDA Research/2011/FDA-2011-P-0267-0003_blank_divider_page_Placeholder.pdf,dd6e4a2afbd3,pdf,1,FDA-2011-P-0267,2011,petition,"DEPARTMENT OF HEALTH &. HUMAN SERVICES Food and Drug Administration Rockville MD 20857 OCT - 7 2011 zon Gel I2 P \2:0 \ Robert W. Pollock Executive Vice President Lachman Consultant Services, Inc. 1600 Stewart Ave., Suite 604 Westbury, NY 11590 Re: Docket No. FDA-20II-P-0267 Dear Mr. Pollock: I am writing to inform you that the Food and Drug Administration (FDA) has not yet resolved the issues raised in your citizen petition received on April 11, 2011. Your petition requests that the Agency det…"
/content/drive/MyDrive/FDA Research/2011/FDA-2011-P-0267-0004_Determination_That_NIMOTOP__Nimodipine__Capsules__.pdf,4fe15f422cba,pdf,3,FDA-2011-P-0267,2011,petition,"18559 Federal Register / Vol. 79, No. 63 / Wednesday, April 2, 2014 / Notices FOR FURTHER INFORMATION CONTACT : Na’Im R. Moses, Center for Drug Evaluation and Research, Food and Drug Administration, 10903 New Hampshire Ave. Bldg. 51, Rm. 6226, Silver Spring, MD 20993–0002, 240– 402–3990. SUPPLEMENTARY INFORMATION : In 1984, Congress enacted the Drug Price Competition and Patent Term Restoration Act of 1984 (Pub. L. 98–417) (the 1984 amendments), which authorized the approval of duplicate versio…"
/content/drive/MyDrive/FDA Research/2011/FDA-2011-P-0267-0005_Letter_from_FDA_CDER_to_Lachman_Consultant_Service.pdf,7c89eacdbc4a,pdf,4,FDA-2011-P-0267,2011,other,
/content/drive/MyDrive/FDA Research/2011/FDA-2011-P-0276-0001_Environmental_Working_Group__EWG____Citizen_Petiti.pdf,67d0b2c82b9e,pdf,26,FDA-2011-P-0276,2011,petition,"eNVIRONMENTAL WORKING GROUP www.ewg.org April 12, 2011 Division of Dockets Management Food and Drug Administration Department of Health and Human Services 5630 Fishers Lane, Room 1061 Rockville, MD 208524393 11 11922 CITIZEN PETITION FOR REGULATORY ACTION TO ) ADDRESS SAFETY CONCERNS SURROUNDING ) KERATIN HAIR-STRAIGHTENERS THAT CONTAIN ) FORMALDEHYDE AND FORMALDEHYDE- ) RELEASING CHEMICALS AS INGREDIENTS ) Via Federal Express By the Environmental Working Group CITIZEN PETITION Environmental Wo…"
/content/drive/MyDrive/FDA Research/2011/FDA-2011-P-0276-0003_Acknowledgement_Letter_to_Environmental_Working_Gr.pdf,76db4b83b06d,pdf,1,FDA-2011-P-0276,2011,petition,"/ DEPARTMENT OF HEALTH & HUMAN SERVICES Public Health Service 1 1 t 1 <7:4Z Food and Drug Administration Rockville MD 20857 April 14, 2011 Thomas Cluderay Staff Attorney Environmental Working Group 1436 U St. NW, Suite 100 Washington, DC 20009F1L E COP Y Dear Mr. Cluderay: Your petition to the Food and Drug Administration to Address Safety Concerns Surrounding Keratin Hair-Straighteners that contain Formaldehyde and Formaldehyde-Releasing Chemicals as Ingredients, was received by this office on…"
/content/drive/MyDrive/FDA Research/2011/FDA-2011-P-0276-0004_Environmental_Working_Group__EWG____Amendment.pdf,ebff3d4e022d,pdf,2,FDA-2011-P-0276,2011,petition,"eNVIRONMENTAL WORKING GROUP www.ewg.org July 25, 2011 Division of Dockets Management U.S. Food and Drug Administration 5630 Fishers Lane, Room 1061 Rockville, MD 20852 Re: Citizen Petition Amendment Docket No. FDA-2011-P-0276-0001/CP Dear Sir or Madam:21311 lit 28 A II: 52 The Environmental Working Group (EWG) submits the following amendment to a citizen petition filed in April 2011, regarding keratin hair-straighteners that contain formaldehyde and formaldehyde-releasing chemicals as ingredien…"
/content/drive/MyDrive/FDA Research/2011/FDA-2011-P-0276-0005_Interim_Response_to_Environmental_Working_Group___.pdf,07dfc19db718,pdf,1,FDA-2011-P-0276,2011,petition,"""..."""",~ DEPARTME 1'1' OFHEAI.TH A1';'U Hl.JMA • SERVICES (~rood alld Drug Aclminis!r<Jlinn College Park, MD 20740 t..-::::k'L..... September 6, 2011 \1r, Thomas Cluderay Staff Attorney Environmental \\'orking Group 1436 U Street :\',W.. Suite 100 \\'ashinglOn. DC 20009 Re: Docket -:\umber FDA-20 l1-P-0276-000 I 'CP Dcar ;VIr Cludera;< This letter lS in response to your citizen petitIon, dat~d April 12, 20J 1 and likd on April 14.20] 1, Tn this letter you request that the Food and Drug /\dminis…"
/content/drive/MyDrive/FDA Research/2011/FDA-2011-P-0276-0006_Final_Letter_from_CFSAN_to_Environmental_Working_G.pdf,ecebbaefcb98,pdf,28,FDA-2011-P-0276,2011,petition,"Thomas Cluderay Jane Houlihan Environmental Working Group 1436 U St., NW, Suite 100 Washington, DC 20009 Dear Mr. Cluderay and Ms. Houlihan: U.S. FOOD & DRUG MAR Z 8 2017 Re: Docket No. FDA-2011-P-0276 This letter responds to your Citizen Petition, dated April 12, 2011, as amended by letter dated July 25, 2011, (""Petition"") regarding hair smoothers that release fonnaldehyde during the treatment process. (Petition at 1 ). In your Petition, you express concern that the formaldehyde released durin…"
/content/drive/MyDrive/FDA Research/2011/FDA-2011-P-0290-0001_Northeast_Scientific__Inc___Fuerst_Ittleman__PL___.pdf,f96e81694934,pdf,17,FDA-2011-P-0290,2011,petition,"HFUERST ITTLEMAN PL Attorneys and Counselors at Law 20H APR 20 P 3 : 20 Mitchell S. Fuerst, Esq. 305.350.5691 mfuerst@fuerstlaw.com April 15, 2011 Sent Via Certified Mail and Electronic Mail Division of Dockets Management Food and Drug Administration 5630 Fishers Lane, Room 1061 Rockville, MD 20852 Re: Petition for Reconsideration — Northeast Scientific, Inc. 510(k) No. K090661 Pursuant to 21 C.F.R. §§ 10.20 and 10.33, please find enclosed four (4) copies of Northeast Scientific, Inc.'s Petitio…"
/content/drive/MyDrive/FDA Research/2011/FDA-2011-P-0290-0003_Acknowledgement_Letter_to_Northeast_Scientifc__Inc.pdf,5285d03da474,pdf,1,FDA-2011-P-0290,2011,petition,"Public Health Service DEPARTMENT OF HEALTH & HUMAN SERVICES „1/4(7,11 Food and Drug Administration Rockville MD 20857 r;LE COPY April 20, 2011 Mitchell S. Fuerst, Esq. Fuerst Ittleman PL 1001 Brickell Bay Drive Suite 2002 Miami, FL 33131 Dear Mr. Fuerst: Your Petition for Reconsideration submitted on behalf of Northeast Scientific, Inc., regarding the Agency decision on premarket notification submission 510(k) No: K090661, was received by this office on 04/20/2011. It was assigned docket number…"
/content/drive/MyDrive/FDA Research/2011/FDA-2011-P-0290-0004_FDA_OC_Decision_Letter.pdf,6def6ce322e5,pdf,1,FDA-2011-P-0290,2011,petition,"(""~ DEPARTMENT OF HEALTH & HUMAN SERVICES ~~ MitchellS. Fuerst, Esq. ""Fuerst Ittleman PL 1001 Brickell Bay Drive Suite 2002 Miami, FL 33131 AUG 16 2011 Food and Drug Administration Rockville MD 20857 Re: Petition for Reconsideration of FDA 's Not Substantially Equivalent (NSE) Determination/or K090661 Dear Mr. Fuerst: This letter responds to your above-referenced petition for reconsideration under 21 CFR 10.33. As discussed in further detail below, we are denying your petition without prejudice…"
/content/drive/MyDrive/FDA Research/2011/FDA-2011-P-0291-0001_Actavis_Inc____Citizen_Petition.pdf,37396f8b1be9,pdf,9,FDA-2011-P-0291,2011,petition,"awil- h 2-4„wt.\ ki-ktavis creating va (lie in pharrnaceuticafs April 20, 2011 2011 APR 21 A 10: 2 q BY OVERNIGHT MAIL Division of Dockets Management (HFA-305) U.S. Food and Drug Administration 5630 Fishers Lane Room 1061 Rockville, MD 20852 CITIZEN PETITION Dear Sir or Madam, The undersigned submits this petition in quadruplicate pursuant to 21 C.F.R. §§ 10.30 and 314.161. A. Action Requested The petitioner requests that the Commissioner of the Food and Drug Administration (FDA) determine that…"
/content/drive/MyDrive/FDA Research/2011/FDA-2011-P-0291-0002_Acknowledgement_Letter_to_Actavis_Inc_.pdf,02b289a8a25e,pdf,1,FDA-2011-P-0291,2011,petition,"DEPARTMENT OF HEALTH & HUMAN SERVICES Public Health Service 7:72 Food and Drug Administration ri Rockville MD 209 April 21, 2011 Terri Nataline Vice President Regulatory and Medical Affairs Actavis, Inc. 60 Columbia Rd. Bldg. B Morristown, NJ 07960 Dear Ms. Nataline: Your petition to the Food and Drug Administration requesting to determine that JENLOGA® (clonidine hydrochloride) Extended -Release Tablets, 0.1 mg and 0.2 mg were not voluntarily withdrawn for safety or efficacy reasons, was recei…"
/content/drive/MyDrive/FDA Research/2011/FDA-2011-P-0291-0003_Interim_Response_to_Actavis_Inc____Letter.pdf,c4c9f73fd14a,pdf,1,FDA-2011-P-0291,2011,petition,"DEPARTMENT OF HEALTH &.. HUMAN SERVICES Food and Drug AdminiWation Rockville MD 20857 53 48 11 OCT 19 P4 59 OCT 17 2011 Terri Nataline Vice President, Regulatory and Medical Affairs Actavis, Inc. 60 Columbia Rd., Bldg. B Morristown, NJ 07960 Re: Docket No. FDA-2011-P-0291 Dear Ms. Nataline: I am writing to inform you that the Food and Drug Administration (FDA or Agency) has not yet resolved the issues raised in your citizen petition received on April 21, 2011, and submitted on behalf of Actavis…"
/content/drive/MyDrive/FDA Research/2011/FDA-2011-P-0291-0004_Determinations_That_Drugs_Were_Not_Withdrawn_from_.pdf,3ee5796573f3,pdf,2,FDA-2011-P-0291,2011,petition,"7582 Federal Register / Vol. 77, No. 29 / Monday, February 13, 2012 / Notices FOR FURTHER INFORMATION CONTACT : Kristiana Brugger, Center for Drug Evaluation and Research, Food and Drug Administration, 10903 New Hampshire Ave., Bldg. 51, rm. 6262, Silver Spring, MD 20993–0002, 301– 796–3601. SUPPLEMENTARY INFORMATION : In 1984, Congress enacted the Drug Price Competition and Patent Term Restoration Act of 1984 (Pub. L. 98–417) (the 1984 amendments), which authorized the approval of duplicate ve…"
/content/drive/MyDrive/FDA Research/2011/FDA-2011-P-0291-0005_FDA_CDER_to_Actavis__Inc____Letter.pdf,c020d13eedae,pdf,3,FDA-2011-P-0291,2011,petition,"""'+.~4""""ICE$'''E.( E',..,.f-DEPARTMENT OF HEALTH &. HUMAN SERVICES Food and Drug Administration Rockvile MD 20857 Februar 13,2012 . Terri Nataline Vice President Regulatory and Medical Affairs Actavis, Inc. 60 Columbia Rd., Bldg. B Morristown, NJ 07960 Re: Docket No. FDA-2011-P-0291 Dear Ms. Nataline: This letter responds to your citizen petition received on April 21, 2011, requesting that the Food and Drug Administration (FDA) determine whether JENLOGA (clonidine hydrochloride) Extended-Releas…"
/content/drive/MyDrive/FDA Research/2011/FDA-2011-P-0292-0001_Actavis_Inc____Citizen_Petition.pdf,07c74756a3a3,pdf,9,FDA-2011-P-0292,2011,petition,"(-1-tavis creating vafue in pharmaceutkak 2011 APR 21 A 10 : 2 9 Apri120, 2011 BY OVERNIGHT MAIL Division of Dockets Management (HFA-305) U.S. Food and Drug Administration 5630 Fishers Lane Room 1061 Rockville, MD 20852 CITIZEN PETITION Dear Sir or Madam, The undersigned submits this petition in quadruplicate pursuant to 21 C.F.R. §§ 10.30 and 314.161. A. Action Requested The petitioner requests that the Commissioner of the Food and Drug Administration (FDA) determine that KAPVAY® (clonidine hy…"
/content/drive/MyDrive/FDA Research/2011/FDA-2011-P-0292-0002_Acknowledgement_Letter_to_Actavis_Inc_.pdf,efb5333b6f20,pdf,1,FDA-2011-P-0292,2011,petition,"DEPARTMENT OF HEALTH & HUMAN SERVICES Public Health Service Food and Drug Administration Rockville MD 20857 r April 21, 2011 riLL LoJi Terri Nataline Vice President Regulatory and Medical Affairs Actavis, Inc. 60 Columbia Rd. Bldg. B Morristown, NJ 07960 Dear Ms. Nataline: Your petition to the Food and Drug Administration requesting to determine that KAPVAY® (clonidine hydrochloride) Extended -Release Tablets, 0.2 mg were not voluntarily withdrawn for safety or efficacy reasons, was received by…"
/content/drive/MyDrive/FDA Research/2011/FDA-2011-P-0292-0003_Interim_Response_to_Actavis_Inc____Letter.pdf,6dda3c31c26c,pdf,1,FDA-2011-P-0292,2011,petition,"DEPARTMENT OF HEALTH &. HUMAN SERVICES Food and Drug Administration Rockville MD 20857OCT 17 2011 5349 11 OCT19 P4 :59 Tern Nataline Vice President, Regulatory and Medical Affairs Actavis, Inc. 60 Columbia Rd., Bldg. B Morristown, NJ 07960 Re: Docket No. FDA-2011-P-0292 Dear Ms. Nataline: I am writing to inform you that the Food and Drug Administration (FDA or Agency) has not yet resolved the issues raised in your citizen petition received on April 21, 20 I 1, and submitted on behalf ofActavis,…"
/content/drive/MyDrive/FDA Research/2011/FDA-2011-P-0292-0004_Determinations_That_Drugs_Were_Not_Withdrawn_from_.pdf,6e0384129b35,pdf,2,FDA-2011-P-0292,2011,response/decision,"7581 Federal Register / Vol. 77, No. 29 / Monday, February 13, 2012 / Notices (3) The suspension decisionmaking process, which shall afford the contractor (and any specifically named affiliates) an opportunity, following the imposition of suspension, to submit, in person, in writing, or through a representative, information and argument in opposition to the suspension; (4) Recommending to the CG whether or not to solicit offers from, award contracts to, or consent to subcontracts with a contrac…"
/content/drive/MyDrive/FDA Research/2011/FDA-2011-P-0292-0005_FDA_CDER_to_Actavis__Inc____Letter_.pdf,2d5d2dc96249,pdf,3,FDA-2011-P-0292,2011,petition,"(""'4 DEPARMET OF HEALTH 8i irMA SERVICES~~Jr,~ Food and Drug Administration Rockville MD 20857 February 13,2012 . Terri Nataline Vice President Regulatory and Medical Affairs Actavis, Inc. 60 Columbia Rd., Bldg. B Morristown, NJ 07960 Re: Docket No. FDA-2011-P-0292 Dear Ms. Nataline: This letter responds to your citizen petition received on April 21, 2011, requesting that . the Food and Drug Administration (FDA) determine whether KAPVAY (clonidine hydrochloride) Extended-Release Tablets, 0.2 mg…"
/content/drive/MyDrive/FDA Research/2011/FDA-2011-P-0297-0001_Public_Citizen_s_Health_Research_Group___Ctitizen_.pdf,5be17e56b31a,pdf,32,FDA-2011-P-0297,2011,petition,"Page 1 of 1 11-3/'iF:MyrHl. Maria From: Jackson, Valerie Sent: Friday, April 15, 2011 8:01 PM To: Myrill, Maria Subject: FW: Petition to ban orlistat (Alii and Xenical) Attachments: Petition to FDA to ban orlistat_FINAL.pdf Maria, log in to Dockets management From: O'Grady, Jordana sent: Thursday, April 14, 2011 8:32 AM To: Jackson, Valerie Subject: FW; Petition to ban orlistat (Alii and Xenical) ._---_........................... . _.._._-_..__._-­ From: Michael Carome [mailto:mcarome@citizen.o…"
/content/drive/MyDrive/FDA Research/2011/FDA-2011-P-0297-0002_Acknowledgement_Letter_to_Public_Citizen_s_Health_.pdf,235162eb199e,pdf,1,FDA-2011-P-0297,2011,petition,"~'io'E.9-VIC£S • f~Public Health Service \,:::!­ DEPARTMENT OF HEALTH & HUMAN SERVICES Food and Drug Administration Rockville MD 20857 fILE COpy April 25, 2011 Michael A. Carome, M.D. Deputy Director Public Citizen's Health Research Group 1600 20th Street, NW Washington, DC 20009 Dear Dr. Carome: Your petition to the Food and Drug Administration requesting to ban both the prescription drug Xenical (orlistat; Hoffman-La Roche) and the over-the-counter (OTC) drug Alii (orlistat; GlaxoSmithKline),…"
/content/drive/MyDrive/FDA Research/2011/FDA-2011-P-0297-0005_Interim_Response_to_Public_Citizen_s_Health_Resear.pdf,7fc41e7ab0c3,pdf,1,FDA-2011-P-0297,2011,response/decision,"(~~ DEPARTMENT OF HEALTH & HUMAN SERVICES Food and Drug Administration Rockville MD 20857 OCT 1 7 2011 5 3 40 11 OCT 18 P4 ;15 Eliz(f1Jeth Barbehenn, Ph.D. Rebecca Kahn, B.S. Michael Carome, M.D. Sidney M. Wolfe, M.D. Public Citizen's Health Research Group 1600 20th Street, NW Washington, DC 20009 Re: Docket No. FDA-2011-P-0297 Dear Dr. Barbehenn, Ms. Kahn, Dr. Carome, and Dr. Wolfe: I am writing to inform you that the Food and Drug Administration (FDA) has not yet resolved the issues raised in…"
/content/drive/MyDrive/FDA Research/2011/FDA-2011-P-0297-0006_FDA_CDER_Response_to_Public_Citizens_Health_Resear.pdf,bd8f856892ca,pdf,29,FDA-2011-P-0297,2011,response/decision,
/content/drive/MyDrive/FDA Research/2011/FDA-2011-P-0302-0001_Lachman_Consultant_Services__Inc____Citizen_Petiti.pdf,27f20e481115,pdf,24,FDA-2011-P-0302,2011,petition,"LACHMAN CONSULTANT SERVICES, INC. CONSULTANTS TO THE PHARMACEUTICAL AND ALLIED INDUSTRIES 1600 STEWART AVENUE, WESTBURY, NY 11590 (516) 222-6222 • FAX (516) 683-1887 2011 APR 2b P 12 : 25 April 25, 2011 OVERNIGHT COURIER 4/25/2011 Division of Dockets Management Food and Drug Administration (HFA-305) Department of Health and Human Services 5630 Fishers Lane, Room 1061 Rockville, MD 20852 CITIZEN PETITION Dear Sir or Madam: The undersigned submits this petition, in quadruplicate, pursuant to Sect…"
/content/drive/MyDrive/FDA Research/2011/FDA-2011-P-0302-0002_Acknowledgement_Letter_to_Lachman_Consultant_Servi.pdf,8899ada83649,pdf,1,FDA-2011-P-0302,2011,petition,"DEPARTMENT OF HEALTH & HUMAN SERVICES Public Health Service Food and Drug Administration Rockville MD 20857 FILE COPY April 26, 2011 Robert W. Pollock Executive Vice President Lachman Consultant Services, Inc. 1600 Stewart Avenue Westbury, NY 11590 Dear Mr. Pollock: Your petition to the Food and Drug Administration to declare that Hydrocodone Bitartrate and Acetaminophen Effervescent Tablets, 2.5 mg/325 mg, 5 mg/325 mg, 7.5 mg/325 mg, and 10 mg/325 mg are suitable for submission as an abbreviat…"
/content/drive/MyDrive/FDA Research/2011/FDA-2011-P-0302-0003_Lachman_Consultant_Services__Inc____Amendment.pdf,e2ea38d6107a,pdf,11,FDA-2011-P-0302,2011,petition,"LACHMAN CONSULTANT SERVICES INC. CONSULTANTS TO THE PHARMACEUTICAL AND ALLIED INDUSTRIES 1600 STEWART AVENUE, WESTBURY, NY 11590 (516) 222-6222 • FAX (516) 683-1887 2011 NAY 13 A II : 33 May 12, 2011 OVERNIGHT COURIER 5/12/2011 Division of Dockets Management Food and Drug Administration (HFA-305) Department of Health and Human Services 5630 Fishers Lane, Room 1061 Rockville, MD 20852 Citizen Petition — AMENDMENT to FDA-2011-P-0302 Dear Sir or Madam: The undersigned submits this amendment to the…"
/content/drive/MyDrive/FDA Research/2011/FDA-2011-P-0302-0004_FDA_CDER_OGD_to_Lachman_Consultant_Services_Inc_Pe.pdf,441eda221cbf,pdf,3,FDA-2011-P-0302,2011,petition,"& .... .,+••'""Vlc) tfc <.,~;~~\.-DEPARTMENT OF HEALTH &. HUMAN SERVICES Food and Drug Administration Rockville MD 20857 9 9 4 4 12 AUG .J3U \23J :~ 2012 Lachman Consultant Services, Inc. Attention: Robert W. Pollock 1600 Stewart A venue Westbury, NY 11590 Dear Mr. Pollock: Docket No. FDA-2011-P-0302 This is in response to your petition filed on April26, 2011 and your amendment dated May 12, 2011, requesting permission to file an Abbreviated New Drug Application (ANDA) for the following drug pro…"
/content/drive/MyDrive/FDA Research/2011/FDA-2011-P-0331-0001_Public_Citizen_Health_Research_Group___Citizen_Pet.pdf,4fe2bf82dcfe,pdf,15,FDA-2011-P-0331,2011,other,"I I I ~. ""~1PUBLICCITIZEN April25,2011 MargaretA.Hamburg, M.D. Commissioner FoodandDrugAdministration Department ofHealthandHumanServices W02200 10903NewHampshire Avenue SilverSpring,MD20993-0002 JeffreyE.Shuren,M.D.,J.D. Director,CenterforDevicesandRadiologic Health FoodandDrugAdministration Department ofHealthandHumanServices WO66,Room5442 10903NewHampshire Avenue SilverSpring,MD20993-0002 DearDrs.Hamburg andShuren, PublicCitizen,aconsumer advocacy grouprepresenting morethan225,000members and…"
/content/drive/MyDrive/FDA Research/2011/FDA-2011-P-0331-0002_Acknowledgement_Letter_to_Public_Citizen_Health_Re.pdf,8077ae72df94,pdf,1,FDA-2011-P-0331,2011,petition,"DEPARTMENT OF HEALTH & HUMAN SERVICES Public Health Service Food and Drug Administration Rockville MD 20857 ero,„ I I May 2, 2011 Michael A. Carome, M.D. Deputy Director Public Citizen Health Research Group 1600 20 th Street, NW Washington, DC 20009 Dear Dr. Carome: Your petition to the Food and Drug Administration requesting to immediately ban the use of cornstarch powder on all surgeons' and patients' examination gloves, and ban the use of all natural latex rubber surgeons' and patients' exam…"
/content/drive/MyDrive/FDA Research/2011/FDA-2011-P-0331-0006_Interim_response_to_Citzen_Health_Research_Group__.pdf,cb903e736b6f,pdf,1,FDA-2011-P-0331,2011,petition,"~ o;Ul.vrll:S.( Jr,~.4DEPARTMENT OF HEALTH & HUMA SERVICES Public Health Service OCT 20 2011Food and Drug Administration 10903 New Hampshire Avenue Silver Spring, MD 20993 Michael A. Carome, M.D. Deputy Director Public Citizen Health Research Group 1600 20th Street, NW Washington, DC 20009 Re: Citizen Petition - Docket Number FDA-201 1 -P-033 1 ;t..ti~' Dear Dr. Caröme: This is an interim response to the petition'filed by the Food and Drug Administration (FDA) on May 2,2011. In the petition, yo…"
/content/drive/MyDrive/FDA Research/2011/FDA-2011-P-0331-0007_FDA_CDRH_final_response_to_Public_Citzen_Health_Re.pdf,b49cab163427,pdf,2,FDA-2011-P-0331,2011,petition,"{ U.S. FOO-D & DRUG ·""'~ li1 \._-:!/- ADMINISTRATION October 16, 2017 Michael A. Carome, M.D. Public Citizen Health Research Group 1600 201h Street NW Washington, D.C. 20009 Re: Citizen Petition-Docket Number FDA-2011-P-0331 Dear Dr. Carome: The Food and Drug Administration (FDA) has completed its review of your citizen petitions filed on May 2, 2011, and assigned Docket Number FDA-2011-P-0331. In this petition, you made two requests: (a) to ban on the use of cornstarch powder on all surgeon's …"
/content/drive/MyDrive/FDA Research/2011/FDA-2011-P-0335-0001_Norbrook_Laboratories__Inc____Citizen_Petition.pdf,ebb8cfd6a0dc,pdf,12,FDA-2011-P-0335,2011,petition,"Norbrook 00001 •May 3, 2011 2[111 ION -b is, II: IAb Dockets Management Branch, HFA-305 Food and Drug Administration 5600 Fishers Lane Rockville, MD 20857 Re: ANADA Suitability Petition Dear Sir or Madam: Enclosed please find, in triplicate, a Suitability Petition submitted in accordance with section 512 (n)(3) of the Federal Food, Drug and Cosmetic Act on behalf of the Sponsor, Norbrook Laboratories Limited, Newry BT35 6PU, Northern Ireland. The Sponsor requests through this Suitability Petiti…"
/content/drive/MyDrive/FDA Research/2011/FDA-2011-P-0335-0002_Acknowledgement_Letter_to_Norbrook_Laboratories__I.pdf,632e1727b6b2,pdf,1,FDA-2011-P-0335,2011,petition,"DEPARTMENT OF HEALTH & HUMAN SERVICES Public Health Service Food and Drug Administration Rockville MD 20857 May 6, 2011 :ILE COPY Bill Zollers, Ph.D., Director Norbrook Laboratories, Inc. 9733 Loitet Boulevard Lenexa, KS 66219 Dear Mr. Zollers: Your petition to the Food and Drug Administration requesting to permit the filing of an Abbreviated New Animal Drug Application for (marbofloxacin) chewable tablet formulation in strengths of 25 mg, 50 mg, 100 mg and 200 mg, was received by this office o…"
/content/drive/MyDrive/FDA Research/2011/FDA-2011-P-0335-0003_Norbrook__Inc____Amendment.pdf,090e207f204f,pdf,4,FDA-2011-P-0335,2011,supplement/amendment,
/content/drive/MyDrive/FDA Research/2011/FDA-2011-P-0335-0004_FDA_2011_P_0335_pav.pdf,9677c3daf4f8,pdf,2,FDA-2011-P-0335,2011,petition,"UEPARTMENT OF HEALTH & HUMAN SERVICES Public Health Service Food and Drug Administration Rockville MD 20857 2011 JUL 21 ;'\ 10: 5CJ FDA-2011-P-0335-0001jCP JUL 22 2011 Norbrook, Inc. Attention: Bill Zollers, PhD Director of Regulatory Affairs 9733 Loiret Blvd. Lenexa, KS 66219 Re: SUitability Petition Request Dear Dr. Zollers: We approve your suitability petition (FDA-2011-P-0335-0001jCP) dated ~lIay 3, 2011, and as amended June 10, 2011. You requested permission to submit an abbreviated new an…"
/content/drive/MyDrive/FDA Research/2011/FDA-2011-P-0337-0001_Precision_Nuclear__LLC___Citizen_Petition.pdf,4a2fd8793d4d,pdf,15,FDA-2011-P-0337,2011,petition,"• Nuclear, LLC. • trj• Citizen Petition I, Jon L. McReynolds, PharmD, representing Precision Nuclear, LLC submit this petition under section 505 (j) (2) (C) of the Federal Food, Drug, and Cosmetic Act to request the Commissioner of Food to declare the proposed drug product suitable for consideration in an Abbreviated New Drug Application (ANDA). Action Requested Concerning NDA 022119 (Ammonia [N-13] Injection), I request the Commissioner to declare the proposed drug product suitable for conside…"
/content/drive/MyDrive/FDA Research/2011/FDA-2011-P-0337-0002_Acknowledgement_Letter_to_Precision_Nuclear__LLC_.pdf,cdd4cd680fef,pdf,1,FDA-2011-P-0337,2011,petition,"s, DEPARTMENT OF HEALTH & HUMAN SERVICES 4. "",,, '""'""••■Public Health Service Food and Drug Administration Rockville MD 20857 FILE COPY May 6, 2011 Jon L. McReynolds, PharmD Precision Nuclear, LLC 830 Suncrest Drive, Unit #1 Gray, TN 37615 Dear Dr. McReynolds: Your petition to the Food and Drug Administration requesting to declare (Ammonia [N-13] Injection) 3.75 - 260 mCi/mL suitable for consideration in an Abbreviated New Drug Application (ANDA), was received by this office on 05/06/2011. It w…"
/content/drive/MyDrive/FDA Research/2011/FDA-2011-P-0337-0003_Precision_Nuclear__LLC___Amendment.pdf,c5288797833a,pdf,6,FDA-2011-P-0337,2011,petition,"2011 JUL Ili A II 5bPrecision Nuclear, LLC July 7, 2011 Amendment to Citizen Petition docket no. FDA-2011-P-0337-0001/CP filed on 05/06/2011 I, Jon L. McReynolds, PharmD, representing Precision Nuclear, LLC submit this RLD package insert (NDA no. 022119) as an amendment to Citizen Petition docket no. FDA-2011-P-0337-0001/CP filed on 05/06/2011 that was filed under section 505 (j) (2) (C) of the Federal Food, Drug, and Cosmetic Act to request the Commissioner of Food to declare the proposed drug…"
/content/drive/MyDrive/FDA Research/2011/FDA-2011-P-0337-0004_Precision_Nuclear__LLC___Amendment.pdf,b0ab44948b7d,pdf,2,FDA-2011-P-0337,2011,petition,"Precision Nuclear, LLC August 3, 2011 2011 AUG -L4 A 11 : 2b Amendment to Citizen Petition docket no. FDA-2011-P-0337-0001/CP filed on 05/06/2011 I, Jon L. McReynolds, PharmD, representing Precision Nuclear, LLC submit this document to clarify that any reference to End of Bombardment (EOB) is in error. The strength of the drug product is calibrated at End of Synthesis (EOS) reference time, similar to the RLD. This is an amendment to Citizen Petition docket no. FDA-2011-P- 0337-0001/CP filed on …"
/content/drive/MyDrive/FDA Research/2011/FDA-2011-P-0337-0005_FDA_CDER__to_Precision_Nuclear__LLC___Petition_App.pdf,54b61c09a7c0,pdf,2,FDA-2011-P-0337,2011,petition,"DEPARTMENT OF HEALTH &. HUMAN SERVICES Food and Drug Administration Rockville MD 20857 4915 11 Precision Nuclear, LLC Attention: Jon McReynolds, PharmD 830 Suncrest Drive, Unit #1 Gray, TN 37615 Docket No. FDA-2011-P-0337 Dear Dr. McReynolds: This is in response to your petition filed on May 6, 2011 and your amendments dated July 7 and August 3, 2011 requesting permission to file an Abbreviated New Drug Application (ANDA) for the following drug product: Ammonia N 13 Injection, 3.75-260 mCi/mL a…"
/content/drive/MyDrive/FDA Research/2011/FDA-2011-P-0339-0001_Leydig__Voit___Mayer__LTD___Citizen_Petition.pdf,0600deba3b5c,pdf,35,FDA-2011-P-0339,2011,petition,"LAW OFFICES LEYDIG, VOIT & MAYER, LTD. A PROFESSIONAL CORPORATION TWO PRUDENTIAL PLAZA, SUITE 4900 CHICAGO, ILLINOIS 60601-6731 4471 11 MAY -6 (312) 616-5600 FACSIMILE: (312) 616-5700 WWW.LEYDIG.COM May 5, 2011WASHINGTON OFFICE 700 THIRTEENTH STREET, N.W., SUITE 300 WASHINGTON, D.C. 20005-3960 (202) 737-6770 A 9IACSIMILE: (202) 737-6776 ROCKFORD OFFICE 6815 WEAVER ROAD, SUITE 300 ROCKFORD, ILLINOIS 61114-6011B (8)5) 963-7661 FACSIMILE: (8)5) 963-7664 SEATTLE OFFICE 1420 FIFTH AVENUE, SUITE 3670…"
/content/drive/MyDrive/FDA Research/2011/FDA-2011-P-0339-0002_Acknowledgement_Letter_to_Leydig__Voit___Mayer__LT.pdf,391fc2ca1af6,pdf,1,FDA-2011-P-0339,2011,petition,"DEPARTMENT OF HEALTH & HUMAN SERVICES Public Health Service Food and Drug Administration Rockville MD 20857 May 6, 2011 Steven H. Sklar Leydig, Voit & Mayer, LTD A Professional Corporation Two Prudential Plaza, Suite 4900 Chicago, Illinois 60601-6731 FILE COPY Dear Mr. Sklar: Your petition to the Food and Drug Administration requesting to make a determination that the discontinued formulation of the reference listed drug Acetadote® (acetylcysteine) Injection, the subject of NDA 21-539, held by …"
/content/drive/MyDrive/FDA Research/2011/FDA-2011-P-0339-0003_FDA_2011_P_0339_let.pdf,8552e7dfb4ec,pdf,1,FDA-2011-P-0339,2011,petition,"L-fF j Cl 1:.' ~ /~ !!Ir,·..;,·,'-J(.::::::z~ DEPARTMENT OF HEALTH I!t HUMAN SERVICES Food and Drug Administration Rockville MD 20857 OCT 31 2011 541 4 1l NOV -1 P5 :35 Steven H. Sklar Leydig, Voit & Mayer, Ltd. Two Prudential Plaza, Suite 4900 Chicago, IL 60601-6731 Re: Docket No. FDA-2011-P-0339 Dear Mr. Sklar: I am writing to inform you that the Food and Drug Administration (FDA) has not yet resolved the issues raised in your citizen petition received on May 6, 2011. Your petition requests t…"
/content/drive/MyDrive/FDA Research/2011/FDA-2011-P-0339-0004_InnoPharma_LLC_Foley_and_Lardner_LLP_Letter_Part_1.pdf,acc59522bd15,pdf,1,FDA-2011-P-0339,2011,other,"""FOLEY FOLEY & LARDNER LLP 71112 AUG lii P I: 32 August 14, 2012 FOLEY & LARDNER LLP ATTORNEYS AT LAW WASHINGTON HARBOUR 3000 K STREET, N.W., SUITE 500 WASHINGTON, D.C. 20007-5143 202.672.5300 TEL 202.672.5399 FAX www.foley.com WRITER'S DIRECT LINE 202.672.5430 drosen@foley.com EMAIL DOCKET No. FDA 2011-P-0339 VIA HAND DELIVERY Dockets Management Branch, HFA-305 Food and Drug Administration Department of Health and Human Services 5630 Fishers Lane, Room 1061 Rockville, MD 20852 Re: Information …"
/content/drive/MyDrive/FDA Research/2011/FDA-2011-P-0339-0005_FDA_CDER_to_Leydig_Voit_and__Mayer__LTD__Petition_.pdf,dd75a2660289,pdf,8,FDA-2011-P-0339,2011,petition,
/content/drive/MyDrive/FDA Research/2011/FDA-2011-P-0347-0001_Lachman_Consultant_Services__Inc____Citizen_Petiti.pdf,793ea1bcb1db,pdf,51,FDA-2011-P-0347,2011,petition,"1600 STEWART AVENUE, WESTBURY, NY 11590 (516) 222-6222 • FAX (516) 683-1887 2r:II !,,r; 1 0 A I , i' 31 * LACHMAN CONSULTANT SERVICES, INC. CONSULTANTS TO THE PHARMACEUTICAL AND ALLIED INDUSTRIES May 9, 2011 OVERNIGHT COURIER 5/9/2011 Division of Dockets Management Food and Drug Administration (HFA-305) Department of Health and Human Services 5630 Fishers Lane, Room 1061 Rockville, MD 20852 CITIZEN PETITION Dear Sir or Madam: The undersigned, on behalf of a client, submits this petition in quad…"
/content/drive/MyDrive/FDA Research/2011/FDA-2011-P-0347-0002_Acknowledgement_Letter_to_Lachman_Consultant_Servi.pdf,d910f9766442,pdf,1,FDA-2011-P-0347,2011,petition,"sfolas. , kci .4. i DEPARTMENT OF HEALTH & HUMAN SERVICES tPublic Health Service Food and Drug Administration Rockville MD 20857 FILE COP1 May 10, 2011 Robert W. Pollock Executive Vice President Lachman Consultant Services, Inc. 1600 Stewart Avenue Westbury, NY 11590 Dear Mr. Pollock: Your petition to the Food and Drug Administration to make a determination that the drug product Minocycline Hydrochloride Extended Release Tablets, 70 mg and 95 mg is suitable for submission as an abbreviated new …"
/content/drive/MyDrive/FDA Research/2011/FDA-2011-P-0347-0004_FDA_CDER_Response_to_Lachman_Consultant_Services_I.pdf,6042f6db6558,pdf,2,FDA-2011-P-0347,2011,petition,"DEPARTMENT OF HEALTH & HUMAN SERVICES Food and Drug Administration Rockville MD 20857 JAN 2 8 2013 2013 JAN 30 A !I . 514 Lachman Consultant Services, Inc. Attention: Joan Janulis lao Stewart Avenue Westbury, NY 11590 Docket No. FDA-2011-P-0347 Dear Ms. Janulis: This is in response to your petition filed on May 10, 2011 requesting permission to file an Abbreviated New Drug Application (ANDA) for the following drug product: Minocycline Hydrochloride Extended-release Tablets, 70 mg and 95 mg. The…"
/content/drive/MyDrive/FDA Research/2011/FDA-2011-P-0347-0005_Medicis_Pharmaceutical_Corporation__Petition_for_R.pdf,d9e1be75d819,pdf,7,FDA-2011-P-0347,2011,petition,"MEDICIS March 7, 2013 HAND DELIVERY Dockets Management Branch. HFA-305 Food and Drug Administration 5630 Fishers Lane, Room 1061 Rockville, Maryland 20852 Re: Docket No. FDA-2011-P-0347 1 4 6 6 13 11,~R -7 P 2 :2 8 PETITION FOR RECONSIDERATION AND STAY OF ACTION Medicis Pharmaceutical Corporation (Medicis), respectfully submits this petition pursuant to 2 I CFR I 0.33 and I 0.35. among other provisions oflaw, to request that the Commissioner of Food and Drugs (Commissioner) reconsider and rever…"
/content/drive/MyDrive/FDA Research/2011/FDA-2011-P-0347-0006_Acknowledgement_Letter_to_Medicis_Pharmaceutical_C.pdf,c4be82b2d729,pdf,1,FDA-2011-P-0347,2011,petition,"(·~ DEPARTMENT OF HEALTH & HUMAN SERVICES ~~~~ Public Health Service March 7, 2013 Len Smith Vice President Legal & Business Affairs & lntellectural Property Counsel Medicis Pharmaceutical Corporation 7720 N. Dobson Rd. Scottsdale, AZ 85256 Dear Mr. Smith: Food and Drug Administration Rockville MD 20857 FJL[ .py Your petition for reconsideration and stay of action to the Food and Drug Administration requesting to reconsider and reverse the January 28, 2013 approval of Lachman Consultant Service…"
/content/drive/MyDrive/FDA Research/2011/FDA-2011-P-0347-0007_Petition_Denial_Letter_from_FDA_CDER_to_VPNA.pdf,69df42652f67,pdf,4,FDA-2011-P-0347,2011,petition,"f U.S. FOOD & DRUG ~··-"" .... 11 \,.,_./ ADMIN ISTRATION OCT 2 0 2017 Medicis Pharmaceutical Corporation A Division ofValeant Pharmaceuticals North America (VPNA), LLC Attention: Len Smith 7720 N. Dobson Rd. Scottsdale, AZ 85256 Docket No. FDA-2011-P-0347/PRC Dear Mr. Smith: This is in response to your petition for reconsideration and stay of action received on March 7, 2013 (Reconsideration Petition). The Reconsideration Petition requests that the U.S. Food and Drug Administration (FDA or Agen…"
/content/drive/MyDrive/FDA Research/2011/FDA-2011-P-0355-0001_MELA_Sciences_Inc_Citizen_Petition.pdf,601e4c75606c,pdf,37,FDA-2011-P-0355,2011,petition,"MELA Sdences Joseph V. Gulfo, M.D. President & CEO 'frc vir-- May 10, 2011 Division of Dockets Management Attn: Karen Kennard Food and Drug Administration Department of Health and Human Services 5630 Fishers Lane, rm. 1061 Rockville, MD 20852 Dear Ms. Kennard: MELA Sciences, Inc. submitted a Citizen Petition to FDA on May 9, 2011. As per your discussion with counsel, Attachment 6 of the Citizen Petition, i.e., Protocol 20061: Evaluation of Pigmented Skin Lesions with MelaFind° System, is availa…"
/content/drive/MyDrive/FDA Research/2011/FDA-2011-P-0355-0019_Acknowledgement_Letter_to_MELA_Sciences__Inc_.pdf,a22dd0344f00,pdf,1,FDA-2011-P-0355,2011,petition,"May 9, 2011 Joseph V. Gulfo, M.D President & CEO MELA Sciences, Inc. 50 South Buckhout Street, Suite 1 Irving, NY 10533flIE COPY DEPARTMENT OF HEALTH & HUMAN SERVICES Public Health Service Food and Drug Administration Rockville MD 20857 Dear Dr. Gulfo: Your petition to the Food and Drug Administration to Enforce the October 20, 2004, binding protocol agreement (""Binding Protocol Agreement"" or ""Protocol Agreement"") between the United States Food and Drug Administration (""FDA""), was received by t…"
/content/drive/MyDrive/FDA Research/2011/FDA-2011-P-0355-0020_Mela_Sciences_Inc__Withdrawal.pdf,07c7b7f94c35,pdf,1,FDA-2011-P-0355,2011,petition,"MELA Sciences 5421 11 NOV -2 All :16 November 2,2011 Division ofDockets Management Food and Drug Administration Department of Health and Human Services 5630 Fishers Lane, rm. 1061 Rockville, MD 20852 RE: Docket No. FDA-2011-P-0355 Dear Sir or Madam: In accordance with 21 CFR § 1O.30(g), MELA Sciences, Inc. withdraws its May 9,2011 Citizen Petition in the above captioned docket without prejudice to re-submit the petition at any time. ELA Sciences, Inc. Joseph V. Gulfo, M.D. President & CEO F0It …"
/content/drive/MyDrive/FDA Research/2011/FDA-2011-P-0355-0021_FDA_CDRH_to_Mela_Science_Inc__Response_Letter.pdf,e759e7ed2a19,pdf,1,FDA-2011-P-0355,2011,petition,"DEPARTMENT OF HEALTH & HUMAN SERVICES Public Health Service Food and Drug Administration 10903 New Hampshire Avenue ZO/l NOV _I , y /\ '-\ 8: 55 Silver Spring, MD 20993 November 3,2011 Joseph V. Gulfo, M.D. President & CEO MELA Science, Inc. 50 S. Buckhout Street, Suite 1 Irvington, NY 10533 Re: Citizen Petition -Docket Number FDA-2011-P-0355 Dear Dr. Gulfo: This is to acknowledge receipt of your letter dated November 2,2011 withdrawing your May 9, 2011 Citizen Petition in the subject docket in…"
/content/drive/MyDrive/FDA Research/2011/FDA-2011-P-0356-0001_Center_for_Tobacco_Regulation__Unversity_of_Maryla.pdf,b51d410c13ad,pdf,18,FDA-2011-P-0356,2011,petition,"UNIVERSITY OF MARYLAND SCHOOL OF LAW2011 MAY 10 A II: 38 May 9, 2011 Dr. Margaret A. Hamburg Commissioner, Food and Drug Administration do Division of Dockets Management 5630 Fishers Lane, Room 1061 Rockville, Maryland 20852 Re: Citizens' Petition Pursuant to 21 C.F.R. 10.20 & 10.30 Dear Dr. Hamburg: Enclosed please find four copies of a Citizens' Petition filed in accordance with 21 C.F.R. 10.20 and 10.30. Pursuant to the Petition, we request that the Food and Drug Administration assert jurisd…"
/content/drive/MyDrive/FDA Research/2011/FDA-2011-P-0356-0018_Acknowledgement_Letter_to_the_Center_for_Tobacco_R.pdf,49a149ae2190,pdf,1,FDA-2011-P-0356,2011,petition,"Coyly DEPARTMENT OF HEALTH & HUMAN SERVICES Public Health Service Food and Drug Administration Rockville MD 20857 May 16, 2011 Kathleen Hoke Dachille Center for Tobacco Regulation University Of Maryland School Of Law 500 West Baltimore Street Baltimore, Maryland 21201 Dear Ms. Dachille: Your petition to the Food and Drug Administration to assert jurisdiction over cigars and subject cigars to certain sales and distribution regulations that apply to cigarettes and smokeless tobacco, was received …"
/content/drive/MyDrive/FDA Research/2011/FDA-2011-P-0356-0023_FDA_CTP_Interim_Response_to_the_Center_for_Tobacco.pdf,ed9658de2339,pdf,3,FDA-2011-P-0356,2011,response/decision,
/content/drive/MyDrive/FDA Research/2011/FDA-2011-P-0356-0027_Citizen_Petition_Final_Response_from_FDA_CTP_to_Ce.pdf,65b6b3eff88a,pdf,2,FDA-2011-P-0356,2011,petition,"~· ... """"""· ( ~DEPARTMENT OF HEALTH AND HUMAN SERVICES ~~}~ May 5, 2016 Re: Docket FDA-2011-P-0356 Kathleen Hoke Dachille Center for Tobacco Regulation University ofMaryland School ofLaw 500 W. Baltimore Street Baltimore, Maryland 21201 Dear Ms. Hoke Dachille: Food and Drug Administration Center for Tobacco Products 10903 New Hampshire Avenue Silver Spring, MD 20993 This is a fmal response regarding your citizen petition dated May 11, 2011, filed on behalf of the Center for Tobacco Regulation, …"
/content/drive/MyDrive/FDA Research/2011/FDA-2011-P-0368-0001_Academic_Pharmaceuticals___Citizen_Petition.pdf,061114665a5d,pdf,4,FDA-2011-P-0368,2011,petition,"May 4, 2011 2011 MAY 12 P 05 Division of Dockets Management Food and Drug Administration Room 1061, HFA-305 5630 Fishers Lane Rockville, MD 20852 Re: ANDA Suitability Petition for Sterile Bretylium Tosylate Injection, 50 mg/mL CITIZEN'S PETITION Dear Sir or Madam: The undersigned submits this Citizen's Petition (""Petition"") under Section 505(j)(2)(C) of the Federal Food, Drug, and Cosmetic Act and Pursuant to 21 C.F.R. § 10.20, 10.30, and 314.122 to request the Commissioner of the Food and Drug…"
/content/drive/MyDrive/FDA Research/2011/FDA-2011-P-0368-0006_Acknowledgement_Letter_to_Academic_Pharmaceuticals.pdf,f60413ba4234,pdf,1,FDA-2011-P-0368,2011,petition,"DEPARTMENT OF HEALTH & HUMAN SERVICES Public Health Service Food and Drug Administration Rockville MD 20857 fILE COpy May 12, 2011 John C. Somberg, MD. President Academic Pharmaceuticals 21 N. Skokie Hwy, G-3 Lake Bluff, IL 60044 Dear Dr. Somberg: Your petition to the Food and Drug Administration to allow Sterile Bretylium Tosylate Injection, 50 mg/mL, in a vial, be suitable for submission in an Abbreviated New Drug Application, was received by this office on 05/12/2011. It was assigned docket …"
/content/drive/MyDrive/FDA Research/2011/FDA-2011-P-0368-0007_Academic_Pharmaceuticals__Inc___API____Withdrawal.pdf,ac74fc97834a,pdf,2,FDA-2011-P-0368,2011,petition,"(PI Actdealt Plsrmaceitieith, lit. MI AUG -2 A 10: 31 July 24, 2011 Document Officer Division of Dockets Management Food and Drug Administration Room 1061, HFA-305 5630 Fishers Lane Rockville, MD 20852 Re: Withdrawal request of Petition, Docket number: FDA-2011-P-0368-0001/CP Dear Sir or Madam, We are withdrawing our petition regarding Bretylium Tosylate Injection ANDA, dated on 05/04/2011 and received by your office on 05/12/2011. Docket number: FDA-2011-P-0368-0001/CP. Thank you for your coop…"
/content/drive/MyDrive/FDA Research/2011/FDA-2011-P-0374-0001_Attachment____In_the_High_Court_of_Justice__Queen_.pdf,4daa4cd7cbda,pdf,41,FDA-2011-P-0374,2011,other,"-and- tI13M UK HOLDINGS LIMITED (2) 3M COMPANYClaimants Defendants IN THE HIGH COURT OF JUSTICE 2008 Folio 877 QUEEN'S BENCH DIVISION COMMERCIAL COURT BETWEEN:- (1) PORTON CAPITAL TECHNOLOGY FUNDS (A BODY CORPORATE) (2) PORTON CAPITAL INC. Re-AMENDED PARTICULARS OF CLAIM A. INTRODUCTION 1. At all material times Acolyte Biomedica Limited (""Acolyte"") was a limited company registered and carrying on business in the United Kingdom. In particular its business was in the development, production and m…"
/content/drive/MyDrive/FDA Research/2011/FDA-2011-P-0374-0002_Acknowlegdement_Letter_to_Porton_Group__Lanny_J__D.pdf,6a4d951c412c,pdf,1,FDA-2011-P-0374,2011,petition,"'"" 'Es . , f* DEPARTMENT OF HEALTH & HUMAN SERVICES Public Health Service 1 1 1 t , Food and Drug Administration Rockville MD 20857 May 17, 2011 Lanny J. Davis Lanny J. Davis & Associates LLC 600 13 th St, N.W., Suite 600 Washington, DC 20005 Robert R. Hopper Robert R. Hopper & Associates, LLC 2455 Country Road 24 Minneapolis, MN 55356-9633 Dear Mr. Davis & Mr. Hopper:FILE COPY Your petition, on behalf of the Food and Drug Administration requesting Investigate the of 3M Corporation and its cond…"
/content/drive/MyDrive/FDA Research/2011/FDA-2011-P-0374-0005_FDA_CDRH_to_Porton_Group__Lanny_J__Davis___and_Rob.pdf,fd9c19c67845,pdf,2,FDA-2011-P-0374,2011,other,"~-l~""l.""'V""~""""'''~'' ~.. ín\ \. 'G'¡A.,,PI,""d!nDEPARTMENT OF HEALTH & HUMAN SERVICES Public Health Service MAR 232012Food and Drug Administration 10903 New Hampshire Avenue Silver Sprig, MD 20993 Mr. Lany J. Davis Lany J. Davis & Associates, LLP 600 13th St, N.W., Suite 600 Washington, DC 20005 Mr. Rober R. Hopper Robert R. Hopper & Associates, LLC 2455 Countr Road 24 Minneapolis, MN 55356-9633 Re: Docket No. FDA-2011-P-0374-000l/Cp Dear Mr. Davis & Mr. Hopper, Ths letter responds to your citiz…"
/content/drive/MyDrive/FDA Research/2011/FDA-2011-P-0381-0001_Attachment_1____Orange_Book__Approved_Drug_Product.pdf,2e54bcd2396b,pdf,2,FDA-2011-P-0381,2011,other,"LACHMAN CONSULTANT SERVICES, INC. Westbury, NY 11590 ATTACHMENT 1 Active Ingredient Search Page 1 of 1 Quick Links: Skip to main page content Skip to Search Skip to Topics Menu Skip to Section Content Menu Skip to Common Links Orange Book: Approved Drug Products with Therapeutic Equivalence Evaluations Active Ingredient Search Results from ""OB_Rx"" table for query on ""dexmedetomidine."" Appl TE RLD Active No Code Ingredient NO21038 Yes DEXMEDETOMIDINE INJECTABLE; HYDROCHLORIDE INJECTION Dosage Fo…"
/content/drive/MyDrive/FDA Research/2011/FDA-2011-P-0381-0002_Acknowledgement_Letter_to_Lachman_Consultant_Servi.pdf,150631e1b61a,pdf,1,FDA-2011-P-0381,2011,petition,"DEPARTMENT OF HEALTH & HUMAN SERVICES Public Health Service Food and Drug Administration Rockville MD 20857 FILE COPY May 18, 2011 Joan Janulis, Vice President Lachman Consultants Services, Inc. 1600 Stewart Avenue Westbury, NY 11590 Dear Ms. Janulis: Your petition to the Food and Drug Administration to declare Dexmesdetomidine Hydrochloride, 100 ug/mL concentrate for solution for infusion, fill Volumes 4 mL and 10 mL (400 ug and 100 ug per vial), suitable for submission as an abbreviated new d…"
/content/drive/MyDrive/FDA Research/2011/FDA-2011-P-0381-0003_achman_Consultant_Services__Inc____Withdrawal.pdf,be791aa1e2b7,pdf,2,FDA-2011-P-0381,2011,petition,"LACHMAN CONSULTANT SERVICES, INC. CONSULTANTS TO THE PHARMACEUTICAL AND ALLIED INDUSTRIES 1600 STEWART AVENUE, WESTBURY, NY 11590 (516) 222-6222 • FAX (516) 683-1887 September 1, 2011 2611 SEP -2 A 1! : 55 OVERNIGHT COURIER 9/1/2011 Division of Dockets Management Food and Drug Administration (HFA-305) Department of Health and Human Services 5630 Fishers Lane, Room 1061 Rockville, MD 20852 Docket #FDA-2011-P-0381 Citizen Petition Withdrawal Request Dear Sir or Madam: On May 17, 2011, the undersi…"
/content/drive/MyDrive/FDA Research/2011/FDA-2011-P-0397-0001_NewMarket_Pharmaceuticals__LLC____Citizen_Petition.pdf,f16c9d2d4266,pdf,5,FDA-2011-P-0397,2011,petition,"MIEWMARKET17 HULFISH STRFT; SUITE 200 PRINCETON; NEW JERSEY 08542 WWW,NEWMARKEIPHARMA COM PHARMACEUTICALS LIC 18 May 2011 2011 MA Y 20 A 9: 15 Dr. John K. (Ken) Harshman C/O Division of Dockets Management (HFA-305) FDA/Center for Veterinary Medicine 5630 Fishers Lane, Rm. 1061 Rockville, Maryland 20852 Subject: Suitability Petition for Review and Action — Clenbuterol Rapidly Disintegrating Tablet for Horses Dear Dr. Harshman: Please find enclosed a suitability petition(3 copies) for Agency revi…"
/content/drive/MyDrive/FDA Research/2011/FDA-2011-P-0397-0002_Acknowledgement_Letter_to_NewMarket_Pharmaceutical.pdf,4228552d0374,pdf,1,FDA-2011-P-0397,2011,petition,"DEPARTMENT OF HEALTH & HUMAN SERVICES Public Health Service Food and Drug Administration Rockville MD 20857 FILE COPY May 20, 2011 David W. Rock, PhD Vice President, Research and Development NewMarket Pharmaceuticals, LLC 17 Hu!fish Street, Suite 200 Princeton, NJ 08542 Dear Dr. Rock: Your petition to the Food and Drug Administration requesting to permit the filing on an Abbreviated New Animal Drug Application for a generic clenbuterol rapidly disintegrating tablet for horses, was received by t…"
/content/drive/MyDrive/FDA Research/2011/FDA-2011-P-0397-0003_FDA_CVM_to_NewMarket_Pharmaceuticals__LLC___Petiti.pdf,8cad375a7710,pdf,2,FDA-2011-P-0397,2011,petition,"DEPARTMENT OF HEALTH & HUMAN SERVICES Public Health Service Food and Drug Administration Rockville MD 20857 2011 AUG Ib ,A \0: 2I FDA-2011-P-0397-0001/CP AUG 11 2011 NewMarket Pharmaceuticals, LLC Attention: David W. Rock, Ph.D. Vice President, Research and Development 17 Hullfish Street, Suite 200 Princeton, NJ 08542 Re: Request for approval of a suitability petition Dear Dr. Rock: We deny your sUitability petition (FDA 2011-P-0397-0001/CP) dated May 18, 2011. You requested permission to submi…"
/content/drive/MyDrive/FDA Research/2011/FDA-2011-P-0407-0001_Center_for_Science_in_the_Public_Interest__CSPI___.pdf,bb584566fe01,pdf,17,FDA-2011-P-0407,2011,petition,"UNITED STATES DEPARTMENT OF HEALTH AND HUMAN SERVICES 011 FOOD AND DRUG ADMINISTRATION I I""""I 611/--'1 ~J Petition to Bar the Use ofCaramel Colorings Produced With Ammonia and Containing the Carcinogens 2-Methylimidazole and 4-Methylimidazole. Submitted by the CENTER FOR SCIENCE IN THE PUBLIC INTEREST February 16,2011 Michael F. Jacobson, Ph.D. Executive Director Suite 300 1220 L Street, N.W. Washington, D.C. 20005 202-332-9110 F""J>/t·.:zOIl-(/-f)lf07 Page 1 February 16, 2011 Dockets Management…"
/content/drive/MyDrive/FDA Research/2011/FDA-2011-P-0407-0003_Acknowledgement_Letter_to_Center_for_Science_in_th.pdf,0f48ec308a5a,pdf,1,FDA-2011-P-0407,2011,petition,"DEPARTMENT OF HEALTH & HUMAN SERVICES Public Health Service Food and Drug Administration Rockville MD 20857 fiLE COpy May 24,2011 Michael F. Jacobson, Ph.D. Executive Director Center for Science in the Public Interest 1220 L Street. N.W. Washington, DC 20005 Dear Dr. Jacobson: Your petition to the Food and Drug Administration requesting to revoke regulations authorizing the use of caramel coloring in foods, was received by this office on 05/24/2011. It was assigned docket number FDA-2011-P-0407…"
/content/drive/MyDrive/FDA Research/2011/FDA-2011-P-0407-0006_FDA_CFSAN_Interim_Response_to_the_Center_for_Scien.pdf,7b1376a552ec,pdf,1,FDA-2011-P-0407,2011,petition,"oeu""'""N DEPARTMENT OF HEALTH AND HUMAN SERVICES Public Health Service Food and Drug Administration Niko.College Pal*, MD 2536 1 3 AUG -1 P2 47 November 22, 2011 Michael F. Jacobson, Ph.D. Executive Director Center for Science in the Public Interest 1220 L Street, N.W. Suite 300 Washington, D.C. 20005 Re: Docket No. FDA-2011-P-0407 Dear Dr. Jacobson: This letter is in response to your citizen petition received May 25, 2011 and filed on on that date under docket number FDA-2011-P-0407, requesting…"
/content/drive/MyDrive/FDA Research/2011/FDA-2011-P-0407-0007_FDA_CFSAN_Response_to_the_Center_for_Science_in_th.pdf,dabd7c6e8f29,pdf,2,FDA-2011-P-0407,2011,petition,"DEPARTMENT OF HEALTH AND HUMAN SERVICES Public Health &wise Food and Drug Acketnistration College Park, MD March 19, 2012 Michael F. Jacobson, Ph.D., Executive Director Center for Science in the Public Interest Suite 300 1220 L Street, N.W. Washington, D.C. 20005 Dear Dr. Jacobson: Thank you for your letter, dated March 5, 2012, addressed to Dr. Margaret Hamburg, Commissioner of Food and Drugs, amending your February 16, 2011 citizen petition by providing results from laboratory analyses of 4-m…"
/content/drive/MyDrive/FDA Research/2011/FDA-2011-P-0416-0001_Lachman_Consultant_Services__Inc____Citizen_Petiti.pdf,cf43891ed116,pdf,3,FDA-2011-P-0416,2011,petition,"LACHMAN CONSllLTANT SERVICES, INC. CONSULTANTS TO THE PHARMACEUTICAL AND ALLIED INDUSTRIES 1600 STEWART AVENUE, WESTBURY, NY 11590 (516) 222-6222 • FAX (516) 683-1887 2011 HAY 2b A II: 21 May 25,2011 OVERNIGHT COURIER 5/25/11 Division of Dockets Management Food and Drug Administration Department of Health and Human Services (HFA-305) 5630 Fishers Lane, Room 1061 Rockville, MD 20852 CITIZEN PETITION Dear Sir or Madam: This petition is submitted in quadruplicate pursuant to 21 CFR 10.30 and in ac…"
/content/drive/MyDrive/FDA Research/2011/FDA-2011-P-0416-0002_Acknowledgement_Letter_to_Lachman_Consultant_Servi.pdf,aff0a386ada0,pdf,1,FDA-2011-P-0416,2011,petition,"May 26, 2011 Robert W. Pollock Lachman Consultant Services, Inc. 1600 Stewart Avenue Westbury, NY 11590FILE COPY Dear Mr. Pollock: DEPARTMENT OF HEALTH & HUMAN SERVICES Public Health Service Food and Drug Administration Rockville MD 20857 Your petition to the Food and Drug Administration requesting to determine whether Travatan® (travoprost) Ophthalmic Solution (NDA 21-257) by Alcon Laboratories, Inc. has been voluntarily withdrawn or withheld from sale for safety or efficacy reasons was receiv…"
/content/drive/MyDrive/FDA Research/2011/FDA-2011-P-0416-0003_Determinations_that_Product_was_Not_Withdrawn_from.pdf,e251788b82ac,pdf,1,FDA-2011-P-0416,2011,other,"71044 Federal Register / Vol. 76, No. 221 / Wednesday, November 16, 2011 / Notices DEPARTMENT OF HEALTH AND HUMAN SERVICES Food and Drug Administration [Docket No. FDA–2011–P–0416] Determination That TRAVATAN (Travoprost Ophthalmic Solution), 0.004%, Was Not Withdrawn From Sale for Reasons of Safety or Effectiveness AGENCY : Food and Drug Administration, HHS. ACTION : Notice. SUMMARY : The Food and Drug Administration (FDA) has determined that TRAVATAN (travoprost ophthalmic solution), 0.004%, …"
/content/drive/MyDrive/FDA Research/2011/FDA-2011-P-0416-0004_FDA_CDER_to_Lachman_Consultant_Services__Inc____Re.pdf,e3d73850d28d,pdf,2,FDA-2011-P-0416,2011,other,
/content/drive/MyDrive/FDA Research/2011/FDA-2011-P-0433-0003_Lehigh_Valley_Technologies__Inc__and_Glenmark_Gene.pdf,9425f5af6c8d,pdf,6,FDA-2011-P-0433,2011,petition,"FOLEY FOLEY & LARDNER LLP FOLEY & LARDNER LLP ATTORNEYS AT LAW 4569 11 MAY 31 P3 :28 WASHINGTON HARBOUR 3000 K STREET. N.W.. SUITE 500 WASHINGTON, D.C. 200075143 202.672.5300 TEL 202.672.5399 FAX www.foley.com WRITER'S DIRECT LINE May31,2011 202.672.5430 drosen@fo/ey.com EMAIL VIA HAND DELIVERY Dockets Management Branch, HFA-305 Food and Drug Administration Department of Health and Human Services 5630 Fishers Lane, Room 1061 Rockville, MD 20852 CITIZEN PETITION The undersigned, on behalf of, Le…"
/content/drive/MyDrive/FDA Research/2011/FDA-2011-P-0433-0004_Acknowledgement_Letter_to_Lehigh_Valley_Technologi.pdf,f558712c9807,pdf,1,FDA-2011-P-0433,2011,petition,"DEPARTMENT OF HEALTH & HUMAN SERVICES Public Health Service Food and Drug Administration Rockville MD 20857 FILE COpy May31,2011 David L. Rosen, B.S. Pharm., J.D. Foley & Lardner LLP Washington Harbour 3000 K Street, N.W., Suite 500 Washington, DC 20007-5343 Dear Mr. Rosen: Your petition to the Food and Drug Administration submitted on behalf of Lehigh Valley Technologies, Inc. and Glenmark Generics, Inc. USA, requesting to stay the approval of any pending abbreviated new drug applications or N…"
/content/drive/MyDrive/FDA Research/2011/FDA-2011-P-0433-0005_Final_Citizen_Petition_Response__FDA_2011_P_0433__.pdf,71d9449c94ae,pdf,12,FDA-2011-P-0433,2011,petition,"~ sUtv1cts.(l~+,+""~DEPARTMENT OF HEALTH &. HUMA SERVICES Food and Drug Administration Rockvile MD 20857 . David L. Rosen, B.S. Pharm., J.D. Foley & Lardner LLP Washington Harbour 3000 K Street, N.W., Suite SOO Washington, D.C. 20007-S143NOV 2 1 2011 Re: Docket No. FDA-201 1-P-0433 Dear Mr. Rosen: This letter responds to your citizen petition submitted on behalf of Lehigh Valley Technologies, Inc. (Lehigh), and Glenmark Generics, Inc. USA (Glenmark) (jointly, Petitioners) dated May 31,2011 (Peti…"
/content/drive/MyDrive/FDA Research/2011/FDA-2011-P-0437-0001_Cancer_Action_NY___Citizen_Petition.pdf,2b9b90786859,pdf,2,FDA-2011-P-0437,2011,petition,"5/16/11 Division of Dockets Management Food and Drug Administration Room 1061 5630 Fishers Lane Rockville, MD 20852. Dockets Management Staff,2011 MAY 1 P 3: 09 Persistent organic pollutants (POPs) contamination of all animal fats imposes increased risk of cancer, cardiovascular disease and type II diabetes upon those who consume animal fats. So as to raise awareness of this threat to public health, thereby motivating consumer decisions that minimize POPs exposure, our organization and I person…"
/content/drive/MyDrive/FDA Research/2011/FDA-2011-P-0437-0002_Acknowledgement_Letter_to_Cancer_Action_NY.pdf,386eb8c8dfa9,pdf,1,FDA-2011-P-0437,2011,petition,"DEPARTMENT OF HEALTH & HUMAN SERVICES Public Health Service Food and Drug Administration Rockville MD 20857 May 19, 2011 Donald L. Hassig, Director Cancer Action NY P.O. Box 340 Colton, NY 13625 Dear Mr. Hassig: Your petition to the Food and Drug Administration requesting to immediately publish and disseminate a persistent organic pollutants health hazard advisory,was received by this office on 05/19/2011. It was assigned docket number FDA-2011-P-0437-0001/CP, and it was filed on 05/19/2011. Pl…"
/content/drive/MyDrive/FDA Research/2011/FDA-2011-P-0437-0003_Closure_of_Citizen_Petition_from_Donald_Hassig.pdf,a8b6270ee48b,pdf,1,FDA-2011-P-0437,2011,petition,"www.fda.gov _____________ _____________________________________________________ _________________________________________________________ ___ Memorandum to File DATE: January 24, 2024 FROM : Karen Strambler, Policy Advisor, CFSAN/ORP TO: Dockets Management Staff SUBJECT: Closure of Two Citizen Petition s from Donald Hassig - Docket Numbers: FDA- 2004- P- 0155 and FDA -2011- P-0437 This memo is documenting the steps taken by the Office of Regulations and Policy, CFSAN, regarding Docket Numbers: …"
/content/drive/MyDrive/FDA Research/2011/FDA-2011-P-0438-0001_Public_Citizen_Health_Research_Group___Citizen_Pet.pdf,147d32028cbb,pdf,11,FDA-2011-P-0438,2011,other,"~ 1600 20th Street, NW • Washington, D.C. 20009 • 202/588-1000 • www.citizen.org Rl1 PUBUCCITIZEN May 4,2011 Margaret A. Hamburg, M.D. Commissioner Food and Drug Administration Department of Health and Human Services WO 2200 10903 New Hampshire Avenue Silver Spring, MD 20993-0002 Jeffrey E. Shuren, M.D., J.D. Director, Center for Devices and Radiologic Health Food and Drug Administration Department of Health and Human Services WO 66, Room 5442 10903 New Hampshire Avenue Silver Spring, MD 20993-…"
/content/drive/MyDrive/FDA Research/2011/FDA-2011-P-0438-0002_Acknowledgement_Letter_to_Public_Citizen_Health_Re.pdf,577f40fc9b2e,pdf,1,FDA-2011-P-0438,2011,petition,"("".~ DEPARTMENT OF HEALTH & HUMAN SERVICES Public Health Service ,:!­ Food and Drug Administration Rockville MD ~~8fJ Y FIt~: ~_:' i May 31,2011 Michael A. Carome, M.D. Deputy Director Public Citizen Health Research Group 1600 20th Street, NW Washington, DC 20009 Dear Dr. Carome: Your petition to the Food and Drug Administration requesting to ban the marketing of, and to recall Bedside Assistant® bed handles manufactured by Bed Handles Inc., models BA1OW and SA1OW-6, was received by this office…"
/content/drive/MyDrive/FDA Research/2011/FDA-2011-P-0438-0004_Interim_Response_to_Public_Citizen_Health_Research.pdf,ec02eb188ebf,pdf,1,FDA-2011-P-0438,2011,petition,"DEPARTMENT OF HEALTH & HUMAN SERVICES Public Health Service Food and Drug Administration 10903 New Hampshire Avenue NOV::12Off Silver Spring, MD 20993 Michael A. Carome, M.D. Deputy Director Public Citizen Health Research Group 1600 20th Street, NW Washington, DC 20009 Re: Citizen Petition -Docket Number FDA-2011-P-0438 Dear Dr. Carome: This is an interim response to the petition dated May 4,2011, filed by the Food and Drug Administration (FDA) on May 31, 2011. In the petition, you requested FD…"
/content/drive/MyDrive/FDA Research/2011/FDA-2011-P-0438-0006_FDA_CDRH_Response_to_Public_Citizen_Health_Researc.pdf,905fef54bd53,pdf,4,FDA-2011-P-0438,2011,response/decision,
/content/drive/MyDrive/FDA Research/2011/FDA-2011-P-0440-0001_National_Yogurt_Association__Patton_Boggs__LLP____.pdf,aa4d14f03a55,pdf,12,FDA-2011-P-0440,2011,petition,"June 2, 2011Stuart M. Pape 202-457-5240 spape@pattonboggs.com PATTON BOGGS. ATTORNEYS AT L A W 4580 11 JUN -2 2 :202550 M Street, NW Washington, 0C 20037-1350 202-457-6000 Facsimile 202-457-6315 www.pattonboggs.com VIA HAND DELIVERY Division of Dockets Management Food and Drug Administration Department of Health and Human Services 5630 Fishers Lane, rm. 1061 Rockville, MD 20852 Re: Citizen Petition Requesting FDA Amend the RACC for Yogurt Dear Sir or Madam: The undersigned, on behalf of the Nat…"
/content/drive/MyDrive/FDA Research/2011/FDA-2011-P-0440-0002_Acknowledgement_Letter_to_National_Yogurt_Associat.pdf,e39900f0c2d0,pdf,1,FDA-2011-P-0440,2011,petition,"DEPARTMENT OF HEALTH & HUMAN SERVICES Public Health Service \t,t,no Food and Drug Administration Rockville MD 20857 June 2, 2011 FILE COP1 Stuart M. Pape Patton Boggs LLP 2550 M Street, NW Washington, DC 20037 Dear Mr. Pape: Your petition to the Food and Drug Administration submitted on behalf of the National Yogurt Association, requesting to amend the established reference amount customarily consumed per eating occasion (""RACC"") for yogurt, was received by this office on 6/2/2011. It was assig…"
/content/drive/MyDrive/FDA Research/2011/FDA-2011-P-0440-0003_Interim_Response_to_Patton_Boggs_LLP_National_Yogu.pdf,bd685890cf0b,pdf,1,FDA-2011-P-0440,2011,response/decision,
/content/drive/MyDrive/FDA Research/2011/FDA-2011-P-0440-0004_FDA_CFSAN_Response_to_Patton_Boggs__LLP__National_.pdf,15a2040b80ad,pdf,2,FDA-2011-P-0440,2011,petition,"U.S. FOOD & DRUG June 1, 2018 Squire Patton Boggs (formerly Patton Boggs) 2550 M Street, N.W. Washington, DC 20037 Re: Docket Number FDA-2011-P-0440-0001 Dear Sir/Madam : This letter responds to the citizen petition received by the Food and Drug Administration (FDA or we) on June 2, 2011, from your firm on behalfofthe National Yogurt Association (NY A). The petition requests that FDA change the then-existing reference amount customari ly consumed (RACC) for yogurt, found in 21 CFR § 10 1.12(b )…"
/content/drive/MyDrive/FDA Research/2011/FDA-2011-P-0448-0001_Attachment_1____A_Letter_from_the_United_States_De.pdf,6fb80cc4fd8c,pdf,6,FDA-2011-P-0448,2011,other,I ~--- Attachment 1 United States Department of the Interior FISH AND WILDLIFE SERVICE Warm Springs Fish Technology Center Conservation Genetics Laboratory 5308 Spring Street Warm Springs. Georgia 31830 Phone: (706) 655-3382 FAX: (706} 655-3389 30 September 2010 This letter briefly outlines several criticisms and concerns regarding the Veterinary Medicine . Advisory Committee (VMACj Briefing Packet for AquAdvantage Salmon. While I feel I can provide a general overview and constructive criticism…
/content/drive/MyDrive/FDA Research/2011/FDA-2011-P-0448-0002_Acknowledgement_Letter_to_Ocean_Conservancy__et_al.pdf,134ce0912e22,pdf,1,FDA-2011-P-0448,2011,other,
/content/drive/MyDrive/FDA Research/2011/FDA-2011-P-0448-0003_FDA_CVM_Interim_Response_to_Earthjustice_November_.pdf,e119785ed197,pdf,1,FDA-2011-P-0448,2011,petition,"DEPARTMENT OF HEALTH & HUMAN SERVICES Food and Drug Administration Rockville MD 20857 November 21,201 1 Khushi K. Desai Stephen E. Roady Earthjustice 1625 Massachusetts Avenue, N.W. Suite 702 Washington, D.C. 20036 Re: Docket No. FDA-201 1-P-0448 Dear Ms. Desai and Mr. Roady: This is a tentative response to the Citizen Petition (FDA-201 1-P-0448) filed with the Food and Drug Administration (FDA or Agency) on June 1,201 1. The petition requests: (1) that the FDA refrain from taking final action …"
/content/drive/MyDrive/FDA Research/2011/FDA-2011-P-0448-0004_Citizen_Petition_Denial_Response_from_FDA_CVM_to_E.pdf,b382185cb06c,pdf,11,FDA-2011-P-0448,2011,petition,"DEPARTMENT OF HEALTH & HUMAN SERVICES Khushi K. Desai Stephen E. Roady Earth justice 162 5 Massachusetts Avenue, N. W. Suite 702 Washington , DC 20036 NOV 1 9 2015 Re: Docket# FDA-20 I 1-P-0448 Dear Ms. Desai and Mr. Roady: Public Health Service Food and Drug Administration Silver Spring, MD 20993 This letter responds to the citizen petition concerning AquaBounty Technologies ' (ABT) AquAdvantage Salmon that you submitted to the Food and Drug Administration (FDA or the agency) on May 25, 20 II …"
/content/drive/MyDrive/FDA Research/2011/FDA-2011-P-0450-0001_MSMB_Capital_Management_LLC___Citizen_Petition.pdf,35022c5c8812,pdf,10,FDA-2011-P-0450,2011,petition,"MSMB Capital Management LLC 11 JUN -7 A9 :38 Division ofDockets Management Food and Drug Administration Department of Health and Human Services 5630 Fishers Lane, Room 1061 Rockville, MD 20852 CITIZEN PETITION The undersigned submits this petition on behalfofMSMB Capital Management LLC (""MSMB"") in accordance with section 505(q) ofthe Federal Food, Drug, and Cosmetic Act (""FDCA"") and 21 C.F.R. $ 10.30 to request that the Commissioner ofthe Food and Drugs take the actions described below. I. Acti…"
/content/drive/MyDrive/FDA Research/2011/FDA-2011-P-0450-0002_Acknowledgement_Letter_to_MSMB_Capital_Management_.pdf,8dea9221f1bf,pdf,1,FDA-2011-P-0450,2011,petition,"(~ DEPARTMENT OF HEALTH & HUMAN SERVICES Public Health Service ,J. June 7,2011 Martin Shkreli Chief Investment Officer MSMB Capital Mana~ement LLC 330 Madison Ave., 6 h Floor New York, NY 10017 Dear Mr. Schkreli: Your petition to the Food and Drug Administration requesting to refrain from approving investigational radioactive sentinel lymph node detection agents without accompanying data from successful controlled trials of such agents, was received by this office on 6/7/2011. It was assigned d…"
/content/drive/MyDrive/FDA Research/2011/FDA-2011-P-0450-0004_Interim_Response_to_MSMB_Capital_Management_LLC___.pdf,5cb0e7e0430f,pdf,1,FDA-2011-P-0450,2011,petition,"'""~'.<.VIC£s ("" ~ DEPARTMENT OF HEALTH&. HUMAN SERVICES ~~4 0''""' cl.- . 2 2011 Martin Shkreli 8 3 8 9 11 DEC -6 P 4 :55 Chief Investment Officer MSMB Capital Management LLC 330 Madison Avenue, 61h Floor New York, NY 10017 Re: Docket No. FDA-2011-P-0450 Dear Mr. Shkreli: Food and Drug Administration Rockville MD 20857 I am writing to inform you that the Food and Drug Administration (FDA or the Agency) has not yet resolved the issues raised in your citizen petition received on June 7, 2011, and …"
/content/drive/MyDrive/FDA Research/2011/FDA-2011-P-0450-0005_FDA_CDER_to_MSMB_Capital_Management_LLC__Petition_.pdf,b6fbee3023fa,pdf,8,FDA-2011-P-0450,2011,petition,
/content/drive/MyDrive/FDA Research/2011/FDA-2011-P-0455-0001_Public_Citizen_s_Health_Research_Group___Citizen_P.pdf,e350dcd17d13,pdf,14,FDA-2011-P-0455,2011,petition,"*~ 1600 20th Street, NW • Washington, D.C. 20009 • 202/588-1000 • www.citizen.org PUBLICCITIZEN May 18,2011 ~­Margaret A. Hamburg, M.D. Commissioner U.S. Food and Drug Administration Department ofHealth and Human Services WO 2200 10903 New Hampshire Avenue Silver Spring, MD 20993-0002 o- Dear Dr. Hamburg: Public Citizen, representing more than 225,000 members and supporters nationwide, hereby petitions the Food and Drug Administration (FDA), pursuant to the Federal Food, Drug, and Cosmetic Act …"
/content/drive/MyDrive/FDA Research/2011/FDA-2011-P-0455-0002_Acknowledgement_Letter_to_Public_Citizen_s_Health_.pdf,249871dae827,pdf,1,FDA-2011-P-0455,2011,petition,"('4 DEPARTMENT OF HEALTH & HUMAN SERVICES Public Health Service ,<;"",,;::j Food and Drug Administration Rockville MD 20857 f~1 r f'npy June 7, 2011 Sidney M. Wolfe, M.D. Director Public Citizen's Health Research Group 1600 20th Street, NW Washington, DC 20009 Dear Dr. Wolfe: Your petition to the Food and Drug Administration requesting to immediately remove from the market the 23 milligram (mg) dose of Aricept (donepezil), was received by this office on 06/7/2011. It was assigned docket number F…"
/content/drive/MyDrive/FDA Research/2011/FDA-2011-P-0455-0004_Interim_Response_to_Public_Citizen_s_Health_Resear.pdf,5618364ebc21,pdf,1,FDA-2011-P-0455,2011,petition,"..;. sEIH'Ic,.. /' ~ (,,,,.~ DEPARTMENT OF HEALTH & HUMAN SERVICES Sidney M. Wolfe, M.D. Director Public Citizen's Health Research Group 1600 20111 St., NW Washington, DC 20009 Re: Docket No. FDA-2011-P-0455 Dear Dr. Wolfe: DEC 1 2011 Food and Drug Administration 10903 New Hampsnire Avenue Building #51 Silver Spring, MD :W993 ZOII DEC -b p !2: 0 LJ I am writing to inform you that the Food and Drug Administration (FDA or Agency) has not yet resolved the issues raised in your citizen petition rec…"
/content/drive/MyDrive/FDA Research/2011/FDA-2011-P-0455-0005_FDA_CDER_to_Public_Citizen_s_Health_Research_Group.pdf,672e205216c6,pdf,17,FDA-2011-P-0455,2011,other,
/content/drive/MyDrive/FDA Research/2011/FDA-2011-P-0458-0001_Lead_References_Personal_Care_Products_Council___L.pdf,08a74ca64d6c,pdf,6,FDA-2011-P-0458,2011,other,
/content/drive/MyDrive/FDA Research/2011/FDA-2011-P-0458-0002_Acknowledgement_Letter_to_Personal_Care_Products_C.pdf,adaebecf6ffa,pdf,1,FDA-2011-P-0458,2011,other,
/content/drive/MyDrive/FDA Research/2011/FDA-2011-P-0458-0003_Interim_Response_to_Personal_Care_Products_Council.pdf,1b066d2f75f7,pdf,1,FDA-2011-P-0458,2011,petition,".""....."" .. """". DEPARTME NT OF HEALTH AND HUMAN SERVICES Public Health Service fJt# Food and Drug Administration College Park, MD 20740, \~~ December I, 20 II Lezlee J. Westine President and CEO Personal Care Products Council 1101 17th Street, N,W, Suite 300 Washington, D,C, 20036-4702 RE: Docket Number FDA-2011-P-0458-000IlCP Dear Ms, Westine: This letter is in response to your citizen petition, dated June 8, 20 II and filed with Dockets Management as FDA-2011-P-0458, on June 8, 2011. The acti…"
/content/drive/MyDrive/FDA Research/2011/FDA-2011-P-0458-0005_Scanned_Letter_to_Ms__Westine_Personal_Care_Produc.pdf,a4a01e211f1b,pdf,2,FDA-2011-P-0458,2011,petition,"DEPARTMENT OF HEALTH AND HUMAN SERVICES Ms. Lezlee J. Westine Personal Care Products Council 1101 17th Street, NW, Suite 300 Washington , D.C. 20036-470 2 December 21, 2016 Public Health Service Food and Drug Administration College Park, MD 20740-38 Re: Docket No. FDA-2011-P-0458 Dear Ms. Westine: This letter is in response to your citizen petition, dated June 8, 2011 (Petition), requesting that the Food and Drug Administration (FDA or we) issue a guidance document ""concluding that lead levels …"
/content/drive/MyDrive/FDA Research/2011/FDA-2011-P-0459-0001_Lachman_Consultant_Services__Inc____Citizen_Petiti.pdf,4325b6d6ea63,pdf,30,FDA-2011-P-0459,2011,petition,"LACHMAN CONSULTANT SERVICES, INC. CONSliLTANTS TO THE PHARMACEUTICAL AND ALLIED INDUSTRIES 1600 STEWART AVENUE, WESTBURY, NY 11590 (516) 222-6222 • FAX (516) 683-1887 1m I JUN -8 P \2: 2 0 June 7,2011 OVERNIGHT COURIER 6/7/2011 Division of Dockets Management Food and Drug Administration (HFA-305) Department of Health and Human Services 5630 Fishers Lane, Room 1061 Rockville, MD 20852 CITIZEN PETITION Dear Sir or Madam: The undersigned submits this petition, in quadruplicate, pursuant to Section…"
/content/drive/MyDrive/FDA Research/2011/FDA-2011-P-0459-0002_Acknowledgement_Letter_to_Lachman_Consultant_Servi.pdf,0e7236dedc92,pdf,1,FDA-2011-P-0459,2011,petition,"DEPARTMENT OF HEALTH & HUMAN SERVICES Public Health Service Food and Drug Administration Rockville MD 20857 June 8, 2011 Joan Janulis, Vice President FILE COpyLachman Consultant Services, Inc. 1600 Stewart Avenue Westbury, NY 11590 Dear Ms. Janulis: Your petition to the Food and Drug Administration to declare that Pentazocinne Hydrochloride and Acetaminophen Tablets, 12.5 mg/325 mg and 25 mg/325 mg are suitable for submission as an Abbreviated New Drug Application, was received by this office o…"
/content/drive/MyDrive/FDA Research/2011/FDA-2011-P-0459-0003_Citizen_Petition_Partial_Approval_and_Denial_Respo.pdf,3682d2991a9b,pdf,3,FDA-2011-P-0459,2011,petition,"DEPARTMENT OF HEALTH & HUMAN SERVICES Food and Drug Administration Rockville, MD 20857 JUN 1. 2014 16111 JUN 3 A 9 Lachman Consulting Services, Inc. Attention: Joan Janulis 1600 Stewart Avenue Westbury, NY 11590 Docket No. FDA-2011-P-0459 Dear Ms. Janulis: This is in response to your petition filed on June 8, 2011 with the U.S. Food and Drug Administration (FDA or Agency) requesting permission to file an abbreviated new drug application (ANDA) for the following drug product: Pentazocine Hydroch…"
/content/drive/MyDrive/FDA Research/2011/FDA-2011-P-0460-0001_Citizen_Petition_from_Lachman_Consultant_Services_.pdf,c5dd9322b3db,pdf,5,FDA-2011-P-0460,2011,petition,
/content/drive/MyDrive/FDA Research/2011/FDA-2011-P-0460-0002_Acknowledgment_Letter_from_FDA_DDM_to_Lachman_Cons.pdf,a98806c16f68,pdf,1,FDA-2011-P-0460,2011,other,
/content/drive/MyDrive/FDA Research/2011/FDA-2011-P-0460-0003_Attachment_1_Draft_FRN_Determination_that_TALWIN_C.pdf,782993c8a9a8,pdf,4,FDA-2011-P-0460,2011,other,"4160-01-P DEPARTMENT OF HEALTH AND HUMAN SERVICES rw t-12_ 5?/f {)7 Food and Drug Administration ({<~{) 't I [Docket No. FDA-2011-P-0460J Determination That TAL WIN COMPOUND (Aspirin; Pentazocine Hydrochloride) Tablets, 325 Milligrams; Equivalent to 12.5 Milligram Base, Were Not Withdrawn From Sale for Reasons of Safety or Effectiveness AGENCY: Food and Drug Administration, HHS. ACTION: Notice. SUMMARY: The Food and Drug Administration (FDA) has determined that TALWIN COMPOUND (aspirin; pentazo…"
/content/drive/MyDrive/FDA Research/2011/FDA-2011-P-0460-0004_Response_Letter_from_FDA_CDER_to_Lachman_Consultan.pdf,6c4342dc04be,pdf,3,FDA-2011-P-0460,2011,petition,"(""l DEPARTMENT OF HEALTH &. HUMAN SERVICES '\,,,<~ Food and Drug Administration Rockville MD 20857 AUG 30 2011 4922 11 SEP-8 P4=15 . Joan Janulis Vice President Lachman Consultant Services, Inc. 1600 Stewart Avenue Westbury, NY 11590 Re: Docket No. FDA-20 11-P-0460 Dear Ms. Janulis: This letter responds to your citizen petition received on June 8, 2011, requesting that the Food and Drug Administration (FDA) determine whether TAL WIN COMPOUND (aspirin and pentazocine hydrochloride (HCI)) tablets…"
/content/drive/MyDrive/FDA Research/2011/FDA-2011-P-0473-0001_Acknowledgement_Letter_to_Varam__Inc_.pdf,9b9cda2fda2e,pdf,1,FDA-2011-P-0473,2011,petition,"/~(~-:::z~ DEPARTMENT OF HEALTH & HUMAN SERVICES Public Health Service Food and Drug Administration Rockville MD 20857 June 16, 2011 FILE COpy Frank Nekoranik, Director VARAM, INC. c/o: KVK-Tech, Inc. 110 Terry Drive, Suite 200 Newtown, PA 18940 Mr. Nekoranik: Your petition to the Food and Drug Administration to request that the Food and Drug Administration make a determination that OxyContin (oxycodone hydrochloride extended­ releases) Tablets, 10 mg, 15 mg, 20 mg, 40 mg, 60 mg, 80 mg and 160 …"
/content/drive/MyDrive/FDA Research/2011/FDA-2011-P-0473-0002_Exhibit_A___FDA_CDER_Joint_Meeting_of_the_Anesthet.pdf,e98dc4f01e0c,pdf,9,FDA-2011-P-0473,2011,other,"EXHIBIT A 1 FOOD AND DRUG ADMINISTRATION CENTER FOR DRUG EVALUATION AND RESEARCH Joint Meeting of the Anesthetic and Life Support Drugs Advisory Committee and the Drug Safety and Risk Management Advisory Committee Meeting Announcement Thursday, October 21, 2010 8:30 a.m. to 4:07 p.m. Hilton, Washington D.C./North Gaithersburg 620 Perry Parkway Gaithersburg, Maryland PRECISE REPORTING, LLC"
/content/drive/MyDrive/FDA Research/2011/FDA-2011-P-0473-0004_Interim_Response_to_Varam_Inc__c_o__KVK_Tech_Inc__.pdf,e10361027c03,pdf,1,FDA-2011-P-0473,2011,petition,"~ SlF.V!(Es (""' _J DEPARTMENT OF HEALTH&. HUMAN SERVICES \.,:/- OEC 1 2 2011 ·Frank Nekoranik, Director Varam, Inc. c/o: KVK-Tech, Inc. 110 Terry Drive, Suite 200 Newtown, PA 18940 20!! DEC ! 3 D !: Jq Food and Drug Administration Rockville MD 20857 Re: Docket No. FDA-2011-P-0473 Dear Mr. Nekoranik: I am writing to inform you that the Food and Drug Administration (FDA) has not yet resolved the issues raised in your citizen petition received on June 16, 2011. Your petition requests that the Agen…"
/content/drive/MyDrive/FDA Research/2011/FDA-2011-P-0473-0010_FDA_CDER_to_Varam_Inc_c_o_KVK_Tech_Inc___Agency_Re.pdf,3ebf6f14e07e,pdf,11,FDA-2011-P-0473,2011,other,
/content/drive/MyDrive/FDA Research/2011/FDA-2011-P-0473-0011_List_of_References.pdf,b9569d164c93,pdf,2,FDA-2011-P-0473,2011,other,"REFERENCES 1U\J ~PR 23 An~ 3b Federal Register Notice [Docket Nos. FDA-2001-P-0238, FDA-2010-P-0526, FDA-2010-P-0540, FDA-2011-P-0473] Determination That the OXYCONTIN ( oxycodone hydrochloride) Drug Products Covered by New Drug Application 20-553 Were Withdrawn From Sale for Reasons of Safety or Effectiveness TAB r -F C'ONTt=NT National Center for Injury Prevention and Control, Centers for Disease Control and Prevention (CDC), ""Policy Impact: Prescription Painkiller Overdoses "" CDC, ""Vital Sig…"
/content/drive/MyDrive/FDA Research/2011/FDA-2011-P-0474-0001_Kalypto_Medical__Inc____DuVal___Associates__P_A___.pdf,e28994fab5cb,pdf,19,FDA-2011-P-0474,2011,petition,"- CITIZEN PETITION OF KAL YPTO MEDICAL, INC. (""PETITIONER"") Re: Smith & Nephew PLC's Section 510(k) premarket notification of intent to market the ""PICO"" single use negative wound therapy device - DATE: June 10,2011 Drug, Device and Food Law 2 DuVal & Associates, PA TABLE OF CONTENTS ...... : -. ..."" INTRODUCTIONIEXECUTIVE SUMMARY 3 BACKGROUND ON NPWT AND SYSTEM CONFIGURATIONS 5 A. ACTION REQITESTED 10 B. STATEMENT OF GROUNDS 11 1. The PICO Patient Home Care Information guide and product descri…"
/content/drive/MyDrive/FDA Research/2011/FDA-2011-P-0474-0002_Acknowledgement_Letter_to_Kalyto_Medical__Inc____D.pdf,9298fb45da69,pdf,1,FDA-2011-P-0474,2011,petition,"(.~ DEPARTMENT OF HEALTH & HUMAN SERVICES Public Health Service ~~~~,.. Food and Drug Administration Rockville MD 20857 June 13, 2011 Mark E. DuVal, Esq. Mark E. Gardner, Esq. FilE COPy DuVal & Associates, P.A. Medical Arts Building, Suite 1820 825 Nicollet Mall Minneapolis, MN 55402 Mr. DuVal: Your petition, on behalf of Kalypto Medical, Inc. to the Food and Drug Administration to request a stay of any Agency action that would result in the 51 O(k) clearance of Smith & Nephew PLC's (""Smith & N…"
/content/drive/MyDrive/FDA Research/2011/FDA-2011-P-0474-0003_Kalypto_Medical__Inc____DuVal___Associates__P_A___.pdf,94eba192dec5,pdf,7,FDA-2011-P-0474,2011,other,"4 --/ ..... ""I - .... ""­ L L L DUVAL & ASSOCIATES, P A. ""-"",""""-""-""""-""""-""""""""- DuVal &Associates, P,A, 1820 Medical Arts BUi!ding ""nl! 111M ! 3 1\ 0. II 5 825 Nicollet MallL.i 0Ui~ ""' Q. \"" Minneapolis, MN 55402 612·338·7170 Main 612-455'0665 Fax -Nww,duVdltd<1!JW ceni SENT VIA FEDEX June 10,2011 Division ofDockets Management Food and Drug Administration Department of Health and Human Services 5630 Fishers Lane Rm 1061 Rockville, MD 20852 To Whom It May Concern: Please find enclosed for immediate…"
/content/drive/MyDrive/FDA Research/2011/FDA-2011-P-0474-0004_Acknowledgement_Letter_to_Kalyto_Medical__Inc____D.pdf,7f98d41122f4,pdf,1,FDA-2011-P-0474,2011,petition,"---~..;..""fJlV1Crs ~ ~(4- DEPARTMENT OF HEALTH & HUMAN SERVICES Public Health Service '<j,~:::l Food and Drug Administration Rockville MD 20857 FILE COpy-July 12, 2011 Mark E. DuVal, Esq. Correction Mark E. Gardner, Esq. DuVal & Associates, P.A. Medical Arts Building, Suite 1820 825 Nicollet Mall Minneapolis, MN 55402 Mr. DuVal: Your petitions, on behalf of Kalypto Medical, Inc. to the Food and Drug Administration to request a stay of any Agency action and citizen petition (concurrently) that w…"
/content/drive/MyDrive/FDA Research/2011/FDA-2011-P-0474-0005_Interim_Response_to_Kalypto_Medical__Inc___DuVal__.pdf,a76ab774ec3d,pdf,1,FDA-2011-P-0474,2011,petition,"DEPARTMENT OF HEALTH&. HUMAN SERVICES December 5, 2011 ·Mark E. DuVal, Esq. Mark E. Gardner, Esq. DuVal & Associates, P.A. Medical Arts Building, Suite 1820 825 Nicollet Mall Minneapolis, MN 55402 .f Re: Citizen Petition- Docket Number FDA*2011-0474 ~ Dear Mr. DuVal: Public Health Service Food and Drug Administration Rockville MD 20857 This is an interim response to your petition dated June 10, 2011, which was filed by the Food and Drug Administration (FDA) on June 13, 2011. In the petition, on…"
/content/drive/MyDrive/FDA Research/2011/FDA-2011-P-0474-0006_Withdrawal_of_Petition_from_Kalypto_Medical__Inc__.pdf,f9579c61d7cb,pdf,1,FDA-2011-P-0474,2011,petition,"November 19, 2019 Dockets Management Staff (HFA -305) Food and Drug Administration 5630 Fishers Lane Room 1061 Rockville, MD 20852 Dear Dockets, Kalypto Medical Inc., withdraws its Petition for Stay of Action (PSA) and Citizen Petition (CP) under d ocket number FDA -2011 -P-0474, which requested FDA stay the 510(k) clearance of Smith & Nephew PLC's single -use portable negative wound therapy device (""PICO"") or other similar device that is now pending or filed in the future, which claims to be s…"
/content/drive/MyDrive/FDA Research/2011/FDA-2011-P-0475-0001_Exhibit_3____FDA_Office_of_Legislation_to_the_Hono.pdf,bb6bdf1866bd,pdf,2,FDA-2011-P-0475,2011,other,".....o#' IUYl~ClAt.~"", t JIt:"" DEPARTMENT OF HEALTH AND HUMAN SERVICES <::~ ---_._---- _._. ----------------­ Food and Drug Administration Silver Spring MD 20993 The Honorable Richard J. Durbin United States Senator 230 South Dearbom St. JUL 292010 Suite 3892 Chicago, IL 60604 Dear Senator Durbin: Thank you for your letter of June 9, 2010, on behalf of Mr. S. Albert Edwards of Lincolnshire, Illinois. Mr. Edwards alleges that a clinical investigator and Institutional Review Board at Northwestem …"
/content/drive/MyDrive/FDA Research/2011/FDA-2011-P-0475-0002_Acknowledgement_Letter_to_Dr__S__Albert_Edwards.pdf,183b00881bbb,pdf,1,FDA-2011-P-0475,2011,petition,"~~ Public Health Service (,:1­ DEPARTMENT OF HEALTH & HUMAN SERVICES Food and Drug Administration Rockville MD 20857 June 14, 2011 Dr. S. Albert Edwards FILE COpy Dr. Edwards: Your petition to the Food and Drug Administration to investigate the Citizens Petition ­ Investigation of Edwards Lifesciences, Northwestern University IRB, and Dr. Patrick McCathy was received by this office on 06/14/2011. It was assigned docket number FDA­ 2011-P-0475-0001/CP, and it was filed on 06/14/2011. Please refe…"
/content/drive/MyDrive/FDA Research/2011/FDA-2011-P-0475-0003_Dr__S__Albert_Edwards___Supplement.pdf,87f37cc77f30,pdf,3,FDA-2011-P-0475,2011,petition,"eff Wo/ July 5, 2011 Karen Kennard, Director 7.01\ JO- P 38 Division of Dockets Management Food and Drug Administration Department of Health and Human Services 5630 Fishers Lane, Rm. 1061, HFA-305 Rockville, MD 20852 Dear Director Kennard: RE: Docket # FDA-2011-P-0475-0001/CP-Investigation of Edwards Lifesciences, Northwestern University IRB, and Dr. Patrick McCarthy The undersigned supplements and amends this petition with a June 17, 2011 letter from the Northwestern IRB acknowledging that my …"
/content/drive/MyDrive/FDA Research/2011/FDA-2011-P-0479-0001_Citizen_Petition_from_Dr__S__Albert_Edwards_Redact.pdf,7b1d415d3d61,pdf,3,FDA-2011-P-0479,2011,petition,"~I June 6,2011 2011 JUN I W A q: I W Division ofDockets Management Food and Drug Administration Department ofHealth and Human Services 5630 Fishers Lane, Rm. 1061, HFA-305 Rockville, MD 20852 Dear Persons: RE: Annuloplasty Rings -Class II v. Class III and Death Report Analysis The undersigned submits this petition under the Medical Device Amendments to the Federal Food, Drug, and Cosmetic Act; the Code ofFederal Regulations, Title 21, Parts 800-898; andlor any other statutory provision for whic…"
/content/drive/MyDrive/FDA Research/2011/FDA-2011-P-0479-0002_Acknowledgment_Letter_from_FDA_DDM_to_Dr__S__Alber.pdf,73f304bae2c5,pdf,1,FDA-2011-P-0479,2011,petition,"DEPARTMENT OF HEALTH & HUMAN SERVICES Public Health Service Food and Drug Administration RonrrC50Pl June 14, 2011 Dr. S. Albert Edwards Dr. Edwards: Your petition to the Food and Drug Administration requesting to investigate the placement of annuloplasty rings and the current number of deaths from annuloplasty rings for the most recent five year period, was received by this office on 06/14/2011. It was assigned docket number FDA-2011-P-0479-0001/CP, and it was filed on 06/14/2011. Please refer …"
/content/drive/MyDrive/FDA Research/2011/FDA-2011-P-0479-0003_Interim_Response_Letter_from_FDA_CDRH_to_Dr__S__Al.pdf,065abe24fe7f,pdf,1,FDA-2011-P-0479,2011,petition,"DEPARTMENT OF HEALTH & HUMAN SERVICES DEC 2 2011 Dr. S. Albert Edwards, PharmD, RAC, FRAPS Re: Citizen Petition -Docket Number FDA-2011-P-0479 Dear Dr. Edwards: Public Health Service Food and Drug Administration 10903 New Hampshire A venue Silver Spring, MD 20993 This is an interim response to your petition dated June 6, 2011, filed by the Food and Drug Administration (FDA) on June 14, 2011. In the petition, you requested FDA to assess reported deaths occurring after the use of annuloplasty rin…"
/content/drive/MyDrive/FDA Research/2011/FDA-2011-P-0479-0004_Citizen_Petition_Denial_Response_Letter_from_FDA_C.pdf,36b45c010e27,pdf,7,FDA-2011-P-0479,2011,petition,"{.-✓~ Ii U.S. FOOD & DRUG -~~t_ ADMINISTRATION 12/09/2019 Dr. S. Albert Edwards, PharmD, RAC, FRAPS Re: Citizen Petition -Docket Number FDA-2011-P-0479 Dear Dr. Edwards: This is a response to your citizen petition, dated June 6, 2011, and filed with FDA Dockets on June 14, 2011, regarding annuloplasty rings.1 When considered in its entirety, your petition appears to request that the Food and Drug Administration (FDA or Agency) initiate a process to reclassify annuloplasty rings from class II to…"
/content/drive/MyDrive/FDA Research/2011/FDA-2011-P-0482-0001_Novo_Nordisk__Inc____Citizen_Petition.pdf,f41f35bf41f2,pdf,9,FDA-2011-P-0482,2011,petition,": 4611 11 JUN 17 P I :57 novo nordisle June 17, 2011 BY HAND DELIVERY Division of Dockets Management Food and Drug Administration 5630 Fishers Lane Room 1061, HFA-305 Rockville, Maryland 20852 Re: Citizen Petition Regarding the Approval of Abbreviated New Drug Applications for Vagifem (estradiol vaginal tablets) 10 and 25 mcg Dear Sir or Madam: CITIZEN PETITION Novo Nordisk Inc. (""Novo Nordisk"") submits this Citizen Petition pursuant to the Federal Food, Drug, and Cosmetic Act (""FDC Act"") and t…"
/content/drive/MyDrive/FDA Research/2011/FDA-2011-P-0482-0002_Acknowledgement_Letter_to_Novo_Nordisk__Inc_.pdf,27a7e4e8fb75,pdf,1,FDA-2011-P-0482,2011,other,
/content/drive/MyDrive/FDA Research/2011/FDA-2011-P-0482-0003_FDA_CDER_Interim_Response_to_Novo_Nordisk_Inc.pdf,a82e1f6ff6c3,pdf,1,FDA-2011-P-0482,2011,petition,"DEPARTMENT OF HEALm &. HUMAN SERVICES Food and Drug Administration Rockville MD 20857 . 2011 DEC I b A 9: I b DEC '! 2 2011 • Jeremy Berger Senior Litigation Attorney Novo Nordisk, Inc. 100 College Road, West Princeton, NJ 08540 Re: Docket No. 2011-P-0482 Dear Mr. Berger: I am writing to inform you the Food and Drug Administration (FDA or the Agency) has not yet resolved the issues raised in your citizen petition submitted on June 17, 2011, on behalfofNovo Nordisk, Inc. Your petition asks that …"
/content/drive/MyDrive/FDA Research/2011/FDA-2011-P-0482-0004_Determination_That_VAGIFEM__Estradiol__Vaginal_Tab.pdf,853ce5b27718,pdf,2,FDA-2011-P-0482,2011,other,"29720 Federal Register / Vol. 80, No. 99 / Friday, May 22, 2015 / Notices 343(r)(3)(A)) provides for the use of food label statements characterizing a relationship of any nutrient of the type required to be in the label or labeling of the food to a disease or a health related condition only where that statement meets the requirements of the regulations promulgated by the Secretary of Health and Human Services to authorize the use of such a health claim. Section 101.82 (21 CFR 101.82) of our reg…"
/content/drive/MyDrive/FDA Research/2011/FDA-2011-P-0482-0005_FDA_CDER_to_Novo_Nordisk_Inc___Citizen_Petition_Pa.pdf,45f446cf0b5f,pdf,17,FDA-2011-P-0482,2011,petition,"DEPARTMENT OF HEALTH &. HUMAN SERVICES Edward F. Hanover Corporate Counsel Novo Nordisk Inc. 100 College Road, West Princeton , NJ 08540 MAY 2 2 2015 Food and Drug Administration 10903 New Hampshire Avenue Building #51 Silver Spring, MD 20993 Re: Docket Nos. FDA-2009-P-0089 and FDA-2011-P-0482 Dear Mr. Hanover: This letter responds to two citizen petitions filed by Novo Nordisk Inc. (Petitions). The first petition, dated February 18, 2009 (Petition 1), requests that the Food and Drug Administra…"
/content/drive/MyDrive/FDA Research/2011/FDA-2011-P-0484-0001_GotMercury_Turtle_Island_Restoration_TIRN_and_The_.pdf,44793070f805,pdf,19,FDA-2011-P-0484,2011,other,"06/20/2011 10:17 FAX 16507234426 Mills Legal Clinic raJ 000110019 Environmental Law Clinic Crown Quadrangle 559 Nathan Abbott Way stanford, CA 9430>8610 Tel 650 725-8571 Fax 65Q 723-4426 wwwJaw.stanford.edu June 20, 2~fi~ JUN 2 0 P 3: 21 BY FACSIMILE AT 301-827-6870 BY CERTIFIED MAlL, RETIJRN RECEIPT REQUESTED Dr. Margaret A. Hamburg. Commissioner U.S. Food and Drug Administration 10903 New Hampshire Ave Silver Spring. :MD 20993 Dockets Management Branch Food and Drug Administration. Room 1061 …"
/content/drive/MyDrive/FDA Research/2011/FDA-2011-P-0484-0002_Acknowledgement_Letter_to_GotMercury__Turtle_Islan.pdf,6a1016226ff8,pdf,1,FDA-2011-P-0484,2011,petition,"DEPARTMENT OF HEALTH & HUMAN SERVICES Public Health Service Food and Drug Administration Rockville MD 20857 fiLE COPl June 20, 2011 Deborah A. Sivas Environmental Law Clinic 559 Nathan Abbott Way Stanford, CA 94305-8610 Dear Ms. Sivas: Your petition to the Food and Drug Administration submitted on behalf of Turtle Island Restoration (TIRN) and The Center for Biological Diversity requesting to initiate rulemaking to reduce human exposure to mercury levels from commercial fish sold in the U.S par…"
/content/drive/MyDrive/FDA Research/2011/FDA-2011-P-0484-0003_Turtle_Island_Restoration_TIRN_and_The_Center_for_.pdf,930648f296ab,pdf,17,FDA-2011-P-0484,2011,other,"December 8, 2011 · Dr. Margaret A. Hamburg, CorrUnissioner U.S .. Food and Drug Administration 10903 New Hampshire Ave Silver Spring, MD 20993 • · Fax: 301-847-3531. Dockets Management Branch Food and Drug Admi;nistration, Room 1061 5630 FisherS Lane · · Rockville, MD 20852 . · Fruc 301-827 -6s7o Re: Docket number FDA-2011-P-0484-0001/CP . . ' . ·. . . . ' : . Dear Commissioner Hamburg and FDA Dockets Branch, c -8 p 2: 52 Please find attached a new investigation into m~cury levels in madin, ahi…"
/content/drive/MyDrive/FDA Research/2011/FDA-2011-P-0484-0004_Interim_Response_to_GotMercury__Turtle_Island_Rest.pdf,7b24ee876305,pdf,1,FDA-2011-P-0484,2011,petition,"(l DEPARTMENT OF HEALTH & HUMAN SERVICES Public Health Service Buffy Martin Tarbox Campaign Coordinator Got Mercury, Turtle Island Restoration Network P.O. Box 370 Forest Knolls, California 94933 AUG 8 20f Food and Drug Administration College Park, MD 207 40 lUll AUG I 3 A q: 3 I Re: Docket No. FDA-2011-P-0484/CP1 Dear Ms. Tarbox: This is a tentative response to the citizen petition filed with the Food and Drug Administration (FDA) on June 20, 2011, on behalf of Got Mercury, Turtle Island Resto…"
/content/drive/MyDrive/FDA Research/2011/FDA-2011-P-0484-0005_FDA_CFSAN_to_Ms_Sivas_Ms_Tarbox_and_Ms_Kilduff__Pe.pdf,4577170feefc,pdf,23,FDA-2011-P-0484,2011,other,"(,.....t, DEPARTMENT OF HEALTH & HUMAN SERVICES ,~'r Ms. Deborah A. Sivas Luke W. Cole Professor of Environmental Law And Director of the Stanford Environmental Law Clinic Crown Quadrangle 559 Nathan Abbot Way Stanford, California 94305-8610 Buffy Martin Tarbox, Campaign Coordinator Got Mercury, Turtle Island Restoration Network P.O. Box 370 Forest Knolls, California 94933 Catherine Kilduff, Staff Attorney Center for Biological Diversity 351 California Street, Ste. 600 San Francisco, California…"
/content/drive/MyDrive/FDA Research/2011/FDA-2011-P-0484-0006_Turtle_Island_Restoration_Network_Comment.pdf,174534e87e7f,pdf,5,FDA-2011-P-0484,2011,petition,"ZOI3 FEB 21 !0: Sq 1 February 2013 Dr. Margaret A. Hamburg, Commissioner U.S. Food and Drug Administration 10903 New Hampshire Ave Silver Spring, MD 20993 Re: Petition to initiate rulemaking to reduce human exposure, particularly for women of childbearing !lge, pr·egnant and nursing women, children and the most vulnerable populations to mercury levels from commercial fish sold in the United States (FDA-2011-P-0484-0001/CP) To Whom It May Concern: In light of the Food and Drug Administration's (…"
/content/drive/MyDrive/FDA Research/2011/FDA-2011-P-0484-0007_Center_for_Biological_Diversity__Supplement.pdf,b1ef994a346b,pdf,3,FDA-2011-P-0484,2011,supplement/amendment,"01/21/2011 FRI 16:47 FAX 4154369683 CBD SF BAY AREA OFFICE ,t11, 2911, Got Mercury? • At• ;Jul. 7 2011 Via certified mail and facsimile July 21, 2011 Dr. Margaret A. Hamburg, Commissioner U.S. Food and Drug Administration 10903 New Hampshire Ave Silver Spring, MD 20993 Fax: 301-847-3531Dockets Management Branch Food and Drug Administration, Room 1061 5630 Fishers Lane Rockville, MD 20852 Fax: 301-827-6870U001/064 Re: Docket number FDA-2011-P-0484-0001/CP Dear Commissioner Hamburg, On June 20, 2…"
/content/drive/MyDrive/FDA Research/2011/FDA-2011-P-0484-0008_Supplement_from_Got_Mercury.pdf,88dcdc2606aa,pdf,63,FDA-2011-P-0484,2011,supplement/amendment,"4%.voroatow... 01/21/2011 FRI 1725 FAX 4154369683 CEID SF BAY AREA OFFICE 20„ juL 4(1149rcury? A7T3 w.44 NM6: Via certified mail and facsimile July 21, 2011 Dr_ Margaret A. Hamburg, Commissioner U.S. Food and Drug Administration 10903 New Hampshire Ave Silver Spring, MD 20993 Fax: 301-847-3531Dockets Management Branch Food and Drug Administration, Room 1061 5630 Fishers Lane Rockville, MD 20852 Fax: 301-827-6870[2001/064 Re: Docket number FDA-2011-P-0484-0001/CP Dear Commissioner Hamburg, On Ju…"
/content/drive/MyDrive/FDA Research/2011/FDA-2011-P-0486-0001_Exhibit_B___Paragraph_IV_Patent_June_10__2011.pdf,3d11c51e0292,pdf,36,FDA-2011-P-0486,2011-06-10,other,
/content/drive/MyDrive/FDA Research/2011/FDA-2011-P-0486-0002_Acknowledgement_Letter_to_Paddock_Laboratories__In.pdf,7bc7fb6b0f2f,pdf,1,FDA-2011-P-0486,2011,other,
/content/drive/MyDrive/FDA Research/2011/FDA-2011-P-0486-0003_Interim_Response_to_Winston___Strawn_LLP____Letter.pdf,1f88e91e74b7,pdf,1,FDA-2011-P-0486,2011,petition,"~ Sl.ilVICE,r(~v~.~,::'rDEPARTMENT OF HEALTH &. HUMA SERVICES Food and Drug Adminhtratlon Rockvile MD 20857 JAN 4 2012 Charles B. Klein Parer. Winston & Strawn LLP 1700 K Street, N.W. Washington, D.C. 20006 Re: Docket No. FDA~2011-P-0486 Dear Mr. Klein: I am writing to inform you that the Food and Drug Administration (FDA) has not yet resolved the issues raised in your citizen petition received on June 21, 2011, and submitted on behalf of Paddock Laboratories, Inc. Your petition requests that t…"
/content/drive/MyDrive/FDA Research/2011/FDA-2011-P-0486-0004_FDA_CDER_to_Paddock_Laboratories__Inc____Winston__.pdf,b89803d02a7a,pdf,6,FDA-2011-P-0486,2011,petition,"~ stRV1ctS.(4"""",,,,~DEPARTMENT OF HEALTH &. HUMA SERVICES MAR 1 2012Food and Drug Administration Rockville MD 20857 Charles B. Klein Partner . Winston & Strawn LLP 1700 K Street, N. W. Washington, D.C. 20006 Re: Docket No. FDA-2011-P-0486 , Dear Mr. Klein, This letter responds to your citizen petition submitted on behalf of Paddock Laboratories, Inc. (Paddock), which was received by the Food and Drug Administration (FDA or Agency) on June 21, 2011 (Petition), requesting that FDA formally determ…"
/content/drive/MyDrive/FDA Research/2011/FDA-2011-P-0488-0001_Sandoz__Inc____Citizen_Petition.pdf,b5f48ef0d2ee,pdf,3,FDA-2011-P-0488,2011,petition,
/content/drive/MyDrive/FDA Research/2011/FDA-2011-P-0488-0002_Acknowledgement_Letter_to_Sandoz__Inc_.pdf,262e6cab6404,pdf,1,FDA-2011-P-0488,2011,other,
/content/drive/MyDrive/FDA Research/2011/FDA-2011-P-0488-0003_Determination_That_Products_Were_Not_Withdrawn_Fro.pdf,b6168b948a50,pdf,1,FDA-2011-P-0488,2011,other,"72950 Federal Register / Vol. 76, No. 228 / Monday, November 28, 2011 / Notices [FR Doc. 2011–30450 Filed 11–25–11; 8:45 am] BILLING CODE 4164–01–C DEPARTMENT OF HEALTH AND HUMAN SERVICES Food and Drug Administration [Docket No. FDA–2011–P–0488] Determination That TAXOTERE (Docetaxel) Injection, 40 Milligrams/ Milliliter Was Not Withdrawn From Sale for Reasons of Safety or Effectiveness AGENCY : Food and Drug Administration, HHS. ACTION : Notice. SUMMARY : The Food and Drug Administration (FDA)…"
/content/drive/MyDrive/FDA Research/2011/FDA-2011-P-0488-0004_FDA_CDER_to_Sandoz__Inc____Response_Letter.pdf,2e10c3f3b568,pdf,2,FDA-2011-P-0488,2011,response/decision,
/content/drive/MyDrive/FDA Research/2011/FDA-2011-P-0497-0001_Washington_Legal_Foundation___Citizen_Petition.pdf,8b2d31acdcad,pdf,23,FDA-2011-P-0497,2011,petition,"WASHINGTON LEGAL FOUNDATION 2009 MASSACHUSETTS AVENUE, N.W. WASHINGTON, D. C. 20038 202588-0302 www.wlf.org 7.011 JUN 30 P 3: 1, June 28,2011 Division ofDockets Management Food and Drug Administration Department ofHealth and Human Services 5630 Fishers Lane Room 1061 Rockville, MD 20852 Re: Citizen Petition Regarding Use of Advice from 10M Committee That Fails to Comply with FACA's Fair Balance Requirement CITIZEN PETITION The Washington Legal Foundation (WLF) hereby submits this petition under…"
/content/drive/MyDrive/FDA Research/2011/FDA-2011-P-0497-0002_Acknowledgement_Letter_to_Washington_Legal_Foundat.pdf,6cd707b9e00a,pdf,1,FDA-2011-P-0497,2011,petition,"("".~ DEPARTMENT OF HEALTH & HUMAN SERVICES Public Health Service ,::z~ Food and Drug Administration Rockville MD 20857 June 30, 2011 f\lt COP,Daniel J. Popeo Washington Legal Foundation 2009 Massachusetts Avenue, N.W. Washington, D. C. 20036 Dear Mr. Popeo: Your petition to the Food and Drug Administration requesting use of Advice from 10M Committee that fails to comply with FACA's fair Blance Reqirement, was received by this office on 06/30/2011. It was assigned docket number FDA-2011-P-0497-0…"
/content/drive/MyDrive/FDA Research/2011/FDA-2011-P-0497-0003_FDA_OC_to_Washington_Legal_Foundation___Petition_D.pdf,b19abff33df2,pdf,6,FDA-2011-P-0497,2011,petition,"('Æ...~,:f... .., DEPARTMET OF HEAL TI & HUMA SERVICES Public Health Service Foo and Drg Administration FEB 21 2012 1093 New Hampshire Avenue Silver Spnng, MD 20993 Robert Klepinsky 200 South Sixth St., Suite 4000 Minneapolis, MN 55402 Richard A. Samp Danel J. Popeo Lilia Doiban Washington Legal Foundation 2009 Massachusetts Ave., NW Washington, DC 20036 Re: Citizen Petition Regarding Use of Advice from 10M Committee That Fails to Comply with FACA's Fair Balance Requirement (Docket No. FDA- 201…"
/content/drive/MyDrive/FDA Research/2011/FDA-2011-P-0512-0001_Allergan__Inc___et_al____Ropes___Gray____Citizen_P.pdf,680b4df1e20c,pdf,14,FDA-2011-P-0512,2011,other,
/content/drive/MyDrive/FDA Research/2011/FDA-2011-P-0512-0002_Acknowledgement_Letter_to_Allergan__Inc___et_al___.pdf,19a2f29efe53,pdf,1,FDA-2011-P-0512,2011,other,
/content/drive/MyDrive/FDA Research/2011/FDA-2011-P-0512-0003_Academy_of_Managed_Care_Pharmacy___Letter.pdf,3e739d55972b,pdf,4,FDA-2011-P-0512,2011,petition,"Academy of Managed Care Pharmacy® 2011 AUG - 1 P 12 : 1 0 President July 26, 2011 David L. Clark, RPh, MBA Portland, OR Division of Dockets Management Food and Drug Administration 5830 Fishers Lane, Room 1061 Rockville, MD 20852 Subject: Citizen's petition submitted on July 5, 2011, by Ropes & Gray and Sidley Austin LLP (Docket # FDA-2011-P-0512) On July 5, 2011, Ropes & Gray and Sidley Austin LLP submitted a citizen's petition on behalf of seven medical product manufacturers to clarify Food an…"
/content/drive/MyDrive/FDA Research/2011/FDA-2011-P-0512-0005_Interim_Response_to_Ropes___Gray_LLPand_Sidley_Aus.pdf,2866bb79d6c2,pdf,2,FDA-2011-P-0512,2011,petition,"(""""l DEPARTMET OF HEALTH &. HUMA SERVICES~,,,;~.. Food and Drug Administration Rockville MD 20857 DEC 2 9 2011 Alan R; Bennett Ropes & Gray LLP One Metro Center 700 12th Street, NW Washington, DC 20005 Paul E. Kalb Sidley Austin LLP 1501 K Street, NW Washington, DC 20005 Re: Docket No. FDA-201 1-P-0512 Dear Mr. Bennett and Mr. Kalb: I am writing in response to your citizen petition received on July 5,2011, and submitted on behalf of seven product manufacturers. i Your petition requests that the…"
/content/drive/MyDrive/FDA Research/2011/FDA-2011-P-0512-0009_Citizen_Petition_Approval_Response_from_FDA_CDER_t.pdf,57de32ea2591,pdf,10,FDA-2011-P-0512,2011,petition,
/content/drive/MyDrive/FDA Research/2011/FDA-2011-P-0512-0010_Letter_from_FDA_CDER_to_Ropes_and_Gray_LLP_and_Sid.pdf,bf8dbe45de85,pdf,2,FDA-2011-P-0512,2011,other,"• I DEPARTMENT OF HEALTH & HUMAN SERVICES Alan R. Bennett Ropes & Gray LLP One Metro Center 700 12th Street, NW Washington, DC 20005 Joan McPhee Ropes & Gray LLP Prudential Tower 800 Boylston Street Boston, MA 02199-3600 Coleen Klasmeier Paul E. Kalb Sidley Austin LLP 1501 K Street, NW Washington, DC 20005 DEC 2 2 2014 Re: Docket Nos. FDA-2011-P-0512 and FDA-2013-P-1079 Dear Mr. Bennett, Ms. McPhee, Ms. Klasmeier, and Mr. Kalb: Public Health Service ·Food and Drug Administration Silver Spring, …"
/content/drive/MyDrive/FDA Research/2011/FDA-2011-P-0512-0011_Petition_to_Stay_and_for_Reconsideration.pdf,e2c7873bf4a5,pdf,22,FDA-2011-P-0512,2011,petition,"February 8, 2017 Division of Dockets Management Food and Drug Administration Room 1061, HFA -305 5630 Fishers Lane Rockville, MD 20852 PETITION TO STAY AND FOR RECONSIDERATION On behalf of the Medical Information Working Group (MIWG), the Pharmaceutical Research and Manufacturers of America (PhRMA), and the Biotechnology Innovation Organization (BIO), we respectfully submit the following Petition to Stay and for Reconsideration (Pe tition). I. Decision Involved This Petition challenges the fina…"
/content/drive/MyDrive/FDA Research/2011/FDA-2011-P-0512-0012_Acknowledgment_Letter_From_FDA_DDM_to_Sidley_Austi.pdf,adb50eb6d26b,pdf,2,FDA-2011-P-0512,2011,other,"DEPARTMENT OF HEALTH & HUMAN S ERVICE S Public Health Service Food and Drug Administration Silver Spring MD 20993 January 23, 2017 Paul E. Kalb , Coleen Klasmeier Joseph R. Guerra , Sean C. Griffin SIDLEY AUSTIN LLP 1501 K Street NW Washington, DC 20001 (202) 736- 8000 James C. Stansel PHARMACEUTICAL RESEARCH AND MANUFACTURERS OF AMERICA 950 F Street NW, Suite 300 Washington, DC 20004 John Murphy BIOTECHNOLOGY INNOVATION ORGANIZA TION 1201 Maryland Avenue, SW Suite 900 Washington, DC 20024 Kell…"
/content/drive/MyDrive/FDA Research/2011/FDA-2011-P-0512-0013_Petition_Interim_Response_from_FDA_OP_to_MIWG.pdf,3dc3bb31d95c,pdf,1,FDA-2011-P-0512,2011,petition,"(-~~··;, Ii U.S. FOOD & DRUG ·., ~~ ADMINISTRATION .... ~~(' Paul E. Kalb Coleen Klasmeier Joseph R. Guerra Sean C. Griffin Sidley Austin LLP 1501 K Street NW Washington , DC 20001 Kellie B. Combs Douglas H. Hallward-Driemeier Ropes & Gray LLP 2099 Pennsylvania Avenue NW Washington , DC 20006 Joan McPhee Ropes & Gray LLP 1211 A venue of the Americas New York, NY 10036 JUL 2 8 2017 James C. Stansel Pharmaceutical Research and Manufacturers of America 950 F. Street NW, Suite 200 Washington , DC 2…"
/content/drive/MyDrive/FDA Research/2011/FDA-2011-P-0512-0014_Kalb_et_al_IU_Final_Rule_Response_3_26_18.pdf,41014d7fcc0a,pdf,4,FDA-2011-P-0512,2011,response/decision,"March 26, 2018 Paul E. Kalb Coleen Klasmeier Joseph R. Guerra Sean C. Griffin Sidley Austin LLP 1501 K Street NW Washington , DC 20001 Kellie B. Combs Douglas H. Hallward-Driemeier Ropes & Gray LLP 2099 Pennsylvania A venue NW Washington , DC 20006 Joan McPhee Ropes & Gray LLP 1211 Avenue of the Americas New York, NY 10036 James C. Stansel Pharmaceutical Research and Manufacturers of America 950 F. Street NW, Suite 200 Washington, DC 20004 Jolm Murphy Biotechnology Innovation Organization 1201 …"
/content/drive/MyDrive/FDA Research/2011/FDA-2011-P-0515-0001_Pharmacists_Planning_Service__Inc___PPSI____Citize.pdf,de82193195a8,pdf,4,FDA-2011-P-0515,2011,petition,"rnicosts pbnnim servce, Ina 101 Lucas Valley Road, Suite 384 San Rafael, California 94903 Tel: (415) 479-8628 • Fox: (415) 479-8608 • e-mail: ppsi@aol.com January 24, 2011 201I 111. - b P l Documents Management Branch Food and Drug Administration Department of Health and Human Services 5600 Fishers Lane, Room 4-62 Rockville, MD 20852 Re: Citizen's Petition to Remove Pseudoephedrine (PSE) from the Marketplace Pharmacists Planning Service, Inc. (PPSI) is a 501 C (3) nonprofit public health, consu…"
/content/drive/MyDrive/FDA Research/2011/FDA-2011-P-0515-0002_Acknowledgement_Letter_to_Pharmacists_Planning_Ser.pdf,c3b620b2a3fe,pdf,1,FDA-2011-P-0515,2011,petition,"DEPARTMENT OF HEALTH & HUMAN SERVICES Public Health Service Food and Drug Administration Rockville MD 20857 FILE COPI July 6, 2011 Frederick S. Mayer, R.Ph., M.P.H. President Pharmacists Planning Service, Inc. 101 Lucas Valley Road, Suite 384 San Rafael, CA 94903 Dear Dr. Mayer: Your petition to the Food and Drug Administration requesting to issue a Federal Regulation to remove Pseudoephedrine (PSE) from the marketplace immediately, was received by this office on 07/6/2011. It was assigned dock…"
/content/drive/MyDrive/FDA Research/2011/FDA-2011-P-0515-0003_Interim_Response_to_Pharmacists_Planning_Service__.pdf,382f74b540f6,pdf,1,FDA-2011-P-0515,2011,petition,"'"" SiRV1CtS. ("" ~ DEPARMENT OF HEALTI &. HUMA SERVICES ~~-~,~'r Frederick S. Mayer, R.Ph., M.P.H. President Pharmacists Planing Service, Inc. 101 Lucas Valley Road, Suite 384 San Rafael, CA 94903Food and Drug Administration Rockvile M D 20857 DEC 29 2011 Re: Docket No. FDA-2011-P-0515 Dear Mr. Mayer: I am writing to inform you that the Food and Drug Administration (FDA) has not yet resolved the issues raised in your citizen petition received on July 6, 2011. Your petition requests that the Agen…"
/content/drive/MyDrive/FDA Research/2011/FDA-2011-P-0515-0004_Petitions_Response_to_Pharmacists_Planning_Service.pdf,8d1728207bc5,pdf,3,FDA-2011-P-0515,2011,petition,"'"" SERVICES.(4 """"""'r""~DEPARTMENT OF HEALTH &. HUMAN SERVICES Food and Drug Administration Rockville MD 20857 APR 1 9 2012 . Frederick S. Mayer, R.Ph., M.P.H. President Pharmacists Planning Service, Inc. 101 Lucas Valley Road, Suite 384 San Rafael, CA 94903 RE: Docket No. FDA-2011-P-0515 Dear Mr. Mayer: This letter responds to your citizen petition, received on July 6, 2011 (Petition), requesting that FDA remove pseudoephedrine (PSE) from the marketplace immediately. In your petition, you state …"
/content/drive/MyDrive/FDA Research/2011/FDA-2011-P-0537-0001_Reference_1___U_S__Census_Bureau__Census_2000_Brie.pdf,2f46651ce01b,pdf,12,FDA-2011-P-0537,2011,response/decision,"U.S. Department of Commerce Economics and Statistics Administration U.S. CENSUS BUREAU ensus 2000 USCENSUSBUREAU Helping You Make Informed Decisions Issued Ortoher 2001 Age: 2000 Census 2000 Brie C2KBR/01-12 In 2000, the U.S. Census Bureau counted 281.4 million people in the United States.' Of this number; •72.3 million, or 26 percent of the U.S. population, were under age 18; •174.1 million, or 62 percent, were age 18 to 64; and •35.0 million, or 12 percent, were age 65 and over. The age group…"
/content/drive/MyDrive/FDA Research/2011/FDA-2011-P-0537-0002_Acknowledgement_Letter_to_Earthjustice__et_al_.pdf,05e3898f0427,pdf,1,FDA-2011-P-0537,2011,petition,"ss'i` •4t, DEPARTMENT OF HEALTH & HUMAN SERVICES Public Health Service Food and Drug Administration Rockville MD 20857 F1L E COP Y July 18, 2011 Paul H. Achitoff Earthjustice, et al. 223 S. King Street Suite 400 Honolulu, HI 96813 Dear Mr. Achitoff: Your petition to the Food and Drug Administration requesting to initiate rulemaking for labeling and point of sale advisories concerning mercury in seafood to minimize methylmercury exposure to women of childbearing age and children, was received by…"
/content/drive/MyDrive/FDA Research/2011/FDA-2011-P-0537-0004_Interim_Response_to_Earthjustice_et_al__Letter.pdf,2abae6e6bffa,pdf,1,FDA-2011-P-0537,2011,petition,", (/(_ y...,.:::;j DEPARTMENT OF HEALTH & HUMAN SERVICES Public Health Service Food and Drug Administration College Park, MD 207 40 Paul H. Achitoff Caroline C. Ishida EARTHJUSTICE 223 S. King Street, Suite 400 Honolulu , Hawaii 96813 A 1~\1 ~UG \ 3 A q: 3 \ UG 8 2012 Re: Docket No. FDA-2011-P-0537/CP1 Dear Mr. Achitoff and Ms. Ishida: This is a tentative response to the citizen petition filed with the Food and Drug Administration (FDA) on July 5, 2011, on behalfofEARTHJUSTICE. In your petition…"
/content/drive/MyDrive/FDA Research/2011/FDA-2011-P-0537-0005_Denial_Letter_from_CFSAN_to_EARTHJUSTICE.pdf,93ce34784832,pdf,20,FDA-2011-P-0537,2011,other,"Paul H. Achitoff Caroline C. Ishida EARTHJUSTIC E 223 S. King Street, Suite 400 Honolulu , HI 96813 Jane M. Hightower , M.D. 2100 Webster Street, Suite 428 San Francisco , CA 94115 Michael Bender Mercury Policy Project Zero Mercury Working Group 1420 North Street Montpelier , VT 05602 Michael Jacobson, Ph.D. Staff Attorney Food Safety Program Center for Science in the Public Interest 1220 L Street, N.W., #300 Washington, D.C. 20005 U.S. FOOD & DRUG January 18, 2017 Re: Docket No. FDA-2011-P -05…"
/content/drive/MyDrive/FDA Research/2011/FDA-2011-P-0540-0001_Pharmgate__LLC___Citizen_Petition.pdf,c6e0d57bfca7,pdf,3,FDA-2011-P-0540,2011,petition,"SUITABILITY PETITION The undersigned submits this petition under section 512(n)(3)of the Federal Food, Dpg,_pnpi4osmetic Act to request the Commissioner of Food and Drugs to take the adrnitlittra ge hgtiordeka -6d below. A. Action requested This petition requests the Commissioner to accept for filing and review under section 512(b)(2) of the Act, an Abbreviated New Animal Drug Application for a proposed generic animal drug to be marketed in three strengths, two of which differ from the strength…"
/content/drive/MyDrive/FDA Research/2011/FDA-2011-P-0540-0002_Acknowledgement_Letter_to_Pharmgate__LLC.pdf,0d6cd2d3f8b2,pdf,1,FDA-2011-P-0540,2011,petition,"4'.. DEPARTMENT OF HEALTH & HUMAN SERVICES Public Health Service 1 15,,,,,,,21 FILE COPY July 18, 2011 Michael A. Brauer, Ph.D. Reg ularory Consultant Pharmgate, LLC 6037 Williamsburg Parkway Salisbury, MD 21801 Dear Dr. Brauer: Your Petition to the Food and Drug Administration submitted on behalf of Pharmgate, LLC , to permit the Filing of an Abbreviated New Animal Drug Application for Ecomycin TM 50, 90, 100, grams of chlortetracycline per pound to be marketed in three strengths, two of which…"
/content/drive/MyDrive/FDA Research/2011/FDA-2011-P-0540-0003_Pharmgate_LLC_Withdrawal_of_Suitability_Petition.pdf,c675fba1a775,pdf,2,FDA-2011-P-0540,2011,petition,"161 North Franklin Turnpike, Suite 2C Ramsey, NJ 07446 USA Ph: +1 (201) 327-3800 Fax: +1 (201) 327-3802 Please visit us at %ww.pharnmate.com Pharmg ate® OH APR -3 A 29 April 2, 2013 Division of Dockets Management (HFA-305) Food and Drug Administration 5640 Fishers Lane, Room 1061 Rockville, MD 20852 Request to withdraw suitability petition, FDA-2011-P-0540-0001 To whom it may concern: After further review and discussion with the Center of Veterinary Medicine a suitability petition is not requir…"
/content/drive/MyDrive/FDA Research/2011/FDA-2011-P-0550-0001_B__Braun_Medical__Inc____Citizen_Petition.pdf,76f00ed2a1df,pdf,3,FDA-2011-P-0550,2011,petition,"Suitability Petition to ANDA 18-681, Lactated Ringers for Irrigation Cover letter 131 BRAUN June 27, 2011 Division of Dockets Management Food and Drug Administration Department of Health and Human Services 5630 Fishers Lane, Room 1061 Rockville, MD 20852 RE: ANDA 018681/0008 Lactated Ringer's Irrigation in PICTM (Plastic Irrigation Container) Submission Type: Suitability Petition Manufacturing Site: B. Braun Medical Inc., Irvine, CA Number of Volumes: 1 / Size: 12 Megabytes Suitability Petition…"
/content/drive/MyDrive/FDA Research/2011/FDA-2011-P-0550-0002_Acknowledgement_Letter_to_B__Braun_Medical__Inc_.pdf,58f0f7508cfe,pdf,1,FDA-2011-P-0550,2011,petition,"DEPARTMENT OF HEALTH & HUMAN SERVICES Public Health Service Food and Drug Administration Rockville MD 20857 July 15, 2011 ALE 6aPY Rebecca Stolarick, Director B. Braun Medical, Inc. 901 Marcon Boulevard Allentown, PA 18109 Dear Ms. Stolarick: Your Petition to the Food and Drug Administration to permit the filing of an Abbreviated New Drug Application for Lactated Ringers's Irrigation in PlC TM (Plastic Irrigation Container), was received by this office on 07/15/2011. It was assigned docket numb…"
/content/drive/MyDrive/FDA Research/2011/FDA-2011-P-0550-0003_B_Braun_Medical_Inc_Withdrawal_of_Citizen_Petition.pdf,acc54f623d51,pdf,4,FDA-2011-P-0550,2011,petition,"Suitability Petition to ANDA 18-681, Lactated Ringers for Irrigation Cover letter August 2, 2012 Division of Dockets Management Food and Drug Administration Department of Health and Human Services 5630 Fishers Lane, Room 1061, HFA-305 Rockville , MD 20852 Dockets Management RE: Docket#: FDA-2011-P-0550-0001/CP Lactated Ringer's Irrigation in PIC™ (Plastic Irrigation Container) Submission Type: Withdraw of Suitability Petition Manufacturing Site: B. Braun Medical Inc., Irvine, CA Number of Volum…"
/content/drive/MyDrive/FDA Research/2011/FDA-2011-P-0551-0001_B__Braun_Medical__Inc____Citizen_Petition.pdf,cf9298829943,pdf,3,FDA-2011-P-0551,2011,petition,"ANDA 019633 Sterile Water for Injection USP in EXCEL® Plastic Container Cover letter BIBRAUN June 27, 2011 Division of Dockets Management Food and Drug Administration Department of Health and Human Services 5630 Fishers Lane, Room 1061 Rockville, MD 20852 RE: ANDA 019633/0008 Sterile Water for Injection USP in EXCEL® Plastic Container Submission Type: Suitability Petition Manufacturing Site: B. Braun Medical Inc., Irvine, CA Number of Volumes: 1 / Size: 11.1 Megabytes Suitability Petition The u…"
/content/drive/MyDrive/FDA Research/2011/FDA-2011-P-0551-0002_Acknowledgement_Letter_to_B__Braun_Medical__Inc_.pdf,cfba6cc1b266,pdf,1,FDA-2011-P-0551,2011,petition,"DEPARTMENT OF HEALTH & HUMAN SERVICES Public Health Service Food and Drug Administration Rockville MD 20857 FILE COPY July 15, 2011 Rebecca Stolarick, Director B. Braun Medical, Inc. 901 Marcon Boulevard Allentown, PA 18109 Dear Ms. Stolarick: Your Petition to the Food and Drug Administration to permit the filing of an Abbreviated New Drug Application for sterile water for injection USP in excel® plastic container in a PBP, 2 liter size, was received by this office on 07/15/2011. It was assigne…"
/content/drive/MyDrive/FDA Research/2011/FDA-2011-P-0551-0003_B_Braun_Medical_Inc_Amendment.pdf,0d9e6d31df0a,pdf,5,FDA-2011-P-0551,2011,petition,"ANDA 019633 Sterile Water for Injection USP in EXCEL® Plastic Container Cover letter 9 0 3 9 BJB R!UN A 9 :25 February 29, 2012 Division of Dockets Management Food and Drug Administration Department of Health and Human Services 5630 Fishers Lane, Room 1061 Rockville, MD 20852 RE: Suitability Petition Docket #: FDA-2011-P-0551-0001/CP Sterile Water for Injection USP in EXCEL® Plastic Container (ANDA 019633) Submission Type: Amendment to Suitability Petition Docket #: FDA-2011-P-0551-0001/CP Manu…"
/content/drive/MyDrive/FDA Research/2011/FDA-2011-P-0551-0004_B_Braun_Medical_Inc__Amendment.pdf,b66ef0b7c2b7,pdf,4,FDA-2011-P-0551,2011,petition,"ANDA 019633 Sterile Water for Injection USP in EXCEL@ Plastic Container 40 Cover letter B I BRAUN March 29, 2012 41Division of Dockets Management 7011 MAR 30 P 12: 08 Food and Drug Administration Department of Health and Human Services 5630 Fishers Lane, Room 1061 Rockville, MD 20852 RE: Suitability Petition Docket #: FDA-2011-P-0551-0001/CP Sterile Water for Injection USP in EXCEL@ Plastic Container (ANDA 019633) Submission Type: Amendment to Suitability Petition Docket #: FDA-2011-P-0551-0001…"
/content/drive/MyDrive/FDA Research/2011/FDA-2011-P-0551-0005_B__Braun_Medical_Inc_Withdrawal_of_Citizen_Petitio.pdf,b2e3df91bbf3,pdf,1,FDA-2011-P-0551,2011,petition,"Suitability Petition to ANDA 019633 Sterile Water for Injection USP Cover letter August 2, 2012 Division ofDockets Management Food and Drug Administration Department of Health and Human Services 5630 Fishers Lane, Room 1061 Rockville , MD 20852 RE: Docket#: FDA-2011-P-0551-0001/CP Sterile Water for Injection USP in EXCEL® Plastic Container (ANDA 019633) Submission Type: Withdraw of Suitability Petition Manufacturing Site: B. Braun Medical Inc., Irvine, CA Number of Volumes: 1 I Size: 6.4 Megaby…"
/content/drive/MyDrive/FDA Research/2011/FDA-2011-P-0552-0001_Robert_Wagner___Citizen_Petition_2_.pdf,2434e291f682,pdf,4,FDA-2011-P-0552,2011,petition,"Division of Dockets Management July 11,2011 Food and Drug Administration Department of Health and Human Services 5630 Fishers Lane, rm. 1061 20\\ JUL \ q P 3:\ 5Rockville, MD 20852 i Citizen Petition The undersigned submits this petition under 21 C.F.R. § 1000.15(b), 21 C.F.R. § 10.30 of the Radiation Control for Health and Safety Act of 1968 to request the Commissioner ofFood and Drugs to issue a regulation related to outdoor luminaires (outdoor lighting products). A. Action requested Outdoor …"
/content/drive/MyDrive/FDA Research/2011/FDA-2011-P-0552-0002_Acknowledgement_Letter_to_Robert_Wagner_2_.pdf,578cf005dda9,pdf,1,FDA-2011-P-0552,2011,petition,"oria Ortega Division of Dockets Management Office of Public Information and Library Services Office of Shared Services Office of Management ""stRVICrs DEPARTMENT OF HEALTH & HUMAN SERVICES Public Health Service Food and Drug Administration Rockville MD 20857 FILE COPY July 19, 2011 Robert Wagner Dear Mr. Wagner: Your Petition to the Food and Drug Administration requesting to issue a regulation related to outdoor luminaires (outdoor lighting products), was received by this office on 07/19/2011. I…"
/content/drive/MyDrive/FDA Research/2011/FDA-2011-P-0552-0003_Robert_Wagner_to_FDA_s_Division_of_Dockets_Managem.pdf,d31001fed3b5,pdf,3,FDA-2011-P-0552,2011,petition,"F-P4Division of Dockets Management December 1, 2011 Food and Drug Administration 8395 11 gm -6 P5 :04 Department of Health and Human Services 5630 Fishers Lane, rm. 1061 Rockville, MD 20852 RE: Additional Information for Docket: FDA-2011-P-0552-0001/CP related to outdoor luminaires filed on 7/19/2011 Dear FDA, In October I submitted the attached additional information fer my petition. To date have not received an acknowledgment of its receipt. I am resending this and requesting a formal acknowl…"
/content/drive/MyDrive/FDA Research/2011/FDA-2011-P-0552-0004_FDA_CDRH_Response_to_Robert_Wagner___Petition_Deni.pdf,385d44003d4d,pdf,2,FDA-2011-P-0552,2011,petition,"~S¡'RVI('I:':S.('~""':/DEPARTMENT OF HEALTH & HUMAN SERVICES Public Health Service DEC 1 6 2011Food and Drug Administration 1 0903 New Hampshire A venue Silver Spring, MD 20993 Mr. Robert Wagner RE: Citizen Petition- Docket Number FDA-2011-P-0552 Dear Mr. Wagner: This is in response to your petition dated July 11, 2011 and filed by the Food and Drug Administration on July 19, 2011. In your petition, you request that FDA issue a regulation related to outdoor luminaires (outdoor lighting products)…"
/content/drive/MyDrive/FDA Research/2011/FDA-2011-P-0558-0001_Attachment_1___Orange_Book__Approved_Drug_Products.pdf,19c6a0809e8f,pdf,16,FDA-2011-P-0558,2011,other,"LACHMAN CONSULTANT SERVICES, INC Westbury, NY 11590 ATTACHMENT 1 A077507 AB No GLIPIZIDE; METFORMINTABLET; 5MG;500MG GLIPIZIDE AND COREPHARMA ORAL METFORMIN Active Ingredient Search Page 1 of 15 Quick Links: Skip to main page content Skip to Search Skip to Topics Menu Skip to Common Links Orange Book: Approved Drug Products with Therapeutic Equivalence Evaluations Active Ingredient Search Results from ""OB_Rx"" table for query on ""metformin."" Appl TE RID Active Dosage Strength Proprietary Applica…"
/content/drive/MyDrive/FDA Research/2011/FDA-2011-P-0558-0002_Acknowledgement_Letter_to_Lachman_Consultant_Servi.pdf,e2c31aa76924,pdf,1,FDA-2011-P-0558,2011,petition,"DEPARTMENT OF HEALTH & HUMAN SERVICES Public Health Service Food and Drug Administration Rockville MD 20857 July 22, 2011 Robert W. Pollock Executive Vice President Lachman Consultant Services, Inc. 1600 Stewart Avenue Westbury, NY 11590 Dear Mr. Pollock:FIL 'I. COPY Your petition to the Food and Drug Administration requesting to declare that the drug products, Metformin Hydrochloride Chewable Tables, 500 mg, 850 mg, and 1 g are suitable for consideration in an Abbreviated New Drug Application …"
/content/drive/MyDrive/FDA Research/2011/FDA-2011-P-0558-0003_FDA_CDER_to_Lachman_Consultant_Services_Inc__Petit.pdf,43d7781ecbd6,pdf,2,FDA-2011-P-0558,2011,petition,"' ~o;uwJc.r s . . (' l. DEPARTMENT OF HEALTH & HUMAN SERVICES '""'•-.::::::z.~ Lachman Consultant Services, Inc. Attention: Robert Pollock 1600 Stewart A venue . Westbury, NY 11590 Dear Mr. Pollock: SEP 2 7 2012 Food and Drug Administration Rockville MD 20857 ZOIZ OCT -I A q: 1 1 Docket No. FDA-2011-P-0558 This is in response to your petition filed on July 22, 2011 requesting permission to file an Abbreviated New Drug Application (ANDA) for the following drug product: Metformin Hydrochloride Che…"
/content/drive/MyDrive/FDA Research/2011/FDA-2011-P-0561-0001_American_Bakers_Association__ABA____Citizen_Petiti.pdf,a79fc859e4ba,pdf,11,FDA-2011-P-0561,2011,petition,"(gei/ American Bakers Association The Voice of the Baking Industry Since 1897 July 22, 2011 2 H JUL 2 b A 1i:'03 Dockets Management Branch Food and Drug Administration 5630 Fishers Lane, Room 1061 Rockville, MD 20852 CITIZEN PETITION Dear Sir/Madam: The American Bakers Association (""ABA"") and the undersigned petitioners (collectively, ""Petitioners"") hereby submit this Citizen Petition under 21 C.F.R. § 10.30 to request that the Commissioner of Food and Drugs take the action requested below. ABA…"
/content/drive/MyDrive/FDA Research/2011/FDA-2011-P-0561-0002_Acknowledgement_letter_to_American_Bakers_Associat.pdf,cd5645437e84,pdf,1,FDA-2011-P-0561,2011,petition,"DEPARTMENT OF HEALTH & HUMAN SERVICES Public Health Service Food and Drug Administration Rockville MD 20857 July 26, 2011 FIE COPY Lee Sanders, CAE Senior Vice President American Bakers Association 1300 I Street, NW, Suite 700 Washington, DC 20005 Dear Mr. Sanders: Your petition to the Food and Drug Administration to promulgate regulations to exempt from compliance facilities that are solely engaged in the storage of packaged foods, was received by this office on 07/26/2011. It was assigned doc…"
/content/drive/MyDrive/FDA Research/2011/FDA-2011-P-0561-0005_Withdrawal_from_American_Bakers_Association.pdf,ce4f6bae6aaa,pdf,2,FDA-2011-P-0561,2011,petition,"By Electronic Mail May 16, 2016 Dockets Management Branch Food and Drug Administration 5630 Fishers Lane, Room 1061 Rockville, MD 20852 Re: Withdrawal of Petition for Exemption from Requirements under Section 418 of the FDCA for Facilities Storing Packaged Foods (Docket No. FDA -2011 -P-0561 ) Dear Sir/Madam : In July 2011, t he American Bakers Association (“ABA”) , on behalf of its members and other food industry associations,1 petitioned the Food and Drug Administration (“FDA ”) for an exempt…"
/content/drive/MyDrive/FDA Research/2011/FDA-2011-P-0565-0001_LEO_Pharma__Inc___Covington___Burling_LLP____Citiz.pdf,f0120a27da2c,pdf,25,FDA-2011-P-0565,2011,petition,"research based, people driven LEO Pharma Inc. 4699 11 IL 22 P12 :26 July 21, 2011 Division of Dockets Management Food and Drug Administration Department of Health and Human Services 5630 Fishers Lane, Room 1061 Rockville, MD 20852 CITIZEN PETITION The undersigned submits this petition on behalf of LEO Pharma, Inc. (LEO or the Company) in accordance with section 505(q) of the Federal Food, Drug, and Cosmetic Act (FDCA or the statute) and 21 C.F.R. § 10.30 to request that the Commissioner of Food…"
/content/drive/MyDrive/FDA Research/2011/FDA-2011-P-0565-0002_Acknowledgement_Letter_to_LEO_Pharma__Inc____Covin.pdf,550b90eb37e2,pdf,1,FDA-2011-P-0565,2011,petition,"July 22, 2011 Peter 0. Safir Convington & Burling LLP. 1201 Pennsylvania Avenue, NW Washington, DC 20004-2401flit COPY DEPARTMENT OF HEALTH & HUMAN SERVICES Public Health Service ""Food and Drug Administration Rockville MD 20857 Dear Mr. Safir: Your petition, submitted on behalf of LEO Pharma Inc., to the Food and Drug Administration requesting to refrain from approving any abbreviated new drug application (ANDA) for which Taclonex® Ointment (calcipotriene 0.005% and betamethasone dipropionate 0…"
/content/drive/MyDrive/FDA Research/2011/FDA-2011-P-0565-0003_FDA_2011_P_0565_CP_Response_final_.pdf,d68c50959cef,pdf,14,FDA-2011-P-0565,2011,petition,"~, SERVICe."",+.;+t-.. ~.J''' ~ -Ø. ~""'+""-:~EDepartment of Health and Human Services Food and Drug Administration 10903 New Hampshire Ave Building 51 Silver Spring, MD 20993 John Koconis President and Chief Executive Officer LEO Pharma, Inc. 1 Sylvan Way Parsippany, NJ 07054JAN 1 8 2012 Re: Docket Nos. FDA-2011-P-0565 and FDA-2011-P-0593 Dear Mr. Koconis: This letter responds to two citizen petitions received by the Food and Drug Administration (FDA or the Agency) from LEO Pharma, Inc. (LEO) reg…"
/content/drive/MyDrive/FDA Research/2011/FDA-2011-P-0573-0002_Acknowledgement_Letter_to_RJ_Reynolds_Tobacco_Comp.pdf,6daf27ca1a1e,pdf,1,FDA-2011-P-0573,2011,petition,"DEPARTMENT OF HEALTH & HUMAN SERVICES Public Health Service Food and Drug Administration Rockville MD 20857 July 29, 2011 FILECDPY Martin L. Holton, III Executive Vice President RJ Reynolds Tobacco Company American Snuff Company, LLC P.O. Box 2959 Winston-Salem, NC 27102 Dear Mr. Holton: Your petition to the Food and Drug Administration requesting to initiate a rulemaking procedure to adjust the text of a smokeless tobacco (""ST"") product warning label statement, was received by this office on 0…"
/content/drive/MyDrive/FDA Research/2011/FDA-2011-P-0573-0003_FDA_CTP_Interim_Response_to__J_Reynolds_Tobacco_Co.pdf,2883b02ecddf,pdf,1,FDA-2011-P-0573,2011,response/decision,
/content/drive/MyDrive/FDA Research/2011/FDA-2011-P-0573-0005_RJ_Reynolds_Tobacco_Company_LLC_RJRT_American_Snuf.pdf,4c628d5626df,pdf,51,FDA-2011-P-0573,2011,petition,"e(7Reynolds RH JUL 29 A 9 : 51Martin L. Holton III Executive Vice President & General Counsel Winston-Salem, NC 27102 336-741-0644 Fax: 336-728-4773 July 28, 2011 Division of Dockets Management Food and Drug Administration Department of Health and Human Services 5630 Fishers Lane, Rm. 1061 Rockville, MD 20852 Citizen Petition This petition is submitted under Section 3 of the Comprehensive Smokeless Tobacco Health Education Act (""CSTHEA""), 15 U.S.C. §§ 4401-4408 (2011), as amended by Sections 20…"
/content/drive/MyDrive/FDA Research/2011/FDA-2011-P-0573-0006_R_J__Reynolds_Tobacco_Company_RJRT_Supplement.pdf,ef5388a399f5,pdf,9,FDA-2011-P-0573,2011,petition,"(Reynolds El PI I' Martin L. 11oIton III rxecutive Vice President & General C'ounsel Winston-Salem. N(' 27102 336-741-0644 Fax: 336-728-4773 August 21, 2012 Division of Dockets Management Food and Drug Administration Department of Health and Human Services 5630 Fishers Lane, Rm. 1061 Rockville, MD 20852 Re: FDA Docket No. FDA-2011-P-0573-0001/CP Supplement to Citizen Petition R.J. Reynolds Tobacco Company (""RJRT"") and American Snuff Company, LLC (""ASC"") (collectively, ""Petitioners"") submitted t…"
/content/drive/MyDrive/FDA Research/2011/FDA-2011-P-0573-0059_Citizen_Petition_Denial_Response_from_FDA_CTP_to_R.pdf,9ba829eba2dc,pdf,12,FDA-2011-P-0573,2011,petition,". ..>ISUV!c,1, ·•""+"""" ""~ t-f-~ DEPARTMENT OF HEALTH AND HUMAN SERVICES """"''+~ ~<t:rq(J Martin L. Holton III R.J. Reynolds Tobacco Company P.O. Box 2959 Winston-Salem, NC 27102 Dear Mr. Holton: May11,2015 Food and Drug Administration Center for Tobacco Products 10903 New Hampshire Avenue Silver Spring, MD 20993 Re: Docket No. FDA-2011-P-0573-0001/CP This letter responds to the citizen petition (FDA-2011-P-0573-0001 /CP) dated July 28,2011 (Petition) , and subsequent supplements , filed on behalf…"
/content/drive/MyDrive/FDA Research/2011/FDA-2011-P-0575-0001_Warner_Chilcott_Company__LLC____Citizen_Petition.pdf,aa9fc7267801,pdf,22,FDA-2011-P-0575,2011,petition,"Izumi Hara Senior Vice President General Counsel Sa. , t Cn 4July 29, 2011 Division of Dockets Management Food and Drug Administration Department of Health and Human Services 5630 Fishers Lane, Room 1061 (HFA-305) Rockville, Maryland 20852 CITIZEN PETITION This Citizen Petition is submitted on behalf of Warner Chilcott Company, LLC (""Warner Chilcott"") under sections 505(j) and 505(q) of the Federal Food, Drug, and Cosmetic Act (""FDCA""), 21 U.S.C. §§ 355(j) and 355(q), and 21 C.F.R. §§ 10.30, 31…"
/content/drive/MyDrive/FDA Research/2011/FDA-2011-P-0575-0002_Acknowledgement_Letter_to_Warner_Chilcott_Company_.pdf,68fc6549191f,pdf,1,FDA-2011-P-0575,2011,petition,"5ERV10Es . DEPARTMENT OF HEALTH & HUMAN SERVICES Public Health Service Food and Drug Administration Rockville MID_i0g$ la "" August 1, 2011 lzumi Hara,Senior Vice President Warner Chilcott Company, LLC 100 Enterprise Drive Rockaway, NJ 07866 Dear Mr. Hara: Your petition to the Food and Drug Administration requesting to apply FDA's previously announced bioequivalence standards for delayed-release mesalamine 400 mg tablets, as well as to other ANDAs referencing an Asacol NDA, and not approve such …"
/content/drive/MyDrive/FDA Research/2011/FDA-2011-P-0575-0003_FDA_CDER_to_Warner_Chilcott_Company__LLC___Petitio.pdf,ba7a24b948dc,pdf,4,FDA-2011-P-0575,2011,petition,"DEPARTMENT OF HEALTH & HUMAN SERVICES Food and Drug Administration \' Rockville MD 20857 0 NOV 3 0 2011 Izumi Hara Senior Vice President & General Counsel Warner Chilcott Company, LLC 100 Enterprise Drive Rockaway, NJ 07866 Re: Docket No. FDA-2011-P-0575 Dear Mr. Hara: This letter responds to your citizen petition dated July 29, 2011, requesting that the Commissioner of the Food and Drug Administration (FDA) apply FDA's previously announced bioequivalence standards for delayed-release mesalamin…"
/content/drive/MyDrive/FDA Research/2011/FDA-2011-P-0578-0001_Academic_Pharmaceuticals__Inc____Citizen_Petition.pdf,83e9e9636feb,pdf,7,FDA-2011-P-0578,2011,petition,"Academie Plarmaceutieals, lac. 2011 AUG -2 dA 10 : 3 I July 27, 2011 Division of Dockets Management Food and Drug Administration Room 1061, HFA-305 5630 Fishers Lane Rockville, MD 20852 Re: Relisting Petition for Bretylium Tosylate Injection, 50 mg/mL, NDA # 019030. CITIZEN'S PETITION Dear Sir or Madam: Academic Pharmaceuticals respectfully requests the Food and Drug Administration to make a determination pursuant to 21 C.F.R. § 10.20, and 10.30 by filling this citizen's petition, to determine …"
/content/drive/MyDrive/FDA Research/2011/FDA-2011-P-0578-0002_Acknowledgement_letter_to_Academic_Pharmaceuticals.pdf,e12ce0e67c93,pdf,1,FDA-2011-P-0578,2011,petition,"DEPARTMENT OF HEALTH & HUMAN SERVICES Public Health Service Food and Drug Administration Rockville MD 20857 tiLL August 2, 2011 John C. Somberg, M.D., President Academic Pharmaceuticals, Inc. 21 North Skokie Highway, G-3 Lake Bluff, IL 60044 Dear Mr. Somberg: Your petition, submitted to the Food and Drug Administration to determine whether Reference Listed Drug (""RLD"") Bretylium Tosylate 50 mg/mL injection has been discontinued or withdrawn for issues of safety or effectiveness, was received by…"
/content/drive/MyDrive/FDA Research/2011/FDA-2011-P-0578-0003_Determinations__BRETYLIUM_TOSYLATE_Injection__50_M.pdf,f95d3736b2a2,pdf,2,FDA-2011-P-0578,2011,other,"78669 Federal Register / Vol. 76, No. 243 / Monday, December 19, 2011 / Notices Control Number 0910–0572) estimated the reporting burden for a multi-year period. We are requesting that OMB extend approval for the information in this collection, as described below, which will continue to be submitted to FDA during this multi-year period. Annual Burden for Prescription Drug Labeling Design, Testing, and Submitting to FDA for New Drug Applications (NDAs) and Biologics License Applications (BLAs) (…"
/content/drive/MyDrive/FDA Research/2011/FDA-2011-P-0578-0004_FDA_CDER__to_Academic_Pharmaceuticals__Inc___Lette.pdf,aead20bdd0f7,pdf,3,FDA-2011-P-0578,2011,petition,"/·~ (,::::z.'f.. DEPARTMENT OF HEALTH & HUMAN SER\~CES Food and Drug Administration Rockville MD 20857 DEC 1 9 2011 · John C. Somberg, M.D. President Academic Pharmaceuticals, Inc. 21 North Skokie Highway, G-3 Lake Bluff, IL 60044 ZO!I nEe !' l r:::; 12: 0 I Re: Docket No. FDA-2011-P-0578 Dear Dr. Somberg: This letter responds to your citizen petition received on August 2, 2011, requesting that the Food and Drug Administration (FDA) determine whether Bretylium Tosylate injection, 50 milligrams …"
/content/drive/MyDrive/FDA Research/2011/FDA-2011-P-0580-0001_Charles_Watson___Citizen_Petition__Redacted_.pdf,6b2b09bc1d4f,pdf,10,FDA-2011-P-0580,2011,petition,"MAY 19, 2011 2011 AUG - 2 A 10 : 30 Division of Dockets Management, Food and Drug Administration, Department of Health and Human Services, 5630 Fishers Lane, rm. 1061, Rockville, MD 20852. CITIZEN PETITION PURSUANT TO 21 C.F.R. 10.30 A.ACTION REQUESTED The undersigned submits this petition under 21 U.S.C. 355 of the Federal Food and Drug and Cosmetic Act asking the Commissioner to issue an order directing his staff to explore the feasibility of conducting a postmarketing clinical trial involvin…"
/content/drive/MyDrive/FDA Research/2011/FDA-2011-P-0580-0002_Acknowledgement_Letter_to_Charles_Watson__Redacted.pdf,04de7c469b97,pdf,1,FDA-2011-P-0580,2011,petition,"DEPARTMENT OF HEALTH & HUMAN SERVICES Public Health Service Food and Drug Administration Rockville MD 20857 FILE L. August 2, 2011 Charles Watson Dear Mr. Watson: Your petition to the Food and Drug Administration requesting to conduct a postmarketing clinical trial involving the drug industry, NIH, the New York DOCS, FDA, and the participation of the New York State prisoners who suffer from Hep C, was received by this office on 08/02/2011. It was assigned docket number FDA-2011-P-0580-0001/CP, …"
/content/drive/MyDrive/FDA Research/2011/FDA-2011-P-0580-0005_FDA_CDER_Response_to_Charles_Watson_Partial_Petiti.pdf,3ddffabb3362,pdf,7,FDA-2011-P-0580,2011,petition,"DEPARTMENT OF HEALTH 84 HUMAN SERVICES Food and Drug Administration Rockville MD 20857 NOV 2 0 2012 1Z1 Ital 23 • Charles Watson Re: Docket No. FDA-2011-P-0580 Dear Mr. Watson: This letter responds to your citizen petition received on August 2, 2011 (Petition), and the supplement to the Petition received on September 8, 2011 (Supplement). In the Petition, you request that the Commissioner of the Food and Drug Administration (FDA) issue an order directing her staff to explore the feasibility of …"
/content/drive/MyDrive/FDA Research/2011/FDA-2011-P-0590-0001_Kim_Witczak_and_William_Vaughn___Citizen_Petition_.pdf,e4dc42cee12b,pdf,7,FDA-2011-P-0590,2011,petition,"2011 AUG 1 0 A 10 : 59 August 5, 2011 Division of Dockets Management Food and Drug Administration Department of Health and Human Services 5630 Fishers Lane Room 1061 Rockville, MD 20852 Dear FDA: The undersigned citizens submit this petition under 21 U.S.C. 355(k) of the Federal Food, Drug, and Cosmetic Act or the Public Health Service Act or any other statutory provision for which authority has been delegated to the Commissioner of Food and Drugs under 21 CFR5.10, to request the Commissioner o…"
/content/drive/MyDrive/FDA Research/2011/FDA-2011-P-0590-0002_Acknowledgement_Letter_to_Kim_Witczak_and_William_.pdf,e08bbe7f0f36,pdf,1,FDA-2011-P-0590,2011,petition,"i i'Y DEPARTMENT OF HEALTH & HUMAN SERVICES Public Health Service Yy,i-daFood and Drug Administration Rockville MD 20857 FILE COPY August 10, 2011 Kim Witczak William K. Vaughan Dear Ms. Witczak and Mr. Vaughan: Your petition to the Food Drug Administration requesting to take administrative action to improve the involvement of patients and consumers in the reporting of adverse drug and device events, was received by this office on 08/10/2011. It was assigned docket number FDA-2011-P-0590-0001/C…"
/content/drive/MyDrive/FDA Research/2011/FDA-2011-P-0590-0003_Interim_Response_to_Kim_Witczak_and_William_Vaughn.pdf,a53151e496da,pdf,1,FDA-2011-P-0590,2011,petition,"StRVICES 0 DEPARTMENT OF HEALTH & HUMAN SERVICES I 4 Food and Drug Administration FEB 1. 5 2012 Rockville MD 20857 Kim Witczak Woody Matters  345 North 6th Avenue, #102 Minneapolis, MN 55401 William K. Vaughan 6440 Queen Anne Terrace Falls Church, VA 22044 Re. Docket No. FDA-201 J-P-0590 Dear Ms. Witczak and Mr. Vaughan: I am writing to inform you that the Food and Drug Administration has not yet resolved the issues raised in your citizen petition filed on August 10, 2011, requesting that FDA …"
/content/drive/MyDrive/FDA Research/2011/FDA-2011-P-0593-0001_Exhibit_A___Declaration_of_Michael_F__Holick_in_Su.pdf,a8b0443dbabb,pdf,4,FDA-2011-P-0593,2011,petition,"Declaration of Michael F. Holick In Support of Dovonex® Cream Citizen Petition Page 1 of 4 I, Michael F. Holick, Ph.D., M.D., hereby submit this declaration under Section 505(j) of the Federal Food, Drug, and Cosmetic Act (""FDCA"") (21 U.S.C. § 355(j)) and 21 C.F.R. § 10.30. This Declaration is submitted in support of a Citizen Petition, submitted herewith by LEO Pharma, Inc. (LEO or the Company). That Citizen Petition concerns the drug Dovonex® Cream, which is a topical calcipotriene drug for t…"
/content/drive/MyDrive/FDA Research/2011/FDA-2011-P-0593-0002_Acknowledgement_Letter_to_LEO_Pharma__Inc_.pdf,4436c2f2cad8,pdf,1,FDA-2011-P-0593,2011,petition,"Public Health Service 1. DEPARTMENT OF HEALTH & HUMAN SERVICES \,,,,,na C., Food and Drug Administration Rockville MD 20857 FILE COPY August 11, 2011 John Koconis President and Chief Executive Officer LEO Pharma Inc. 1 Sylvan Way Parsippany, NJ 07054 Dear Mr. Koconis: Your petition to the Food Drug Administration requesting to refrain from approving any abbreviated new drug application for which Dovonex® Cream (calcipotriene 0.005%) is the reference listed drug, until certain conditions are sat…"
/content/drive/MyDrive/FDA Research/2011/FDA-2011-P-0593-0003_FDA_2011_P_0593_CP_Response_final_.pdf,428ef71c9fdc,pdf,14,FDA-2011-P-0593,2011,petition,"~, SERVICe."",+.;+t-.. ~.J''' ~ -Ø. ~""'+""-:~EDepartment of Health and Human Services Food and Drug Administration 10903 New Hampshire Ave Building 51 Silver Spring, MD 20993 John Koconis President and Chief Executive Officer LEO Pharma, Inc. 1 Sylvan Way Parsippany, NJ 07054JAN 1 8 2012 Re: Docket Nos. FDA-2011-P-0565 and FDA-2011-P-0593 Dear Mr. Koconis: This letter responds to two citizen petitions received by the Food and Drug Administration (FDA or the Agency) from LEO Pharma, Inc. (LEO) reg…"
/content/drive/MyDrive/FDA Research/2011/FDA-2011-P-0596-0001_Attachment_1___FDA_Letter_to__Senator_Reid__Presid.pdf,ffe6b4619b93,pdf,2,FDA-2011-P-0596,2011,petition,"29 July 2011 Mr. President 1600 Pennsylvania Avenue NW Washington, DC 20500 Re: Petition to the FDA. Dear Mr. President, Given you expressed interest in the American Health Care system, I am enclosing a copy of Petition and supporting documents submitted to the FDA today regarding the use of radioisotope in the diagnosis and treatment recommendations of heart disease. I expect that someone before you is opening this package and deciding whether to forward it onto you. It is my hope that after c…"
/content/drive/MyDrive/FDA Research/2011/FDA-2011-P-0596-0002_Acknowledgement_Letter_to_Dr__RM_Fleming_2_.pdf,b5323d4ad54d,pdf,1,FDA-2011-P-0596,2011,petition,"DEPARTMENT OF HEALTH & HUMAN SERVICES Public Health Service Food and Drug Administration Rockville MD 20857 FILE COPY August 12, 2011 Dr. RM Fleming Dear Dr. Fleming: Your petition to the Food Drug Administration regarding 99mTc-methoxy-isobutyl-isonitrile (aka. Sestamibi, Cardiolite), was received by this office on 08/12/2011. It was assigned docket number FDA-2011-P-0596-0001/CP, and it was filed on 08/12/2011. Please refer to this docket number in future correspondence on this subject with t…"
/content/drive/MyDrive/FDA Research/2011/FDA-2011-P-0596-0003_FDA_CDER_Interim_Response_to_Dr__Richard_M__Flemin.pdf,7ed46e7ff114,pdf,1,FDA-2011-P-0596,2011,petition,"(~t.""È~+ '"",:;DEPARTMENT OF HEALTH &. HUMA SERVICES Food and Drug Administration Rockville MD 20857 FEB 6 2012 . Dr. Richard M. Fleming 1697 Lone Oak Trail Reno, NV 89523 Re: Docket No. FDA-2011-P-0596 Dear Dr. Fleming: I am writing to inform you that the Food and Drug Administration (FDA) has not yet resolved the issues raised in your citizen petition received on August 12, 20 11. Your petition requests that the Agency address certain safety concerns regarding the dosing and method of administ…"
/content/drive/MyDrive/FDA Research/2011/FDA-2011-P-0596-0009_FDA_CDER_Response_to_Dr_Richard_M_Fleming__Petitio.pdf,8b2f9f0daaae,pdf,11,FDA-2011-P-0596,2011,response/decision,
/content/drive/MyDrive/FDA Research/2011/FDA-2011-P-0596-0010_Dr_Richard_M_Fleming_Petition_for_Reconsideration_.pdf,6e1971cf440a,pdf,7,FDA-2011-P-0596,2011,petition,"14 September 2012 Jnn oc1 -5 P 3 : 35 To the Commissioner of the Food and Drug A mmistration, HHS Re: Petition for Reconsideration of Docket No. FDA-2011-P-0596 Dr. Margaret Hamburg U.S. Food and Drug Administration 10903 New Hampshire Avenue Silver Spring, MD 20993 Tele: (888) 463-6332 webmail@oc.fda.gov Margaret.hamburg@fda.hhs.gov Dear Dr. Hamburg, This Petition for Reconsideration of the above Docket is directed to you pursuant to 21 CFR §§ 10.20, 10.33 per correspondence with Ms. Kalah Auc…"
/content/drive/MyDrive/FDA Research/2011/FDA-2011-P-0596-0011_Acknowledgement_Letter_to_Dr_Richard_M_Fleming.pdf,ae60cb862769,pdf,1,FDA-2011-P-0596,2011,petition,"(·~ DEPARTMENT OF HEALTH & HUMAN SERVICES ,_f_ '·-.. 0»- October 5, 2012 Dr. RM Fleming Dear Dr. Fleming: Public Health Service Food and Drug Administration Rockville MD 20857 FILE COPY Your Petition for Reconsideration regarding FDA's denial letter dated September 11, 2012, concerning 99mTc-methoxy-isobutyl-isonitrile (aka. Sestamibi , Cardiolite) , was received by this office on 10/05/2012 . It was assigned docket number FDA-2011-P-0596/PRC , and it was filed on 10/05/2012. Please refer to th…"
/content/drive/MyDrive/FDA Research/2011/FDA-2011-P-0596-0015_Interim_Response_to_Dr_Richard_M__Fleming__Letter.pdf,ea96f1ce6069,pdf,1,FDA-2011-P-0596,2011,response/decision,
/content/drive/MyDrive/FDA Research/2011/FDA-2011-P-0604-0001_Public_Citizen_Health_Research_Group___Citizen_Pet.pdf,17b6a8009613,pdf,5,FDA-2011-P-0604,2011,petition,"Ffifi-oon-P-06oGI- 63 W11 1600 20th Street, NW • Washington, D.C. 20009 • giti(5y6 619(11? • ncitizr.org PUBLICCITIZEN July 26, 2011 Margaret A. Hamburg, M.D. Commissioner U.S. Food and Drug Administration Department of Health and Human Services WO 2200 10903 New Hampshire Avenue Silver Spring, MD 20993-0002 Dear Dr. Hamburg:rJUL 29 Zoll Public Citizen, representing more than 225,000 members and supporters nationwide, hereby petitions the Food and Drug Administration (FDA), pursuant to the Fede…"
/content/drive/MyDrive/FDA Research/2011/FDA-2011-P-0604-0002_Acknowledgement_letter_to_Public_Citizen.pdf,94f71b32f869,pdf,1,FDA-2011-P-0604,2011,petition,"August 17, 2011 HI Ca. %Z""7.1DEPARTMENT OF HEALTH & HUMAN SERVICES Public Health Service Food and Drug Administration Rockville MD 20857 Michael Carome, M.D. Deputy Director Public Citizen 1600 20 th Street, NW Washington, D.C. 20009 Dear Dr. Carome: Your petition to the Food Drug Administration requesting since synthetic glucocorticosteroid medications share similar mechanisms of action and risk profiles, it is important that the labels for these drugs communicate consistent information about …"
/content/drive/MyDrive/FDA Research/2011/FDA-2011-P-0604-0003_Acknowledgement_Letter_to_Public_Citizens_Health_R.pdf,b6b6a2db4d45,pdf,1,FDA-2011-P-0604,2011,petition,"(~ DEPARTMENT OF HEALTH & HUMAN SERVICES Public Health Service ~~~'!- Food and Drug Administration Rockville MD 20857 FILE COpy August 22, 2011 Michael Carome, M.D. Deputy Director Public Citizen's Health Research Group 1600 20th Street, NW Washington, D.C. 20009 Ref: Correction Dear Dr. Carome: Your petition to the Food Drug Administration requesting to immediately revise the labels for all brands of prednisone and other synthetic glucocorticosteriods to include central serous chorioretinopath…"
/content/drive/MyDrive/FDA Research/2011/FDA-2011-P-0604-0004_ublic_Citizen_Health_Research_Group___Supplement.pdf,d186c2905865,pdf,2,FDA-2011-P-0604,2011,supplement/amendment,"Listw PUBLICCITIZEN1600 20th Street, NW • Washington, D.C. 20009 • 202/588-1000 • www.citizen.org October 11, 2011 Division of Dockets Management Food and Drug Administration Department of Health and Human Services U./ 5630 Fishers Lane, Room 1061 Rockville, MD 20852 - r"".• RE: Docket number FDA-2011-P-0604-0001/CP To Whom It May Concern: Per the Food and Drug Administration's (FDA's) request, please find enclosed a copy of the UpToDate article by KG Saag and DE Furst, which was reference #6 in…"
/content/drive/MyDrive/FDA Research/2011/FDA-2011-P-0604-0005_Interim_Response_to_Public_Citizen_s_Health_Resear.pdf,361685613faf,pdf,1,FDA-2011-P-0604,2011,petition,"~ S'fRVICES.+~ Ù.s / ~~ DEPARTMENT OF HEALTH & HUMAN SERVICESl Jit'Õ :;\.\""4"",y.t~~a . Food and Drug Administration Rockville MD 20857 FEB 1 3 2012 Michael Carome, M.D. Deputy Director Public Citizen's Health Research Group 1600 20th Street, N.W. Washington, DC 20009 Re: Docket No. FDA-2011-P-0604 Dear Dr. Carome: I am writing to inform you that the Food and Drug Administration (FDA) has not yet resolved the issues raised in your citizen petition received on August 17, 20 11. Your petition requ…"
/content/drive/MyDrive/FDA Research/2011/FDA-2011-P-0604-0006_Final_Response_from_FDA_CDER_to_Public_Citizen_s_H.pdf,70ae50442ccd,pdf,18,FDA-2011-P-0604,2011,petition,"Michael Carome, M.D. Deputy Director Public Citizen’s Health Research Group1600 20th Street, N.W. Washington, DC 20009 Re: Docket No. FDA-2011-P-0604 Dear Dr. Carome: This letter responds to your citizen petition received August 17, 2011 (Petition). In your Petition, you request that the Food and Drug Administration (FDA or Agency): 1. Require that prednisone and all glucocorticost eroids currently on the market in the U.S. include central serous chor ioretinopathy (CSC) as an a dverse reaction…"
/content/drive/MyDrive/FDA Research/2011/FDA-2011-P-0606-0001_Actavis__Inc__Citizen_Petition.pdf,7639da5023f8,pdf,3,FDA-2011-P-0606,2011,petition,"ectavis think smart medicine479 •1 AL18 031 August 17, 2011 Via Overnight Mail Division of Dockets Management (HFA-305) U.S. Food and Drug Administration Department of Health and Human Services 5630 Fishers Lane, Room 1061 Rockville, MD 20852 Citizen Petition Dear Sir or Madam: The undersigned submits this Citizen Petition in quadruplicate under Section 505(j) of the Federal Food, Drug, and Cosmetic Act and 21 C.F.R. §§ 10.20 and 10.30, to request the Commissioner of the Food and Drug Administr…"
/content/drive/MyDrive/FDA Research/2011/FDA-2011-P-0606-0002_Acknowledgement_Letter_to_Actavis__Inc_.pdf,ec7f252fb93e,pdf,1,FDA-2011-P-0606,2011,petition,"OA 19-0DEPARTMENT OF HEALTH & HUMAN SERVICES Public Health Service Ovaa.""4""al Food and Drug Administration Rockville MD 20857 August 18, 2011 Terri Nataline J.D., R.A.C. Vice President Actavis, Inc. 200 Elmora Avenue Elizabeth, NJ 07207 Dear Ms. Nataline: Your petition to the Food Drug Administration requesting to disignate Veltin® (clindamycin ohosphate/tretinion) Topical Gel subject of NDA 50803 as a second RLD for purposes of submitting as an abbreviated new drug application for a generic ve…"
/content/drive/MyDrive/FDA Research/2011/FDA-2011-P-0606-0004_Interim_Response_to_Actavis__Inc____Letter.pdf,9046be76f23e,pdf,1,FDA-2011-P-0606,2011,petition,", s£RVlC£s (•""A_ DEPARTMENT OF HEALTH&. HUMAN SERVICES .. ,,:1- FEB 1 5 2012 9 0 0 2 12 FEB 16 P 4 :04 Terri Nataline, J.D., R.A.C. Vice President, Regulatory and Medical Affairs Actavis Inc. 60 Columbia Rd., Bldg. B Morristone, NJ 07960 Re: Docket No. FDA-2011-P-0606 Dear Ms. Nataline: Food and Drug Administration Rockville MD 20857 I am writing to inform you that the Food and Drug Administration (FDA) has not yet resolved the issues raised in your citizen petition received on August 18, 2011.…"
/content/drive/MyDrive/FDA Research/2011/FDA-2011-P-0606-0005_FDA_CDER_to_Actavis_Inc__Petition_Approval.pdf,820279757716,pdf,6,FDA-2011-P-0606,2011,petition,"DEPARTMENT OF HEALTH & HUMAN SERVICES MAY 1 7 2012 Terri Nataline, J.D., R.A.C. Vice President Actavis, Inc. 60 Columbia Road, Bldg. B Morristown, NJ 07960 9485 Re: Docket No. FDA-2011-P-0606 Dear Ms. Nataline: 12 MAY 18 Food and Drug Administration 10903 New Hampshire Avenue Building #51 Silver Spring, MD 20993 P4 :39 This letter responds to your citizen petition (Petition) received on August 18, 2011. The Petition requests that the Food and Drug Administration (FDA or Agency) designate Veltin…"
/content/drive/MyDrive/FDA Research/2011/FDA-2011-P-0609-0001_Elizabeth_Kohler___Citizen_Petition.pdf,c9c6e80fb807,pdf,5,FDA-2011-P-0609,2011,petition,"September 6, 201• A 11: 1 0 Division of Dockets Management Food and Drug Administration Department of Health and Human Services 5630 Fishers Lam:, Room 1061 Rockville, MD 2085'2, CITIZEN PETITION The undersigned submits this petition under section 721 of the Federal Food, Dru g, and COsmetic Act to request the Commissioner of Food and Dru gs to order the ingredients. manufacturing processes, and a product sample of ""Great Lengths"" hair extensions, and relevant removal products, be submitted to …"
/content/drive/MyDrive/FDA Research/2011/FDA-2011-P-0609-0002_Acknowledgement_Letter_to_Elizabeth_Kohler.pdf,d7c4c3fdb698,pdf,1,FDA-2011-P-0609,2011,petition,"sWICEs DEPARTMENT OF HEALTH & HUMAN SERVICES Public Health Service 7.7,ZFood and Drug Administration Rockville MD 20857 FILE COPY September 13, 2011 Elizabeth Kohler Dear Ms. Kohler: Your petition submitted to the Food Drug Administration regarding a product sample of the ""Great Lengths"" hair extensions, and relevant hair extension removal products, was received by this office on 09/13/2011. It was assigned docket number FDA-2011-P-0609-0001/CP, and it was filed on 09/13/2011. Please refer to t…"
/content/drive/MyDrive/FDA Research/2011/FDA-2011-P-0609-0003_FDA_CFSAN_to_Elizabeth_Kohler_Petition_Denial.pdf,b24e1b1c1a85,pdf,2,FDA-2011-P-0609,2011,petition,".. (~ .-...,..~ DEPARTMENT OF HEALTH & HUMAN SERVICES Public Health Service Food and Drug Administration College Park, MD 207 40 J v L ·1 6 ;:D·:;: · ZOIZ JUL 2Lt A II: 02 Elizabeth Kohler Re: Docket No. FDA-2011-P-0609 Dear Ms. Kohler: This letter is in response to your citizen petition, dated September 6, 2011 and filed with the Food and Drug Administration's (FDA) Division of Dockets Management as FDA-2011-P-0609, on September 13,2011. Your petition requests that FDA order Kristi Cowsert, Mi…"
/content/drive/MyDrive/FDA Research/2011/FDA-2011-P-0610-0001_Abbott_Laboratories__Mayer_Brown__LLP_____Citizen_.pdf,b2af25631a8d,pdf,26,FDA-2011-P-0610,2011,petition,"MAYER•BROWN Mayer Brown LLP 1999 K Street, N.W. Washington, D.C. 20006-1101 Main Tel +1 202 263 3000 Main Fax +1 202 263 3300 ww.mayerbrown.com Dan Himmelfarb Direct Tel +1 202 263 3035 Direct Fax +1 202 762 4267 dhimmelfarb©mayerbrown.com 4806 11 AUG 19 72 20 August 18, 2011 Commissioner of Food and Drugs Division of Dockets Management (HFA-305) Food and Drug Administration 5630 Fishers Lane, Room 1061 Rockville, Maryland 20852 CITIZEN PETITION On behalf of Abbott Laboratories (""Abbott""), the …"
/content/drive/MyDrive/FDA Research/2011/FDA-2011-P-0610-0002_Ack_letter.pdf,2b2b17e85616,pdf,1,FDA-2011-P-0610,2011,petition,"DEPARTMENT OF HEALTH & HUMAN SERVICES Public Health Service Food and Drug Administration Rockville MD 20857 August 19, 2011 TILE COPy Dan Himmelfarb Mayer Brown LLP 1999 K Street, N.W. Washington, DC 20006-1101 Dear Mr. Himmelfarb: Your petition submitted behalf of Abbott Laboratories (""Abbott""), requesting the Food and Drug Administration to requests that FDA Refrain from listing a TE rating for any drug approved under § 505 (b)(2) that references AndroGel unless and until it has conducted a n…"
/content/drive/MyDrive/FDA Research/2011/FDA-2011-P-0610-0003_FDA_CDER_interim_response_to_Mayer_Brown_LLP__date.pdf,86f690612fa0,pdf,1,FDA-2011-P-0610,2011,petition,"('l DEPARTMENT OF HEATH &. HUMAN SERVICES""ô....,+,~ Food and Drug Administration Rockville MD 20857 FEB '16 2012 Dån Himmelfarb Mayer Brown LLP 1999 K Street, NW Washington, DC 20006 Re: Docket No. FDA-201 1-P-0610 Dear Mr. Himmelfarb: I am writing to inform you that the Food and Drug Administration (FDA) has not yet resolved the issues raised in your citizen petition received on August 19,2011, and submitted on behalf of Abbott Laboratories. Your petition requests that the Agency refrain from …"
/content/drive/MyDrive/FDA Research/2011/FDA-2011-P-0610-0005_AbbVie_Inc_Hogan_Lovells_Supplement.pdf,5b926d071671,pdf,16,FDA-2011-P-0610,2011,petition,"Hogan Lovells December 11, 2013 BY HAND DELIVERY Division of Dockets Management Food and Drug Administration 5630 Fishers Lane, Room 1061 Rockville, Maryland 20852 Re: Docket No. FDA-2011-P-0610 13 777 CITIZEN PETITION SUPPLEMENT On behalf of AbbVie Inc. (""AbbVie"") 1, the undersigned respectfully submits this second supplement to the above-referenced citizen petition (the ""Petition""). This supplement pertains to the 1% testosterone gel products that are the subject of approved new drug applicat…"
/content/drive/MyDrive/FDA Research/2011/FDA-2011-P-0610-0008_Supplement_from_AbbVie_Inc_Hogan_Lovells_US_LLP.pdf,90f5eec5f063,pdf,16,FDA-2011-P-0610,2011,petition,"Hogan Love lis May 19,2014 BY HAND DELIVERY Division of Dockets Management Food and Drug Administration 5630 Fishers Lane, Room 1061 Rockville, Maryland 20852 Re: Docket No. FDA-2011-P-0610 CITIZEN PETITION SUPPLEMENT Hogan Lovells US LLP Columbia Square 555 Thirteenth Street, NW Washington , DC 20004 T +1 202 637 5600 F +1 202 637 5910 www.hoganlovells .com 0'\ \0 .:::::.. --.J On behalf of Abb Vie Inc. (""Abb Vie""), 1 the undersigned respectfully submits this third supplement to the above-refe…"
/content/drive/MyDrive/FDA Research/2011/FDA-2011-P-0610-0010_Petition_Approval_Denial_from_FDA_CDER.pdf,9e3a26332cbe,pdf,33,FDA-2011-P-0610,2011,petition,
/content/drive/MyDrive/FDA Research/2011/FDA-2011-P-0623-0001_International_Premium_Cigar___Pipe_Retailers_Assoc.pdf,b7883e7c6f86,pdf,7,FDA-2011-P-0623,2011,other,"DAVID B. CLISSOLDLAW OFFICES HYMAN, PHELPS & MCNAMARA, P.C. 700 THIRTE .ENTH STREET, N.W. SUITE 1200 WASHINGTON, D.C. 20005-5929 ion ,(12p)737-5600 VA6411M 114\ 10: (202) 737-9329 'JO www.hpm cornDirect Dial (202) 737-7545 DClissold@hpm.com August 19, 2011 Division of 17;tA,kets tylarla.gernent Food and Drug Administration (HFA-305) Department of Health and Human Services 5630 Fishers Lane, Room 1061 Rockville, Maryland 20852 To Whom It May Concern: The International Premium Cigar & Pipe Retail…"
/content/drive/MyDrive/FDA Research/2011/FDA-2011-P-0623-0002_Acknowledgement_Letter_to_The_International_Premiu.pdf,9183ac48ad8d,pdf,1,FDA-2011-P-0623,2011,petition,"DEPARTMENT OF HEALTH & HUMAN SERVICES Public Health Service Food and Drug Administration Rockville MD 20857 FILE COPY August 24, 2011 David B. Clissold Hyman, Phelps & McNamara, P.C. 700 13 th Street N.W., Suite 1200 Washington, DC 20005 Dear Mr. Clissold: Your petition to the Food Drug Administration submitted on behalf of The International Premium Cigar & Pipe Retailers Association, requesting to issue regulations that define a ""traditional large and premium cigar"" and then exempt traditional…"
/content/drive/MyDrive/FDA Research/2011/FDA-2011-P-0623-0003_FDA_CTP_Interim_Response_to_International_Premium_.pdf,d2044afea35f,pdf,1,FDA-2011-P-0623,2011,petition,"/,U>7Q. ( ~ DEPARTMENT OF HEALTH AND HUMAN SERVICES '+<~~'-~""G~ David B. Clissold Hyman, Phelps & McNamara, P.C. 700 13th Street N.W., Suite 1200 Washington, DC 20005 NOV Re: Docket No. FDA-20l1-P-0623-0001/CP Dear Mr. Clissold: Food and Drug Administration Center for Tobacco Products 9200 Corporate Boulevard Rockville MD 20850-3229 I am writing to inform you that the Food and Drug Administration (FDA) has not yet resolved the issues raised in your citizen petition received on August 24, 20 11.…"
/content/drive/MyDrive/FDA Research/2011/FDA-2011-P-0623-0006_Citizen_Petition_Final_Response_from_FDA_CTP_to_Hy.pdf,30320e5aaef3,pdf,2,FDA-2011-P-0623,2011,petition,"/'""""""""'·"" { ~DEPARTMENT OF HEALTH AND HUMAN SERVICES '~}~ May 5, 2016 Re: Docket FDA-2011-P-0623-0001 David B. Clissold Hyman, Phelps & McNamara , P.C. 700 13th Street N.W., Suite 1200 Washington, DC 20005 Dear Mr. Clissold: Food and Drug Administration Center for Tobacco Products 10903 New Hampshire Avenue Silver Spring, MD 20993 This is a final response regarding your citizen petition received on August 24, 2011, filed on behalf of the International Premium Cigar & Pipe Retailers Association …"
/content/drive/MyDrive/FDA Research/2011/FDA-2011-P-0637-0001_Alliance_for_Natural_Health_USA___Citizen_Petition.pdf,7c4611229034,pdf,11,FDA-2011-P-0637,2011,petition,"CITIZENS PETITION TO THE FOOD AND DRUG ADMINISTRATION Division of Dockets magapeunt 11 AUG 26 P4 :413 Food and Drug Administration Room 1061 5630 Fishers Lane Rockville, MD 20852 ) ALLIANCE FOR NATURAL HEALTH USA ) 1350 Connecticut Avenue, NW, Fifth floor ) Washington, D.C. 20036 ) 202-467-1985 ) ) Petitioners, ) ) ) Docket Number ) FOOD AND DRUG ADMINISTRATION ) Division of Dockets Management ) Room 1061 ) 5360 Fishers Lane ) Rockville, MD 20852 ) ) August 11, 2011 PETITION SEEKING BLACK BOX W…"
/content/drive/MyDrive/FDA Research/2011/FDA-2011-P-0637-0002_blank_divider_page_Placeholder.pdf,1f45d293f91a,pdf,1,FDA-2011-P-0637,2011,petition,"101.:0— loria Ortega Division of Dockets Management Office of Public Information and Library Services Office of Shared Services Office of Management DEPARTMENT OF HEALTH & HUMAN SERVICES Public Health Service Food and Drug Administration Rockville MD 20857 FILE COPY August 26, 2011 Nandini Gopinadh Legislative and Policy Analyst Alliance for Natural Health USA 1350 Connecticut Avenue, NW Fifth Floor Washington, DC 20036 Dear Ms. Gopinadh: Your petition to the Food and Drug Administration reques…"
/content/drive/MyDrive/FDA Research/2011/FDA-2011-P-0637-0003_FDA_CDER_Interim_Response_to_Alliance_for_Natural_.pdf,a8e494da00a7,pdf,1,FDA-2011-P-0637,2011,petition,"~ S£RVIC£S.(Æ ~~~~""~'rDEPARTMENT OF HEALTH 8i HUMA SERVICES Food and Drug Administration Rockvile MD 20857 FEB 2 2 2012 N andini Gopinadh Allance for Natural Health USA 1350 Connecticut Ave., NW Fifth Floor Washington, DC 20036 Re: Docket No. FDA-2011-P-0637 Dear Ms. Gopinadh: I am writing to inform you that the Food and Drug Administration (FDA) has not yet resolved the issues raised in your citizen petition received on August 26, 20 11. Your petition requests that the Agency require the addit…"
/content/drive/MyDrive/FDA Research/2011/FDA-2011-P-0637-0004_Response_Letter_to_Alliance_for_Natural_Health_fro.pdf,e22a0cdc13ea,pdf,11,FDA-2011-P-0637,2011,response/decision,
/content/drive/MyDrive/FDA Research/2011/FDA-2011-P-0641-0001_Public_Citizen_Health_Research_Group_Citizen_Petit.pdf,a735d4fc2cc1,pdf,31,FDA-2011-P-0641,2011,other,"kVA 1600 20th s48,P11 • Witihiniii6,21t. It4061 , 202/588-1000 • www.citizen.org PUBLICCITIZEN August 25, 2011 Margaret A. Hamburg, M.D. Commissioner co -4 Food and Drug Administration Department of Health and Human Services WO 2200 10903 New Hampshire Avenue Silver Spring, MD 20993-0002 Jeffrey E. Shuren, M.D., J.D. Director, Center for Devices and Radiologic Health4t■ Food and Drug Administration Department of Health and Human Services WO 66, Room 5442 10903 New Hampshire Avenue Silver Spring…"
/content/drive/MyDrive/FDA Research/2011/FDA-2011-P-0641-0002_Acknowledgement_Letter_to_Public_Citizen_Health_Re.pdf,3574cfb5a31b,pdf,1,FDA-2011-P-0641,2011,petition,"DEPARTMENT OF HEALTH & HUMAN SERVICES Public Health Service tKraa Food and Drug Administration Rockville MD 20857 FILE COPY August 26, 2011 Michael Carome, M.D. Deputy Director Public Citizen's Health Research Group 1600 20 th Street, NW Washington, D.C. 20009 Dear Dr. Carome: Your petition to the Food and Drug Administration requesting to immediately ban the marketing of all currently available non-absorbable surgical mesh products specifically designed and labeled for transvaginal repair of p…"
/content/drive/MyDrive/FDA Research/2011/FDA-2011-P-0641-0005_FDA_CDRH_Interim_Response_to_Public_Citizen_Health.pdf,8eb9b9c2d438,pdf,1,FDA-2011-P-0641,2011,petition,"(""~ DEPARTMET OF HETH &. HUMA SERviCES,,-1Public Health Service Food and Drug Administration Rockvile MD 20857 February 10,2012 Michael Carome, M.D. Deputy Director Public Citizen's Health Research Group 1600 20th St., NW Washington, DC 20009 Re: Citizen Petiti@n- Docket Number FDA-201 1-P-0641 -4 Dear Dr. Carome: This is an interim response to your petitiOn dated August 25,2011, which was fied by the Food and Drug Administration (FDA) on August 26,2011. In the petition, on behalf of Public Cit…"
/content/drive/MyDrive/FDA Research/2011/FDA-2011-P-0641-0007_Citizen_Petition_Denial_Response_from_FDA_CDRH_to_.pdf,7bb4a6a296f1,pdf,7,FDA-2011-P-0641,2011,petition,"DEPARTMENT OF HEALTH & HUMAN SERVICES Michael Carome, M.D. Deputy Director Public Citizen's Health Research Group 1600 20th St., NW Washington, DC 20009 MA'tO 12014 Re: Citizen Petition- Docket Number FDA-2011-P-0641 Dear Dr. Carome: Public Health Service Food and Drug Administration 10903 New Hampshire A venue Silver Spring, MD 20993 This letter is in response to the above referenced citizen petition dated August 25, 2011, and filed by the Food and Drug Administration (FDA or agency) on August…"
/content/drive/MyDrive/FDA Research/2011/FDA-2011-P-0642-0001_Center_for_Inquiry_and_the_Committee_for_Skeptical.pdf,8113532e5d8c,pdf,9,FDA-2011-P-0642,2011,petition,"CENTER FOR INQUIRY Transnational P.O. Box 741 • Amherst, New York 14226-0741 • (716) 636-4869 • Fax (716) 636-1733 www.centerforinquiry net August 26, 2011 Division of Dockets Management Food and Drug Administration Department of Health and Human Services 5630 Fishers Lane, Rm. 1061 Rockville, MD 20852 Citizen Petition to Require All OTC Homeopathic Drugs to be Tested for Effectiveness and Labeled Accurately The undersigned submit this petition on behalf of the Center for Inquiry (""CFI"") and it…"
/content/drive/MyDrive/FDA Research/2011/FDA-2011-P-0642-0002_Acknowledgement_Letter_to_Center_for_Inquiry_and_t.pdf,6b55cd79d955,pdf,1,FDA-2011-P-0642,2011,petition,"Ps'cu.q' 1 DEPARTMENT OF HEALTH & HUMAN SERVICES Public Health Service Food and Drug Administration Rockville MD 20857 FILE COPY August 29, 2011 Ronald A. Lindsay President/CEO Center for Inquiry Committee for Skeptical Inquiry P.O.Box 741 Amherst, NY 14226-0741 Dear Mr. Lindsay: Your petition to the Food and Drug Administration to require all OTC Homeopathic Drugs to be tested for effectiveness and labeled accurately, was received on 08/29/2011. It was assigned docket number FDA-2011-P-0642-00…"
/content/drive/MyDrive/FDA Research/2011/FDA-2011-P-0642-0003_Interim_Response_to_Center_for_Inquiry_and_the_Com.pdf,b636533f316d,pdf,1,FDA-2011-P-0642,2011,petition,"t\ StRV1C'S. ("" l DEPARTMENT OF HEATH &. HUMA SERVICES. e..,Iy~~ Food and Drug Administration Rockville MD 20857 FEB 2 2 2012 Rånald A. Lindsay President/CEO Center for Inquiry Committee for Skeptical Inquiry P.O. Box 741 Amherst, NY 14226-0741 Re: Docket No. FDA-2011-P-0642 Dear Mr. Lindsay: I am writing to inform you that the Food and Drug Administration (FDA) has not yet resolved the issues raised in your citizen petition received on August 29,2011. Your petition requests that the Agency ini…"
/content/drive/MyDrive/FDA Research/2011/FDA-2011-P-0642-0016_Final_Response_from_FDA_CDER_to_Center_for_Inquiry.pdf,6144c26e416f,pdf,5,FDA-2011-P-0642,2011,petition,"U.S. Food & Drug Administration 10903 New Hampshire Avenue Silver Spring, MD 20993 w ww.fda.gov Robyn E. Blumner, President and CEO Center for Inquiry 3965 Rensch Road Amherst, NY 14226 Barry Karr, Executive Director Committee for Skeptical Inquiry3965 Rensch RoadAmherst, NY 14226 Re: Docket No. FDA-2011-P-0642 Dear Ms. Blumner and Mr. Karr: This letter responds to the citizen petition da ted August 26, 2 011 (Petition), that you submitted to the Food and Drug Administration (FDA or Agency). Th…"
/content/drive/MyDrive/FDA Research/2011/FDA-2011-P-0644-0001_Center_for_Inquiry__CFI__and_Committee_for_Skeptic.pdf,1e1b8aad4810,pdf,4,FDA-2011-P-0644,2011,petition,"CENTER FOR INQUIRY Transnational P.O. Box 741 • Amherst, New York 14226-0741 • (716) 636-4869 • Fax (716) 636-1733 4=''. CO www.centerforinquiry.net cx) N) lows"" August 26, 2011 Division of Dockets Management Food and Drug Administration Department of Health and Human Services 5630 Fishers Lane, Rm. 1061 Rockville, MD 20852 Citizen Petition to Issue Warning Letter to Boiron Concerning Its Misleading Marketing of Oscillococcinum on Its Website The undersigned submit this petition on behalf of th…"
/content/drive/MyDrive/FDA Research/2011/FDA-2011-P-0644-0002_Acknowledgement_letter_to_Center_for_Inquiry__CFI_.pdf,032689fcab52,pdf,1,FDA-2011-P-0644,2011,petition,"August 29, 2011 Ronald A. Lindsay President/CEO Center for Inquiry Committee for Skeptical Inquiry 3965 Rensch Road Amherst, NY 14226flit COPY #.7 DEPARTMENT OF HEALTH & HUMAN SERVICES Public Health Service 1 Food and Drug Administration Rockville MD 20857 Dear Mr. Lindsay: Your petition to the Food and Drug Administration to issue warning letters to Boiron Concerning its misleading marketing of Oscillococcinum on its website, was received on 08/29/2011. It was assigned docket number FDA-2011-P…"
/content/drive/MyDrive/FDA Research/2011/FDA-2011-P-0644-0003_FDA_CDER_toCenter_for_Inquiry__and_Committee_for_S.pdf,43338977f1d4,pdf,2,FDA-2011-P-0644,2011,petition,"(""'~ DEPARTMET OF HETH &- HUMA SERVICESv~~+,::~H-F4-'3óS Food and 'Drug Administration Rockvile M D 20857 DEC 1 3 2011 . Ronald A. Líndsay Center for Inquiry 3965 Rensch Road Amherst, NY 14226 Barr Karr Committee for Skeptical Inquiry 3965 Rensch Road Amherst; NY 14226 Re: Docket Nos. FDA-2011-P-0644 and FDA-2011-P-0645 Dear Messrs. Líndsay andKar: This responds to your two citizen petitions received onAugust29, 2011 (Petitions). i The Petitions request that the Food and Drug Administration (FD…"
/content/drive/MyDrive/FDA Research/2011/FDA-2011-P-0645-0001_Center_for_Inquiry__CFI__and_Committee_for_Skeptic.pdf,a8f80cb3ecea,pdf,5,FDA-2011-P-0645,2011,petition,"CENTER FOR INQUIRY Transnational P.O. Box 741 • Amherst, New York 14226-0741 • (716) 636-4869 • Fax (716) 636-1733 www.centerforinquiry.net August 26, 2011 Division of Dockets Management Food and Drug Administration Department of Health and Human Services 5630 Fishers Lane, Rm. 1061 Rockville, MD 20852 Citizen Petition to Require English Language Labeling on Boiron Oscillococcinum Drug Packaging and Website The undersigned submit this petition under Section 502(c) of the Federal Food, Drug, and…"
/content/drive/MyDrive/FDA Research/2011/FDA-2011-P-0645-0002_Acknowledgement_Letter_to_Center_for_Inquiry__CFI_.pdf,595d64e047ef,pdf,1,FDA-2011-P-0645,2011,petition,"DEPARTMENT OF HEALTH & HUMAN SERVICES Public Health Service Food and Drug Administration Rockville MD 20857 August 29, 2011 Ronald A. Lindsay President/CEO Center for Inquiry Committee for Skeptical Inquiry 3965 Rensch Road Amherst, NY 14226IlL COpy Dear Mr. Lindsay: Your petition to the Food and Drug Administration to Require English Language Labeling on Boiron Oscillococcinum Drug Packaging on its Website, was received on 08/29/2011. It was assigned docket number FDA-2011-P-0645-0001/CP, and …"
/content/drive/MyDrive/FDA Research/2011/FDA-2011-P-0645-0003_FDA_CDER_to_Center_for_Inquiry_and_Committee_for_S.pdf,516c6d745cb1,pdf,2,FDA-2011-P-0645,2011,petition,"(""'~ DEPARTMET OF HETH &- HUMA SERVICESv~~+,::~H-F4-'3óS Food and 'Drug Administration Rockvile M D 20857 DEC 1 3 2011 . Ronald A. Líndsay Center for Inquiry 3965 Rensch Road Amherst, NY 14226 Barr Karr Committee for Skeptical Inquiry 3965 Rensch Road Amherst; NY 14226 Re: Docket Nos. FDA-2011-P-0644 and FDA-2011-P-0645 Dear Messrs. Líndsay andKar: This responds to your two citizen petitions received onAugust29, 2011 (Petitions). i The Petitions request that the Food and Drug Administration (FD…"
/content/drive/MyDrive/FDA Research/2011/FDA-2011-P-0646-0001_City_of_Philadelphia__Department_of_Public_Health_.pdf,25de55ec2d09,pdf,27,FDA-2011-P-0646,2011,petition,"CI -FY- cF OFFICE OF HEALTH AND OPPORTUNITY Municipal Services Building 1401 JFK Boulevard, Room 600 Philadelphia, Pennsylvania 19102 Tel: (215) 686-9009 August 25, 2011NI AUG 30 A II : 03 PHILADELPHIA_ DONALD F. SCHWARZ, MD, MPH Deputy Mayor, Health & Opportunity Health Commissioner VIA UPS NEXT DAY AIR SAVER Division of Dockets Management Food and Drug Administration Department of Health and Human Services 5630 Fishers Lane, Rm # 1061 Rockville, MD 20852 Re: Petition Requesting Exemption from…"
/content/drive/MyDrive/FDA Research/2011/FDA-2011-P-0646-0002_Acknowledgement_Letter_to_the_City_of_Philadelphia.pdf,214dcce92d7e,pdf,1,FDA-2011-P-0646,2011,petition,"DEPARTMENT OF HEALTH & HUMAN SERVICES Public Health Service Food and Drug Administration Rockville MD 20857 flit COPY August 30, 2011 Donald F. Schwarz, MD, MPH Deputy Mayor, Health & Opportunity Health Commissioner City of Philadelphia, Department of Public Health 1401 JFK Boulevard, Suite 600 Philadelphia, PA 19102 Dear Dr Schwarz: Your petition to the Food and Drug Administration to Request that the Food and Drug Administration (""FDA"") exempt Philadelphia Ordinance 080167- A, codified in §§ …"
/content/drive/MyDrive/FDA Research/2011/FDA-2011-P-0646-0003_Interim_Response_to_City_of_Philadephia_Department.pdf,89931c7495b0,pdf,30,FDA-2011-P-0646,2011,response/decision,"DEPARTMENT OF HEALTH & HUMAN SERVICES Zn)' r,r:r I l ,....--, I· ') 0 '_':I L·~---· : _) -l. ~--I Donald F. Schwarz, MD, MPH Deputy Mayor, Health and Opportunity Health Commissioner December 9, 2011 City ofPhiladelphia, Department of Public Health 1401 JFK Boulevard, Suite 600 Philadelphia, PA 19102 Re: Docket No. FDA-20 11-P-0646 Dear Dr. Schwarz: Office of Foods Food and Drug Administration Silver Spring, MD 20993 This letter provides a tentative response to your pe1:ition (FDA-2011-P-0646), …"
/content/drive/MyDrive/FDA Research/2011/FDA-2011-P-0646-0004_Supplement_from_the_City_of_Philadelphia_Departmen.pdf,c0594e739f11,pdf,5,FDA-2011-P-0646,2011,supplement/amendment,"Division of Dockets Management Food and Drug Administration Department of Health and Human Services CIMY OF PHILADELPHIA. Office of Health and Opportunity 1401 JFK Blvd., Suite 600 Philadelphia, PA 19102 Donald F. Schwarz, MD, MPH Deputy Mayor, Health and Opportunity Health Commissioner December 16, 2013 r VIA CERTIFIED MAIL Division of Dockets Management Food and Drug Administration Department of Health and Human Services 5630 Fishers Lane, Rm # 1061 Rockville, MD 20852 Re: Supplemental Letter…"
/content/drive/MyDrive/FDA Research/2011/FDA-2011-P-0646-0008_Amended_Citizen_Petition_from_City_of_Philadelphia.pdf,aa66baf4e536,pdf,21,FDA-2011-P-0646,2011,petition,"CITY OF PHILADELPHIA DEPARTMENT OF PUBLIC HEALTH Municipal Services Building 1401 JFK Boulevard , Room 600 Philadelphia , PA 19102 (215) 686-9009 September 8, 2015 VIA FEDERAL EXPRESS Division of Dockets Management Food and Drug Administration Department of Health and Human Services 5630 Fishers Lane, Rm. 1061 Rockville , MD 20852 JAMES W. BUEHLER , MD Health Commissioner (/) .,., -o > -.? N .r: Re: Amended Petition Requesting Exemption from Preemption for State Requirement (Docket ID: FDA-2011…"
/content/drive/MyDrive/FDA Research/2011/FDA-2011-P-0646-0027_Letter_from_Health_Promotion_Council_to__City_of_P.pdf,fa19b758eb98,pdf,2,FDA-2011-P-0646,2011,other,"• HEALTH PROMOTION COUNCIL liJ4 aflilia•c bulldmg connectJOns to health Centre Square East 1500 Market Street Philadelphia. PA 19102 Vanessa Briggs, MBA. RD. LON Executive Director Michael P. Rosenthal, MO President· Elect 215.731.6150 PHONE 215.731.6199 FAX HPCM.ORG leiry C. Johnson. MD President Division of Dockets Management Food and Drug Administration Department of Health and Human Services 5630 Fishers Lane, Rm. 1061 Rockville, MD 20852 September 22, 2015 Re: Letter In Support of Philadel…"
/content/drive/MyDrive/FDA Research/2011/FDA-2011-P-0646-0028_Comment_from_Thomas_Jefferson_University_College_o.pdf,1d462186279c,pdf,3,FDA-2011-P-0646,2011,comment,"Thomas Jefferson University ® Jefferson College of Population Health Division of Dockets Management Food and Drug Administration Department of Health and Human Services 5630 Fishers Lane, Rm. 1061 Rockville, MD 20852 October 1, 2015 15 ~-a PZ~\0 David B. Nash, MD, MBA Dean The Raymond C. and Doris N. Grandon Professor of Health Policy 901 Walnut Street lOth Floor Philadelphia. PA 19107 T 215-955-6969 F 215-923-7583 david.nash@jefferson .edu www.jefferson .edu/populationhealth Re: Letter In Supp…"
/content/drive/MyDrive/FDA Research/2011/FDA-2011-P-0646-0031_Interim_Response_Letter_from_FDA_CFSAN_to_Deparmen.pdf,2be5608f1b5d,pdf,3,FDA-2011-P-0646,2011,petition,"DEPARTMENT OF HEALTH AND HUMAN SERVICES DEC 2 3 2015 Public Health Service Food and Drug Administration College Park, MD 20740-38 8 7 3 9 15 llC 2& P3 :33 James W. Buehler, MD Health Commissioner Department of Public Health City of Philadelphia 1401 JFK Boulevard Suite 600 Philadelphia , Pennsylvania 19102 Re: Docket No. FDA-2011-P-0646 Dear Dr. Buehler: This letter provides a tentative response to your amended petition (FDA-2011-P-0646-0008), submitted on behalf of the City of Philadelphia and…"
/content/drive/MyDrive/FDA Research/2011/FDA-2011-P-0653-0001_Emcure_Pharmaceuticals__USA_Inc____Citizen_Petitio.pdf,54f81fe6715a,pdf,6,FDA-2011-P-0653,2011,petition,"Emcure Esmolol Hydrochloride Injection Emcure Pharmaceuticals Inc 2011 SEP -1 P I? : OLI August 24, 2011 Division of Dockets Management (HFA-305) Food and Drug Administration Department of Health and Human Services 5630 Fishers Lane, Room 1061, Rockville, MD 20852 Subject: Citizen Petition, Esmolol Hydrochloride Injection, 10 mg/ mL, 10 mL vials Dear Sir/Madam, The attached petition requests the FDA to accept an Abbreviated New Drug Application (ANDA) for Esmolol Hydrochloride Injection 10 mg/ …"
/content/drive/MyDrive/FDA Research/2011/FDA-2011-P-0653-0002_Acknowledgement_Letter_to_Emcure_Pharmaceuticals_U.pdf,d7487f30ed65,pdf,1,FDA-2011-P-0653,2011,petition,"Nilesh Patel Vice President — QA Emcure Pharmaceuticals Inc. 21/B Cotters Lane East Brunswick, New Jersey 08816FILE COPY G ria Ortega Division of Dockets Management Office of Public Information and Library Services Office of Shared Services Office of Management AeDEPARTMENT OF HEALTH & HUMAN SERVICES Public Health Service Food and Drug Administration Rockville MD 20857 September 7, 2011 Dear Mr. Patel: Your petition to the Food and Drug Administration requesting to accept an Abbreviated New Dru…"
/content/drive/MyDrive/FDA Research/2011/FDA-2011-P-0653-0003_FDA_CDER_ORP__to_Division_of_Dockets_Management___.pdf,b05772a1743f,pdf,1,FDA-2011-P-0653,2011,petition,"~$U\'"",.... ( -.-ld!r DEPARTMENT,OF HEALTH AND HUAN SERVICES,'4+~ ....ralJ MEMORADUM Date: Subject:January 6,2012 Kalah Auchincloss, CDERIORP/DRP A~ Docket No. FDA-20ll-P-0653From: To: Dockets Management Cc: Gloria Ortega, Dockets Management Pursuant to a telephone conversation on January 6,2012 with Nilesh Patel, Vice President of Quality at Emcure Pharmaceuticals, Emcure Pharmaceuticals has agreed to withdraw its citizen petition, Docket No. FDA-20ll-P-0653. Accordingly, please close Docket N…"
/content/drive/MyDrive/FDA Research/2011/FDA-2011-P-0654-0001_Acorda_Therapeutics__Inc____Citizen_Petition.pdf,cb7e7adc9f50,pdf,17,FDA-2011-P-0654,2011,petition,"AC RDA® THER APEUTICS September 6, 2011 Division of Dockets Management Food and Drug Administration Department of Health and Human Services 5630 Fishers Lane, Room 1061 Rockville, MD 20852 CITIZEN PETITION Acorda Therapeutics, Inc. (Acorda) submits this petition under section 505 of the Federal Food, Drug, and Cosmetic Act (FDCA or the Act) to request the Commissioner of Food and Drugs to take the actions described in Section A with respect to Abbreviated New Drug Application (ANDA) No. 78-868 …"
/content/drive/MyDrive/FDA Research/2011/FDA-2011-P-0654-0002_Acknowledgement_Letter_to_Acorda_Therapeutics__Inc.pdf,948e6f52f4bc,pdf,1,FDA-2011-P-0654,2011,petition,"DEPARTMENT OF HEALTH & HUMAN SERVICES Public Health Service Food and Drug Administration Rockville MD 20857 September 7, 2011 FILE COPY Andrew Blight Chief Scientific Officer, Ph.D. Acorda Therapeutics, Inc. 15 Skyline Drive Hawthorne, NY 10032 Dear Dr. Blight: Your petition to the Food and Drug Administration requesting to disapprove Abbreviated New Drug Application No. 78-868 filed by Apotex, Inc. for generic tizanidine hydrochloride capsules, was received by this office on 09/07/2011. It was…"
/content/drive/MyDrive/FDA Research/2011/FDA-2011-P-0654-0003_Acorda_Therapeutics__Inc____Letter.pdf,9ab8b25ae04e,pdf,3,FDA-2011-P-0654,2011,petition,"AC RDA® THER APEU TICS September 6, 201 Division of Dockets Management Food and Drug Administration Department of Health and Human Services 5630 Fishers Lane, Room 1061 Rockville, MD 20852 Re: Citizen Petition and Patent Litigation Decision Concerning ANDA 78-868 Today, the Court in Acorda Therapeutics, Inc. v. Apotex, Inc., No. 07-4937 (D.N.J.) ruled that, as contended by Apotex Corp. and Apotex, Inc. (collectively, Apotex) in defense of its abbreviated new drug application (ANDA) No. 78- 868,…"
/content/drive/MyDrive/FDA Research/2011/FDA-2011-P-0654-0004_Acorda_Therapeutics_Inc___Supplement.pdf,d41e015c7cce,pdf,55,FDA-2011-P-0654,2011,petition,"AC RDA® THERAPEUTICS 5077 11 SEP 1 6 2 :22 September 15, 2011 Division of Dockets Management Food and Drug Administration Department of Health and Human Services 5630 Fishers Lane, Room 1061 Rockville, MD 20852 Supplement to Citizen Petition Acorda Therapeutics, Inc. (Acorda) submits this Supplement (the ""Supplement"") to its Citizen Petition filed September 7, 2011 (the ""Citizen Petition,"" docket number not yet available). Acorda holds new drug applications (NDAs) for two formulations of tizani…"
/content/drive/MyDrive/FDA Research/2011/FDA-2011-P-0654-0009_FDA_CDER_toAcorda_Therapeutics__Inc___Petition_Den.pdf,73d31dbf1b36,pdf,9,FDA-2011-P-0654,2011,petition,"(""~ DIlARTMENT OF HEATH &- HUMA SERVICES~~~~~,~~ Food and Drug Administration Rockville MD 20857 FEB 3 2012 . Andrew Blight Chief Scientific Officer, Ph.D. Acorda Therapeutics, Inc. 15 Skyline Drive Hawthorne, NY 10032 RE: Docket No. FDA-20ll-P-0654 Dear Dr. Blight: This letter responds to your citizen petition, received on September 7,2011 (Petition), requesting that FDA not approve the Abbreviated New Drug Application (ANDA) No. 78-868 filed by Apotex, Inc. (Apotex) for generic tizanidine hyd…"
/content/drive/MyDrive/FDA Research/2011/FDA-2011-P-0654-0010_Apotex_Inc_Locke_Lord_Bissell_and_Liddell_LLP_Lett.pdf,a8c5bc2af8a8,pdf,3,FDA-2011-P-0654,2011,comment,"Locke LordLLP Attorneys & Counselors November 8, 2011 VIA FEDERAL EXPRESS Dockets Management Branch Food and Drug Administration 5 4 7 0 11 NlV -9 A 9 :22 5630 Fishers Lane, Room 1061 HFA-305 Rockville, MD 20852 111 Svulh 'Nacker Dnv€ Crli·:,ago, IL 60606 Teleph·~ne: 312-443-0700 Fc;x 312-44.!-0:13'3 www.lockelord.com Kevm M. Nelson D1rect Telephone: 312--443-1&90 Direct Fax: 312-896-6674 knelson@lockelord.com Re: Verification for FDA-2011-P-0654/5 and letter dated November 3, 2011: Comments in…"
/content/drive/MyDrive/FDA Research/2011/FDA-2011-P-0657-0001_Citizen_Petition_from_the_National_Organization_fo.pdf,d10052a01cd6,pdf,3,FDA-2011-P-0657,2011,petition,"September 2, 2011 Division of Dockets Management Food and Drug Administration Department of Health and Human Services 5630 Fishers Lane, Room 1061 Rockville, MD 20852NORD National Organization for Rare Disorders 4014-SEP-4,-*.44.8_. (4' Citizen Petition The undersigned submits this petition under the Federal Food, Drug and Cosmetic Act to request the Commissioner of Food and Drugs to include specific topics, as noted below, in the guidance document to be issued no later than December 27, 2011. …"
/content/drive/MyDrive/FDA Research/2011/FDA-2011-P-0657-0002_Acknowledgement_Letter_to_National_Organization_fo.pdf,063889ae9ebe,pdf,1,FDA-2011-P-0657,2011,petition,"DEPARTMENT OF HEALTH & HUMAN SERVICES Public Health Service Food and Drug Administration Rockville MD 20857 September 9, 2011 FILE COPY Peter L. Saltonstall President and CEO National Organization for Rare Disorders 1779 Massachusetts Avenue NW Suite 500 Washington, DC 20036 Dear Mr. Saltonstall: Your petition to the Food and Drug Administration requesting to issue a guidance document to include specific topics on ""internal review standards"" concerning orphan drugs, was received by this office …"
/content/drive/MyDrive/FDA Research/2011/FDA-2011-P-0657-0003_Interim_Response_Letter_from_FDA_CDER_to_National_.pdf,6a0aab1a23af,pdf,1,FDA-2011-P-0657,2011,petition,"('~ ~+~~""~'z\-DEPARTMENT OF HEALTH &. HUMAN SERVICES Food and Drug Administration Rockvile MD 20857 MAR 7 2012 Peter L. Saltonstall President and Chief Executive Officer National Organization for Rare Disorders 1779 Massachusetts Ave., NW Suite 500 Washington, DC 20036 Re: Docket No. FDA-2011-P-0657 Dear Mr. Saltonstall: I am writing to inform you that the Food and Drug Administration (FDA or Agency) has not yet resolved the issues raised in your citizen petition dated September 2, 2011, and su…"
/content/drive/MyDrive/FDA Research/2011/FDA-2011-P-0657-0004_Citizen_Petition_Partial_Approval_and_Denial_Respo.pdf,fdc06129805a,pdf,9,FDA-2011-P-0657,2011,petition,"SfP 1 0 2015 Peter L. Saltonstall President and Chief Executive Officer National Organization for Rare Disorders 1779 Massachusetts Ave., NW Suite 500 Washington, DC 20036 Re: Docket No. FDA-2011-P-0657 Dear Mr. Saltonstall: Food and Drug Administration 10903 New Hampshire Ave Building 51 Silver Spring, MD 20993 This letter responds to your citizen petition dated September 2, 2011 (Petition), in which the National Organization for Rare Disorders (NORD) requested that the Food and Drug Administr…"
/content/drive/MyDrive/FDA Research/2011/FDA-2011-P-0660-0001_RegulatoryPro_com___Citizen_Petition.pdf,265be9dfddf0,pdf,9,FDA-2011-P-0660,2011,petition,"0 k..71 ro RegulatoryPro.com Robert J Michahl, Esq, RAC Principal Consultant / Regulatory Attorney 12 Blendon Woods Drive, Southborough, MA 01772 ww .re ulato Tel: 617-633-6462 At rimichalik@charter.net August 31, 2011 Citizen Petition Requesting Completion of Reclassification Process for Absorbable Hemostatic Devices (21 CFR 878.4490) To: Division of Dockets Management Food and Drug Administration Department of Health and Human Services 5630 Fishers Lane, Room 1061 Rockville, MD 20852 Margaret…"
/content/drive/MyDrive/FDA Research/2011/FDA-2011-P-0660-0002_Acknowledgement_Letter_to_RegulatoryPro_com.pdf,315b7638aa43,pdf,1,FDA-2011-P-0660,2011,petition,"PvdaaDEPARTMENT OF HEALTH & HUMAN SERVICES Public Health Service Food and Drug Administration Rockville MD 20857 September 9, 2011 FILE COPY Robert J. Michalik, Esq. RAC Reg ulatoryPro.com 12 Blendon Woods Drive Southborough, MA 01772 Dear Mr. Michalik: Your petition to the Food and Drug Administration requesting to amed regulation 21 CFR 878.4490 and issue a final version of the Class II Special Control Guidance for Absorbable Hemostatic Device, was received by this office on 09/09/2011. It wa…"
/content/drive/MyDrive/FDA Research/2011/FDA-2011-P-0660-0003_FDA_CDRH_interim_response_to_RegulatorPro_com.pdf,ade61bdb06d0,pdf,1,FDA-2011-P-0660,2011,response/decision,
/content/drive/MyDrive/FDA Research/2011/FDA-2011-P-0662-0001_AstraZeneca_Pharmaceuticals_LP___Citizen_Petition.pdf,42edbdca941c,pdf,9,FDA-2011-P-0662,2011,petition,"AstraZeneca September 2, 2011 BY HAND DELIVERY Division of Dockets Management Food and Drug Administration Department of Health and Human Services 5630 Fishers Lane, Room 1061 Rockville, Maryland 20852 Dear Sir or Madam: On behalf of AstraZeneca Pharmaceuticals LP, I herewith enclose a Citizen Petition and accompanying exhibits. I respectfully request the Food and Drug Administration to direct any correspondence relating to this petition to counsel identified below: Peter 0. Safir Covington & B…"
/content/drive/MyDrive/FDA Research/2011/FDA-2011-P-0662-0002_Acknowledgement_Letter_to_AstraZeneca_Pharmaceutic.pdf,c5aa1c084285,pdf,1,FDA-2011-P-0662,2011,petition,"DEPARTMENT OF HEALTH & HUMAN SERVICES Public Health Service Food and Drug Administration Rockville MD 20857 September 9, 2011 FILE COPY Kevin McKenna, PhD c/o Peter 0. Safir Covington & Burling LLP 1201Pennsylvania Ave., NW Washington, DC 20004-2401 Dear Dr. McKenna: Your petition to the Food and Drug Administration on behalf of Astra Zeneca Pharmaceuticals LP, to not approve any quetiapine abbreviated new drug application (ANDA) for which Seroquel is the reference listed drug if the proposed l…"
/content/drive/MyDrive/FDA Research/2011/FDA-2011-P-0662-0003_FDA_CDER_to_Covington___Burling_LLP__AstraZeneca_P.pdf,184a4e7b17c6,pdf,5,FDA-2011-P-0662,2011,petition,"tt SERVICES(4""..~""'""~DEPARTMENT OF HEALTH &. HUMAN SERVICES Food and Drug Administration Rockvile MD 20857 MAR 7 2012 Kevin McKenna, PhD c/o Peter O. Safir Covington & Burling LLP 1201 Pennsylvania Ave., NW Washington, DC 20004-2401 Re: Docket Nos. FDA-20l L-P-0662, FDA-2011-P-0663 Dear Dr. McKenna: This letter responds to the citizen petitions submitted to the Food and Drug Administration (FDA or the Agency) by AstraZeneca Pharmaceuticals LP (AstraZeneca), dated September 2,2011 (Petitions). I…"
/content/drive/MyDrive/FDA Research/2011/FDA-2011-P-0663-0001_AstraZeneca_Pharmaceuticals_LP___Citizen_Petition.pdf,645d7fc5e98a,pdf,10,FDA-2011-P-0663,2011,petition,"AstraZeneca September 2, 2011 BY HAND DELIVERY Division of Dockets Management Food and Drug Administration Department of Health and Human Services 5630 Fishers Lane, Room 1061 Rockville, Maryland 20852 Dear Sir or Madam: On behalf of AstraZeneca Pharmaceuticals LP, I herewith enclose a Citizen Petition and accompanying exhibits. I respectfully request the Food and Drug Administration to direct any correspondence relating to this petition to counsel identified below: Peter 0. Safir Covington & B…"
/content/drive/MyDrive/FDA Research/2011/FDA-2011-P-0663-0002_Acknowledgement_Letter_to_AstraZeneca_Pharmaceutic.pdf,48bbc51493e3,pdf,1,FDA-2011-P-0663,2011,petition,"Public Health Service 4. DEPARTMENT OF HEALTH & HUMAN SERVICES \27.4 Food and Drug Administration Rockville MD 20857 September 9, 2011 FILE COPY Kevin McKenna, PhD c/o Peter 0. Safir Covington & Burling LLP 1201Pennsylvania Ave., NW Washington, DC 20004-2401 Dear Dr. McKenna: Your petition to the Food and Drug Administration on behalf of Astra Zeneca Pharmaceuticals LP, to not approve any quetiapine abbreviated new drug application for which Seroquel XR is the reference listed drug, unless the …"
/content/drive/MyDrive/FDA Research/2011/FDA-2011-P-0663-0003_FDA_CDER_to_Covington___Burling_LLP__AstraZeneca_P.pdf,c64d7109394a,pdf,5,FDA-2011-P-0663,2011,petition,"tt SERVICES(4""..~""'""~DEPARTMENT OF HEALTH &. HUMAN SERVICES Food and Drug Administration Rockvile MD 20857 MAR 7 2012 Kevin McKenna, PhD c/o Peter O. Safir Covington & Burling LLP 1201 Pennsylvania Ave., NW Washington, DC 20004-2401 Re: Docket Nos. FDA-20l L-P-0662, FDA-2011-P-0663 Dear Dr. McKenna: This letter responds to the citizen petitions submitted to the Food and Drug Administration (FDA or the Agency) by AstraZeneca Pharmaceuticals LP (AstraZeneca), dated September 2,2011 (Petitions). I…"
/content/drive/MyDrive/FDA Research/2011/FDA-2011-P-0671-0001_Beverly_Mikuriya__M_D___and_William_McPike__Esq___.pdf,22d2f3368126,pdf,10,FDA-2011-P-0671,2011,petition,"TO: DOCKETS MANAGEMENT BRANCH Food and Drug Administration Department of Health and Human Services 12420 Parklawn Drive, Room 1-23 Rockville, MD 20857 5000 11 SEP -9 P4 27 PETITION and NOTICE OF EXEMPTION The undersigned, William McPike Esquire and Beverly Mikuriya, M.D. submit this petition and notice of exemption under 21 U.S.C. § 321(p) to request the Commissioner of Food and Drugs to issue a ruling that the products listed below are exempt from all of the new drug provisions of the act unde…"
/content/drive/MyDrive/FDA Research/2011/FDA-2011-P-0671-0002_Acknowledgement_Letter_to_William_McPike_Esquire_a.pdf,cce4a858e22c,pdf,1,FDA-2011-P-0671,2011,petition,"DEPARTMENT OF HEALTH & HUMAN SERVICES Public Health Service Food and Drug Administration Rockville MD 20857 September 9, 2011 William McPike Esquire and Beverly Mikuriya, M.D. 36360 Peterson Road Auberry, CA 93602FILE COPY Dear Mr. McPike: Your petition to the Food and Drug Administration for Notice of Exemption for Bulk Cannabis, was received by this office on 09/09/2011. It was assigned docket number FDA-2011-P-0671-0001/CP, and it was filed on 09/09/2011. Please refer to this docket number i…"
/content/drive/MyDrive/FDA Research/2011/FDA-2011-P-0671-0003_Beverly_Mikuriya__M_D___and_William_McPike__Esq___.pdf,6d8e3fa4a8de,pdf,6,FDA-2011-P-0671,2011,petition,"Att Karen Kennard Dockets Management 5630 Fisher's Lane #1061 Rockville, MD 20852 5297 11 T -4 A9 :38 With reference to Docket# FDA-2011-P-0671: Dr. Beverly Mikuriya has asked me to respond to your inquire. Enclosed are the two addendum's that your office requested along with an updated index page of addendum. The petitioners hope that these two addendum's will meet your requirements. However, if your officer requires more details, or has any technical questions, please feel free to contact Dr.…"
/content/drive/MyDrive/FDA Research/2011/FDA-2011-P-0671-0004_Interim_Response_to_Beverly_Mikuriya__M_D___and_Wi.pdf,7fc2d73596b6,pdf,1,FDA-2011-P-0671,2011,petition,"~ S'ERVICES.:l'f û,JL =1"" DEPARTMENT OF HEALTH & HUMAN SERVICES~ E\' 'ö ~~4:.lrd:m MAR 7 2012Food and Drug Administration Rockville MD 20857 Wiliam McPike, Esq. Beverly Mikuriya, M.D. 36360 Peterson Road Auberr, CA 93602 Re: Docket No. FDA-20l 1-P-0671 Dear Mr. McPike and Dr. Mikuriya: I am writing to inform you that the Food and Drug Administration (FDA) has not yet resolved the issues raised in your citizen petition received on September 9, 2011. Your petition requests that the Agency exempt …"
/content/drive/MyDrive/FDA Research/2011/FDA-2011-P-0671-0005_Final_Response_from_FDA_CDER_to_William_McPike__Es.pdf,993509e2a590,pdf,9,FDA-2011-P-0671,2011,response/decision,"2 cannabis is generally included within the Controlled Substances Act (CSA) definition of marihuana (more commonly spelled “marijuana”): (A) Subject to subparagraph (B), the term “marihuana” means all parts of the plant Cannabis sativa L., whether growing or not; the seeds thereof; the resin extracted from any part of such plant; and every compound, manufacture, salt, derivative, mixture, or preparation of such plant, its seeds or resin. (B) The term “marihuana” does not include — (i) hemp, as …"
/content/drive/MyDrive/FDA Research/2011/FDA-2011-P-0675-0001_Public_Citizen_Health_Research_Group___Citizen_Pet.pdf,6fcf6a433e5e,pdf,12,FDA-2011-P-0675,2011,petition,"MI SEP 1 ll 2: 53 1600 20th Street, NW • Washington, D.C. 20009 • 202/588-1000 • www.citizen.org PUBLICCITIZEN August 29, 2011 Division of Dockets Management Food and Drug Administration Department of Health and Human Services 5630 Fishers Lane, Room 1061 Rockville, MD 02852 CITIZEN PETITION This petition is submitted under 21 C.F.R. § 10.30 by Public Citizen, a consumer organization with more than 225,000 members and supporters nationwide, to request that the FDA authorize generic drug manufac…"
/content/drive/MyDrive/FDA Research/2011/FDA-2011-P-0675-0002_Acknowledgement_Letter_to_Public_Citizen_Health_Re.pdf,efcbb83b6274,pdf,1,FDA-2011-P-0675,2011,petition,",sernCES*. , 772DEPARTMENT OF HEALTH & HUMAN SERVICES Public Health Service Food and Drug Administration Rockville MD 20857 0,1LE Copy September 14, 2011 Sidney M. Wolfe, M.D. Director Public Citizen Health Research Group 1600 20 th Street, NW Washington, D.C. 20009 Dear Dr. Wolfe: Your petition to the Food and Drug Administration requesting to Amend 21 CFR pt. 314.70(a) to authorize and ANDA holder to change the drug's approved label by filing a supplement through the changes-being-effected an…"
/content/drive/MyDrive/FDA Research/2011/FDA-2011-P-0675-0006_Interim_Response_to_Public_Citizen_Health_Research.pdf,f293c9fb4619,pdf,1,FDA-2011-P-0675,2011,response/decision,"'t SUW1C£S.(l ~""""Ir""7:DEPARTMENT OF HEALTH &. HUMA SERVICES Food and Drug Administration Rockville MD 20857 MAR 9 2012 Sidney M. Wolfe, M.D. Director, Public Citizen Health Research Group Allison M. Zieve, J.D. Director, Public Citizen Litigation Group 1600 20th Street, N.W. Washington, D.C. 20009 Brian Wolfman, J.D. Co- Director, Institute of Public Representation Georgetown University Law Center 600 New Jersey Avenue, N.W. Washington, D.C. 20001 Re: Docket No. FDA-2011-P-0675 Dear Dr. Wolfe, …"
/content/drive/MyDrive/FDA Research/2011/FDA-2011-P-0675-0009_FDA_CDER_Response_to_Public_Citizen_Health_Researc.pdf,85fb73874b97,pdf,6,FDA-2011-P-0675,2011,response/decision,
/content/drive/MyDrive/FDA Research/2011/FDA-2011-P-0696-0001_Stat_Trade__Inc___Kleinfeld_Kaplan_and_Becker__LLP.pdf,d5e714b5946f,pdf,72,FDA-2011-P-0696,2011,other,"OF COU N SEL: WILLIAM L. HARDY THOMAS 0. HENTELEFF KINSEY S. REAGAN PETER R. MATHERS ANTHONY L. YOUNG ANNE V. MAHER BONNIE A. BEAVERS DANIEL R. DWYER SCOTT M. LASSMAN STACY L. EHRLICH JENNIFER A. DAVIDSON JOSHUA S. KIM JAMES WILLIAM WOODLEELAW OFFICES KLEINFELD, KAPLAN AND BECHER, LLP 1140 NINETEENTH STREET, N.W. WASHINGTON, D.C. 20036-6606 TELEPHONE (202) 223-5120 FACSIMILE (202) 223-5619 WWW.kkblaw.com September 20, 2011 VIA HAND DELIVERY Division of Dockets Management Food and Drug Administr…"
/content/drive/MyDrive/FDA Research/2011/FDA-2011-P-0696-0002_Acknowledgement_Letter_to_Stat_Trade__Inc___Kleinf.pdf,5601f43e2d36,pdf,1,FDA-2011-P-0696,2011,petition,"DEPARTMENT OF HEALTH & HUMAN SERVICES Public Health Service Food and Drug Administration Rockville MD 20857 September 20, 2011 FILE COPY Scott M. Lassman, Attorney Kleinfeld Kaplan and Becker, LLP 1140 Nineteenth Street, N.W. Washington, D.C. 20006-6606 Dear Mr. Lassman: Your petition to the Food and Drug Administration on behalf of Stat-Trade, inc. requesting a petition for stay of action, was received on 09/20/2011. It was assigned docket number FDA- 2011-P-0696-0001/CP, and it was filed on 0…"
/content/drive/MyDrive/FDA Research/2011/FDA-2011-P-0696-0003_FDA_Office_of_Financial_Management_Interim_Respons.pdf,cf714710a9a2,pdf,1,FDA-2011-P-0696,2011,other,
/content/drive/MyDrive/FDA Research/2011/FDA-2011-P-0696-0004_FDA_Response_to_Stat_Trade__Inc___Kleinfeld_Kaplan.pdf,eb0a963eb100,pdf,5,FDA-2011-P-0696,2011,petition,"DEPARTMENT OF HEALTH & HUMAN SERVICES Public Health Service Scott M. Lassman Counsel for Stat-Trade, Inc. Kleinfeld, Kaplan and Becker, LLP 1140 Nineteenth Street, N.W. Washington, D.C. 20036-6606 Dear Mr. Lassman: Food and Drug Administration Rockville , MD OCT 27 2011 Re: Docket No. FDA-2011-P-0696 This letter is in response to your client Stat-Trade, Inc.'s petition requesting a stay of action (""request for stay"") dated September 20,2011. On October 25,2011, the Food and Drug Administrat ion…"
/content/drive/MyDrive/FDA Research/2011/FDA-2011-P-0701-0001_KVK_Tech__Inc____Citizen_Petition.pdf,1c4259de87c7,pdf,6,FDA-2011-P-0701,2011,petition,"September 22, 2011 or"" KVK-TECH, INC. 110 Terry Drive Newtown PA 18940 Phone: (215) 579-1842 Fax: (215) 579-0746 Division of Dockets Management Food and Drug Administration Department of Health and Human Services 5630 Fishers Lane, Rm. 1061 Rockville, MD 20852 Citizen Petition In reference to ANDA # 203436, the undersigned submits this relisting petition under 21 CFR 314.122 to request the Commissioner of Food and Drugs to determine whether NDA NO12737 for Wilpro® Tablets was withdrawn from sal…"
/content/drive/MyDrive/FDA Research/2011/FDA-2011-P-0701-0002_Acknowledgement_Letter_to_KVK_Tech__Inc.pdf,7f224c0246f6,pdf,1,FDA-2011-P-0701,2011,petition,"DEPARTMENT OF HEALTH & HUMAN SERVICES Public Health Service Food and Drug Administration Rockville MD 20657 September 23, 2011 Ashvin Panchal, Manager F1lE~ GOPYKVK-Tech, Inc. 110 Terry Drive, Suite 200 Newtown, PA 18940 Dear Mr. Panchal: Your petition to the Food and Drug Administration to determine whether Wilpro® Tablets were discontinued for reasons of safety or effectiveness, was received on 09/23/2011. It was assigned docket number FDA-2011-P-0701-0001/CP, and it was filed on 09/23/2011. …"
/content/drive/MyDrive/FDA Research/2011/FDA-2011-P-0701-0003_Determinations_That_Drugs_Were_Not_Withdrawn_from_.pdf,b2db6a5c3ee2,pdf,2,FDA-2011-P-0701,2011,petition,"7583 Federal Register / Vol. 77, No. 29 / Monday, February 13, 2012 / Notices which is known generally as the ‘‘Orange Book.’’ Under FDA regulations, drugs are removed from the list if the Agency withdraws or suspends approval of the drug’s NDA or ANDA for reasons of safety or effectiveness or if FDA determines that the listed drug was withdrawn from sale for reasons of safety or effectiveness (21 CFR 314.162). A person may petition the Agency to determine, or the Agency may determine on its ow…"
/content/drive/MyDrive/FDA Research/2011/FDA-2011-P-0701-0004_FDA_CDER_to_KVK_Tech__Inc____Letter.pdf,5eb9e786b613,pdf,3,FDA-2011-P-0701,2011,petition,"('''~ DEPARTMENT OF HEALTH&. HUMAN SERVICES ""'<.,,""'""~ Food and Drug Administration Rockville MD 20857 FEB 1 3 2012 Ashvin Panchal Manager, Quality Assurance KVK-Tech, Inc. 110 Terry Drive, Suite 200 Newtown, PA 18940 Re: Docket No. FDA-2011-P-0701 Dear Mr. Panchal: This letter responds to your citizen petition received on September 23, 2011, requesting that the Food and Drug Administration (FDA) determine whether WILPO (phentermine hydrochloride) Tablets, 8 milligrams (mg), approved under new …"
/content/drive/MyDrive/FDA Research/2011/FDA-2011-P-0702-0001_Warner_Chilcott__LLC_and_Mayne_Pharmaceuticals_Int.pdf,34a8a9edb9e2,pdf,8,FDA-2011-P-0702,2011,petition,"Izumi Hara Senior Vice President General Counsel ~WARNER1;fIiIeN/LCD)) 5 0 9 8 11 SEP 23 P2 : 10Tel. +1.973.442.3385 ihara@wcrx.com September 23,2011 Division of Dockets Management Food and Drug Administration Department of Health and Human Services 5630 Fishers Lane, Room 1061 Rockville, Maryland 20852 CITIZEN PETITION The undersigned submits this petition on behalf ofWarner Chilcott (U.S.), LLC (Warner Chilcott) and Mayne Pharmaceuticals International Pty Ltd. in accordance with section 505(q…"
/content/drive/MyDrive/FDA Research/2011/FDA-2011-P-0702-0002_Acknowledgement_Letter_to_Warner_Chilcott__LLC_and.pdf,5acb108dc10e,pdf,1,FDA-2011-P-0702,2011,petition,"DEPARTMENT OF HEALTH & HUMAN SERVICES Public Health Service Food and Drug Administration Rockville MD 20857 fiLE COPl September 23, 2011 Izumi Hara Senior Vice President and General Counsel Warner Chilcott (US), LLC 100 Enterprise Drive Rockaway,NJ 07866 Dear Mr. Hara: Your petition to the Food and Drug Administration on behalf of Warner Chilcott (U.S., LLC and Mayne Pharmaceuticals pty Ltd. requesting to refrain from granting final approval to any ANDA for 150 mg doxycycline hyclate delayed-re…"
/content/drive/MyDrive/FDA Research/2011/FDA-2011-P-0702-0003_FDA_CDER_Final_response_to_Warner_Chilcott__US___L.pdf,4a914ce930f4,pdf,10,FDA-2011-P-0702,2011,petition,"t\SUWICES. (' ~ DEPARTMENT OF HEALTH &. HUMAN SERVICES ~~~~""7:~Food and Drug Administration Rockvile M D 20857 FEB 8 2012 . Izumi Hara Senior Vice President and General Counsel Warner Chilcott (US), LLC 100 Enterprise Drive Rockaway, New Jersey 07866 Docket No. FDA-20ll-P-0702 Dear Ms. Hara: This letter responds to your citizen petition received by the Food and Drug Administration (FDA or the Agency) on September 23,2011 (Petition), requesting that FDA take certain actions with respect to any a…"
/content/drive/MyDrive/FDA Research/2011/FDA-2011-P-0709-0001_Jennifer_Kuzdzal_Citizen_Petition1.pdf,934adf66f9c4,pdf,2,FDA-2011-P-0709,2011,petition,"Jennifer Kuzdzal Citizen Petition The undersigned submits this petition under SEC. 203. FOOD LABELING; REQUIREMENT OF INFOROATION REGARDING ALLERGENIC SUBSTANCES of the Food Allergen Labeling and Consumer Protection Ack (FALCPA) to request the Commissioner of Food and Drugs to amend this regulation to also require that all manufacturers of packaged food items to put ""may contain"" or ""manufactured in a facility withiallergen)"" on their product labeling. ZUll SEP 21 P it 5 A. Action requested I a…"
/content/drive/MyDrive/FDA Research/2011/FDA-2011-P-0709-0002_Acknowledgement_Letter_to_Jennifer_Kuzdzal1.pdf,e9f45eeecdf8,pdf,1,FDA-2011-P-0709,2011,petition,"4,413aDEPARTMENT OF HEALTH & HUMAN SERVICES September 27, 2011Publig Health Service Food land Drug Administration Rockiille MD 20857 FILE COPY Jennifer Kuzdzal Dear Ms. Kuzdzal: Your petition to the Food and Drug Administration to require that it will be mandatory on all packaged food items ""may contain"" and/or ""manufactured in a facility with (allbrgen)"" statement be included as part of the ingredient list, was received by this officd on 09/27/2011. It was assigned docket number FDA-2011-P-070…"
/content/drive/MyDrive/FDA Research/2011/FDA-2011-P-0717-0001_Cooley_LLP___Citizen_Petition.pdf,acd31ddd6239,pdf,5,FDA-2011-P-0717,2011,petition,"Cooley September 29, 2011 By hand delivery Division of Dockets Management (HFA-305) Food and Drug Administration 5630 Fishers Lane, Room 1061 Rockville, MD 20852 CITIZEN PETITION The undersigned submits this petition under 21 C.F.R. § 10.30 to request that the Food and Drug Administration (FDA) (i) refrain from approving, under Section 505(0 of the Federal Food. Drug and Cosmetic Act, any new drug application (NDA) containing as its active ingredients sodium picosulfate 10 mg, magnesium oxide 3…"
/content/drive/MyDrive/FDA Research/2011/FDA-2011-P-0717-0002_Acknowledgement_Letter_to_Cooley_LLP___Natasha_Les.pdf,9af2e00ca32d,pdf,1,FDA-2011-P-0717,2011,petition,"September 29, 2011 Natasha Leskovsek Cooley LLP. 777 6th Street N.W., Suite 1100 Washington, D.0 200011111, Copy DEPARTMENT OF HEALTH & HUMAN SERVICES Public Health Service 1 .%et Fooqi and Drug Administration Rockville MD 20857 Dear Ms. Leskovsek: Your petition to the Food and Drug Administration requesting to (i) refrain frolii approving any new drug application (NDA) containing as its active ingredients sodium picosulfate 10 mg, magnesium oxide 3.5 g citric acid 12 g for bowel cleansing, was…"
/content/drive/MyDrive/FDA Research/2011/FDA-2011-P-0717-0003_Interim_Response_to_Cooley_LLP___Letter.pdf,a6a4ea1c06e2,pdf,1,FDA-2011-P-0717,2011,petition,"DEPARTMENT OF HEALTH & HUMAN SERVICES MAR 2 7 2012 · Natasha Leskovsek Coole~ LLP 777 6t Street N.W., Suite 1100 Washington, D.C. 20001 Food and Drug Administration Rockville MD 20857 Re: Docket No. FDA-2011-P-0717 Dear Ms. Leskovsek: I am writing to inform you that the Food and Drug Administration (FDA or Agency) has not yet resolved the issues raised in your citizen petition received on September 29, 2011. Your petition requests that FDA (i) refrain from approving any new drug application (ND…"
/content/drive/MyDrive/FDA Research/2011/FDA-2011-P-0717-0004_FDA_CDER_to_Cooley_LLP_Petition_Partial_Appoval_an.pdf,e16d4da52ae1,pdf,16,FDA-2011-P-0717,2011,petition,
/content/drive/MyDrive/FDA Research/2011/FDA-2011-P-0723-0001_Reference_34_EU_Regulation_1830_2003_April_2004.pdf,14fd02b79983,pdf,5,FDA-2011-P-0723,2011,other,"L 268/24 I EN I Official Journal of the European Union 18.10.2003 REGULATION (EC) No 1830/2003 OF THE EUROPEAN PARLIAMENT AND OF THE COUiCIL of 22 September 2003 concerning the traceability and labelling of genetically modified organisms and the traceab . ty of food and feed products produced from genetically modified organisms and amending Dir ctive 2001/18/EC (5) THE EUROPEAN PARLIAMENT AND THE COUNCIL OF THE EUROPEAN UNION, Having regard to the Treaty establishing the European Com- munity, a…"
/content/drive/MyDrive/FDA Research/2011/FDA-2011-P-0723-0002_Acknowledgement_Letter_to_Center_for_Food_Safety__.pdf,900081a8acd9,pdf,1,FDA-2011-P-0723,2011,petition,"so,VICES '4,1313DEPARTMENT OF HEALTH & HUMAN SERVICES Pubiic Health Service FooJ and Drug Administration Rockville MD 20857 September 29, 2011 Andrew Kimbrell Executive Director Center for Safety Food 660 Pennsylvania Ave., SE Suite 302 Washington, DC 20003 Dear Mr. Kimbrell: Your petition to the Food and Drug Administration requesting petition seekinj mandatory labeling for genetically engineered foods, was received by this office on 09/29/2011. It was assigned docket number FDA-2011-P-0723-00…"
/content/drive/MyDrive/FDA Research/2011/FDA-2011-P-0723-0395_Center_for_Food_Safety_CFS_Write_In_Campaign_Multi.pdf,128d3cdeba3d,pdf,2,FDA-2011-P-0723,2011,petition,"February 10, 2012 CENTER FOR FOOD SAFEdrE\fw A q:sa Docket No. FDA-2011-P-0723-0001/CP Please find on the attached CD 37,254 individual public comments from Center for Food Safety members in support of our Legal Petition to FDA to Require Labeling of Genetically Engineered Foods (Docket No. FDA-2011-P-0723-0001/CP). While these are all individual letters that vary in their content, our members generally support our Legal Petition to FDA to Require Labeling of Genetically Engineered Foods becaus…"
/content/drive/MyDrive/FDA Research/2011/FDA-2011-P-0723-0541_Center_for_Food_Safety_Write_In_Campaign_2_and_3_M.pdf,c972dd9587fc,pdf,2,FDA-2011-P-0723,2011,petition,"CENTER FOR FOOD SAFETY 9 1 6 5 12 APR -4 A 9 :36 March 27,2012 Docket No. FDA-2011-P-0723-D001/CP Please find on the attached CD 12,009 individual public comments from Center for Food Safety members in support of our Legal Petition to FDA to Require Labeling of Genetically Engineered Foods (Docket No. FDA-2011-P- 0723-0001/CP). In addition, please find enclosed 157 paper comments. These comments are in addition to the 37,254 individual public comments we submitted previously (Docket ID FDA-2011…"
/content/drive/MyDrive/FDA Research/2011/FDA-2011-P-0723-0788_Citizen_Petition_Denial_Response_from_FDA_CFSAN_to.pdf,30a0f8899a72,pdf,35,FDA-2011-P-0723,2011,petition,"DEPARTMENT OF HEALTH & HUMAN SERVICES Andrew Kimbrell Executive Director Center for Food Safety 660 Pennsylvania Ave., S.E. Suite 302 Washington, D.C. 20003 Dear Mr. Kimbrell: NOV 1 9 2015 Re: Docket No. FDA-2011-P-0723 Public Health Service Food and Drug Administration Silver Spring, MD 20993 This letter responds to your citizen petition (petition), .submitted on behalf of the Center for Food Safety. Your petition requests that the Food and Drug Administration (""FDA,"" ""agency,"" or ""we"") ""requi…"
/content/drive/MyDrive/FDA Research/2011/FDA-2011-P-0725-0001_International_Contrast_Ultasound_Society__ICUS__St.pdf,a736fb92c224,pdf,13,FDA-2011-P-0725,2011,petition,"International Contrast Ultrasound Society 5290 11 OCT -4 /19 21 October 3, 2011 Division of Dockets Management Food and Drug Administration Department of Health and Human Services 5630 Fishers Lane Room 1061, HFA - 305 Rockville, MD 20852 CITIZEN PETITION I. Introduction On behalf of the International Contrast Ultrasound Society (""ICUS"") 1, we respectfully submit this Citizen Petition under 21 C.F.R. §§ 10.30 and 201.57(c)(1) to request that the Commissioner of Food and Drugs remove the boxed w…"
/content/drive/MyDrive/FDA Research/2011/FDA-2011-P-0725-0002_Acknowledgement_Letter_to_International_Contrast_U.pdf,516dc90ed15a,pdf,1,FDA-2011-P-0725,2011,petition,"DEPARTMENT OF HEALTH & HUMAN SERVICES Public Health Service Food and Drug Administration Rockville MD 20857 October 4, 2011 Steven Feinstein, MD Assistant Chief of Cardiology, Professor of Medicine Rush University Medical Center 1750 W. Harrison Street Room 1015 Jelke Chicago, IL 60612-5020FILE COPY Dear Dr. Feinstein: Your petition, on behalf of the International Contrast Ultrasound Society (ICUS) to the Food and Drug Administration requesting to remove the boxed warning on ultrasound contrast…"
/content/drive/MyDrive/FDA Research/2011/FDA-2011-P-0725-0003_Interim_Response_to_Rush_University_Medical_Center.pdf,b0b9359e7427,pdf,1,FDA-2011-P-0725,2011,petition,"l\ SERVICEs.('Æ~~,~,~~DEPARTMENT OF HEALTH &, HUMAN SERVICES MAR 2 8 2012 .Steveri Feinstein, MD Assistant Chief of Cardiology, Professor of Medicine Rush University Medical Center 1750 W. Harrison Street Room 1015 Jelke Chicago, IL 60612-5020Food and Drug Administration Rockvile MD 20857 Re: Docket No. FDA-2011-P-0725 Dear Dr. Feinstein: I am writing to inform you that the Food and Drug Administration (FDA) has not yet resolved the issues raised in your citizen petition received on October 4, …"
/content/drive/MyDrive/FDA Research/2011/FDA-2011-P-0725-0004_FDA_CDER_to_International_Contrast_Ultrasound_Soci.pdf,ae73636f80a7,pdf,10,FDA-2011-P-0725,2011,other,
/content/drive/MyDrive/FDA Research/2011/FDA-2011-P-0727-0001_12TH_Man_Technologies___Citizen_Petition.pdf,c263350052f4,pdf,7,FDA-2011-P-0727,2011,petition,"5306 11 OCT -6 A9 :19 October 4, 2011 Division of Dockets Management Food and Drug Administration Department of Health and Human Services 5630 Fishers Lane, Room 1061 Rockville, MD 20852 Citizen Petition The undersigned submits this petition in accordance with 21 CFR 10.30 to request the Commissioner of Food and Drugs to review an FDA pediatric exclusivity grant and take an administrative action to revoke that grant of exclusivity. A. Action requested This is a request for the FDA to review the…"
/content/drive/MyDrive/FDA Research/2011/FDA-2011-P-0727-0002_Acknowledgement_Letter_to_12TH_Man_Technologies.pdf,28f4a0995c56,pdf,1,FDA-2011-P-0727,2011,petition,"/~ DEPARTMENT OF HEALTH & HUMAN SERVICES Public Health Service \::J. Food and Drug Administration RFrCrc8fiPl October 6, 2011 Alex Stenzler President 12th Man Technologies 7245 Garden Grove Blvd. Suite C Garden Grove, CA 92841 Dear Mr. Stenzler: Your petition to the Food and Drug Administration requesting to review and revoke the grant pediatric exclusivity to INO Therapeutics for the drug product INOMax (Nitric Oxide Gas), was received by this office on 10/06/2011. It was assigned docket numbe…"
/content/drive/MyDrive/FDA Research/2011/FDA-2011-P-0727-0004_Interim_Response_to_12TH_Man_Technologies___Letter.pdf,33ae2c1ad71e,pdf,1,FDA-2011-P-0727,2011,petition,"(~~~~+,~~~DEPARTMENT OF HEALTH &. HUMAN SERVICES Food and Drug Administration Rockvile MD 20857 APR 1 7 2012 Alex Stenzler President iih Man Technologies 7245 Garden Grove Blvd., Suite C Garden Grove, CA 92841 Re: Docket No. FDA-201 1-P-0727 Dear Mr. Stenzler: I am writing to inform you that the Food and Drug Administration (FDA) has not yet resolved the issues raised in your citizen petition received on October 6, 201 1. Your petition requests that the Agency review and revoke the grant of ped…"
/content/drive/MyDrive/FDA Research/2011/FDA-2011-P-0727-0005_FDA_CDER_to_12TH_Man_Technologies_Petition_Denial.pdf,71aca3697bad,pdf,9,FDA-2011-P-0727,2011,petition,
/content/drive/MyDrive/FDA Research/2011/FDA-2011-P-0728-0001_WraSer_Pharmaceuticals__LLC___Cititzen_Petition.pdf,b53725692976,pdf,16,FDA-2011-P-0728,2011,petition,"Wraser PHARMACEUTICALS ANDA Suitability Petition October 5, 2011 VIA UPS Division of Dockets Management Food and Drug Administration 5630 Fishers Lane Room 1061, HFA-305 Rockville, MD 208522011 OCT -b A II- H Re: Reformatted ANDA Suitability Petition for WraSer Pharmaceutical's current ANDA 40-688 brand name Trezix Tm (Acetaminophen, Caffeine, Dihydrocodeine Bitartrate Capsules, 356.4 mg / 30 mg / 16 mg). WraSer Pharmaceuticals per the FDA Acetaminophen requests would like to change the formula…"
/content/drive/MyDrive/FDA Research/2011/FDA-2011-P-0728-0002_Acknowledgement_Letter_to_WraSer_Pharmaceuticals.pdf,b0caae9a1519,pdf,1,FDA-2011-P-0728,2011,petition,"sl""c4""% DEPARTMENT OF HEALTH & HUMAN SERVICES • 110Public Health Service Food and Drug Administration Rockville MD 20857 October 6, 2011 FILE COPY Heath Wray President and CEO WraSer Pharmaceuticals, LLC 121 Marketridge Rd. Ridgeland, MS 39130 Dear Mr. Wray: Your ANDA suitability petition to the Food and Drug Administration requesting to change the current ANDA 40-688 formulation to (Acetaminophen, Caffeine, Dihydrocodeine Bitartrate Capsules, 320.5 mg / 30 mg 116 mg), was received by this offi…"
/content/drive/MyDrive/FDA Research/2011/FDA-2011-P-0728-0003_WraSer_Pharmaceuticals__LLC_Petition_Approval.pdf,68d433bbd84e,pdf,2,FDA-2011-P-0728,2011,petition,"{/~ DEPARTMENT OF HEALTH&. HUMAN SERVICES '<::z~ WraSer Pharmaceuticals, LLC Attention: Heath Wray 121 Marketridge Road Ridgeland, MS 39130 Dear Mr. Wray: JUL 0 7 2012 Food and Drug Administration Rockville MD 20857 Docket No. FDA-2011-P-0728 This is in response to your petition filed on October 6, 2011 requesting permission to file an Abbreviated New Drug Application (ANDA) for the following drug product: Acetaminophen, Caffeine, and Dihydrocodeine Bitartrate Capsules, 320.5 mg/30 mg/16 mg. Th…"
/content/drive/MyDrive/FDA Research/2011/FDA-2011-P-0734-0001_Richard_J__Miller___Citizen_Petition.pdf,299c6f7fa735,pdf,10,FDA-2011-P-0734,2011,petition,"Richard J. Miller 2011 OCT -1 P 12 : I b October 3, 2011 Division of Dockets Management Food and Drug Administration Department of Health and Human Services 5630 Fishers Lane Room 1061 Rockville, MD 20852 RE: Citizens Petition Generic Pharmaceutical Services, Inc. 1324 Motor Parkway Suite 114 Hauppauge, NY 11749 Dear Sir: The undersigned respectfully submits this citizens petition under 21 CFR section 10.30 to urge the Food and Drug Administration to prevent the unauthorized sale of repackaged …"
/content/drive/MyDrive/FDA Research/2011/FDA-2011-P-0734-0002_Acknowledgement_Letter_to_Richard_J__Miller.pdf,24a95839696f,pdf,1,FDA-2011-P-0734,2011,petition,"DEPARTMENT OF HEALTH & HUMAN SERVICES Public Health Service Food and Drug Administration Rockville MD 20857 October 7, 2011 FILE COPY Richard J. Miller Dear Mr. Miller: Your petition to the Food and Drug Administration requesting to take action against Generic Pharmaceutical Services, Inc.(""Company""), to cease and desist repackaging pharmaceutical products, was received by this office on 10/07/2011. It was assigned docket number FDA-2011-P-0734-0001/CP, and it was filed on 10/07/2011. Please re…"
/content/drive/MyDrive/FDA Research/2011/FDA-2011-P-0734-0003_FDA_CDER_Response_to_Richard_J_Miller___Petition_D.pdf,24d7180fb571,pdf,2,FDA-2011-P-0734,2011,petition,"DEPARTMENT OF HEALTH & HUMAN SERVICES Food and Drug Administration Rockville MD 20857 DEC 15 2011 Richard J. Miller 2011 DEC I b P : 2 1 Re: Docket No. FDA-2011-P-0734 Dear Mr. Miller: This letter responds to your citizen petition dated October 3, 2011 (Petition). The petition requests that the Food and Drug Administration (FDA or Agency) investigate and take regulatory enforcement action as necessary against pharmaceutical repackager Generic Pharmaceutical Services, Inc. (GPSI) to prevent the …"
/content/drive/MyDrive/FDA Research/2011/FDA-2011-P-0740-0001_Allan_M__Green__M_D___LLC__Citizen_Petition.pdf,4dc70ee6dc57,pdf,5,FDA-2011-P-0740,2011,petition,"ALLAN M. GREEN, MD, PHD, JD LLC ONE MIFFLIN PLACE, SUITE 186 OCT 1 CAMBRIDGE, MASSACHUSETTS 02138 TEL: 617.447.5999 FAX: 617.576.9132 AMGREEN@FDALAWBOSTON. COM0- 5 9 October 2011 Division of Dockets Management Food and Drug Administration Department of Health and Human Services 5630 Fishers Lane Rm. 1061 Rockville, MD 20852 Citizen's Petition (Suitability Petition) The undersigned submits this petition pursuant to Section 505(j)(2)(C) of the Federal Food, Drug, and Cosmetic Act, 21 U.S.C. § 355…"
/content/drive/MyDrive/FDA Research/2011/FDA-2011-P-0740-0002_Acknowledgement_Letter_to_Allan_M__Green__M_D___LL.pdf,896ae6ae6170,pdf,1,FDA-2011-P-0740,2011,petition,"DEPARTMENT OF HEALTH & HUMAN SERVICES Public Health Service Food and Drug Administration Rockville MD 20857 October 11, 2011 FILE COPY Allan M. Green, MD, PhD, JD Attorney at Law One Mifflin Place Suite 400 Cambridge, MA 02138 Dear Dr. Green: Your petition to the Food and Drug Administration requesting to allow the filing of an Abbreviated New Drug Application for allopurinol liquid suspension for oral administration (100 mg/5mL), was received by this office on 10/11/2011. It was assigned docke…"
/content/drive/MyDrive/FDA Research/2011/FDA-2011-P-0741-0001_Public_Citizens_Health_Research_Group_Citizen_Peti.pdf,a889620f5b9a,pdf,40,FDA-2011-P-0741,2011,petition,"PUBLICCITIZEN2OH OCT 11 A II:55 1600 20th Street, NW • Washington, D.C. 20009 • 202/588-1000 • www.eitizen.org August 23, 2011 Margaret A. Hamburg, M.D. Commissioner Food and Drug Administration Department of Health and Human Services WO 2200 10903 New Hampshire Avenue Silver Spring, MD 20993-0002 Dear Dr. Hamburg: Public Citizen, a research-based advocacy group representing more than 225,000 members and supporters nationwide, hereby petitions the Food and Drug Administration (FDA), pursuant to…"
/content/drive/MyDrive/FDA Research/2011/FDA-2011-P-0741-0002_Acknowledgement_Letter_to_Public_Citizen_s_Health_.pdf,8cdb2068b708,pdf,1,FDA-2011-P-0741,2011,petition,"DEPARTMENT OF HEALTH & HUMAN SERVICES Public Health Service Food and Drug Administration Rockville MD 20857 FILE COPY October 11, 2011 Sidney M. Wolfe, M.D. Director Public Citizen's Health Research Group 1600 20 th Street, NW Washington, D.C. 20009 Dear Dr. Wolfe: Your petition to the Food and Drug Administration requesting to add of black box warnings for all prescription and an equivalent, prominent warning for over-the-counter concerning proton pump inhibitors (PPI5), was received by this o…"
/content/drive/MyDrive/FDA Research/2011/FDA-2011-P-0741-0003_Interim_Response_to_Public_Citizens_Health_Researc.pdf,c4a5125af5ad,pdf,1,FDA-2011-P-0741,2011,petition,"t\ 'ii-ltV/CiS.(l""'1',,,,7:DEPARTMENT OF HEALTH &- HUMAN SERVICES Food and Drug Administration Rockville MD 20857 APR 3 2012 Sidney M. Wolfe, M.D. Director Public Citizen's Health Research Group 1600 20th Street, NW Washington, DC 20009 Re: Docket No. FDA-2011-P-074l Dear Dr. Wolfe: I am writing to inform you that the Food and Drug Administration (FDA) has not yet resolved the issues raised in your citizen petition received on October 11,2011. Your petition requests that the Agency require the …"
/content/drive/MyDrive/FDA Research/2011/FDA-2011-P-0741-0006_Partial_Petition_Approval_and_Denial_Response_Lett.pdf,f807850f821b,pdf,20,FDA-2011-P-0741,2011,petition,
/content/drive/MyDrive/FDA Research/2011/FDA-2011-P-0743-0001_Aurobindo_Pharmaceuticals_Ltd____EAS_Consulting_Gr.pdf,807012a4ae0b,pdf,3,FDA-2011-P-0743,2011,petition,"A CONSULTING GROUPSpecializing in FDA Regulatory Matters 300 EAS Consulting Group, LLC 1940 Duke Street, Suite 200, Alexandria, Virginia 22314 (877) 327-9808 Toll Free • (703) 684-4408 Local • (703) 684-4428 Fax A . o l• P 0 3 www.easconsultinggroup.cornOctober 11, 2011 Division of Dockets Management Food and Drug Administration (HFA-305) 5630 Fishers Lane Room 1061 Rockville, MD 20852 CITIZEN PETITION Dear Sir or Madam: The undersigned submits this petition on behalf of Aurobindo Pharmaceutica…"
/content/drive/MyDrive/FDA Research/2011/FDA-2011-P-0743-0002_Acknowledgement_Letter_to_Aurobindo_Pharmaceuticla.pdf,35d850115b15,pdf,1,FDA-2011-P-0743,2011,petition,"DEPARTMENT OF HEALTH & HUMAN SERVICES Public Health Service Food and Drug Administration Rockville MD 20857 FILE COPY October 12, 2011 Charles ""Chris"" Celeste, RAC Director, Regulatory Information and Submissions EAS Consulting Group, LLC 1940 Duke Street, Suite 200 Alexandria, VA 22314 Dear Mr. Celeste: Your petition to the Food and Drug Administration on behalf of Aurobindo Pharmaceuticals Limited, requesting to provide a determination whether Avalide (irbesartan and hydrochlorothiazide) Tabl…"
/content/drive/MyDrive/FDA Research/2011/FDA-2011-P-0743-0003_Determinations_That_Drugs_Were_Not_Withdrawn_From_.pdf,eba48639a504,pdf,2,FDA-2011-P-0743,2011,response/decision,"1695 Federal Register / Vol. 77, No. 7 / Wednesday, January 11, 2012 / Notices ANNUAL BURDEN ESTIMATES —Continued Instrument Annual number of respondents Number of responses per respondent Average burden hours per response Total annual burden hours Semi-structured interviews Head Start Health Managers ............................... 40 1 .75 30 Semi-structured interviews Head Start Teachers and Family Service Work- ers ............................................................................…"
/content/drive/MyDrive/FDA Research/2011/FDA-2011-P-0743-0004_FDA_CDER_to_Aurobindo_Pharmaceuticals_Ltd____EAS_C.pdf,b9dba8a16659,pdf,3,FDA-2011-P-0743,2011,petition,"~t-~ Si-RVIClS.Ò.r ( ~. DEPARTMENT OF HEALll Si HUMAN SERVICES,,,--~~ ""It\odlO ()Food and Drug Administration Rockville MD 20857 January 11,2012 . Charles Celeste Director, Regulatory Information and Submissions EAS Consulting Group, LLC 1940 Duke Street, Suite 200 Alexandria, VA 22314 Re: Docket No. FDA-2011-P-0743 Dear Mr. Celeste: This letter responds to your citizen petition, dated October 11,2011, requesting that the Food and Drug Administration (FDA) determine whether AVALIDE (irbesartan …"
/content/drive/MyDrive/FDA Research/2011/FDA-2011-P-0744-0001_Lachman_Consultant_Services_Inc____Citizen_Petitio.pdf,a098d763e71b,pdf,6,FDA-2011-P-0744,2011,petition,"LACHMAN CONSULTANT SERVICES, INC. CONSULTANTS TO THE PHARMACEUTICAL AND ALLIED INDUSTRIES 1600 STEWART AVENUE, WESTBURY, NY 11590 (516) 222-6222 • FAX (516) 683-1887 October 11, 2011 2011 OCT 1 2 P 12 : 20 OVERNIGHT COURIER 10/11/2011 Division of Dockets Management (HFA-305) Food and Drug Administration Department of Health and Human Services 5360 Fishers Lane, Room 1061 Rockville, MD 20852 CITIZEN PETITION Dear Sir or Madam: The undersigned submits this petition in quadruplicate under Section …"
/content/drive/MyDrive/FDA Research/2011/FDA-2011-P-0744-0002_Acknowledgement_Letter_to_Lachman_Consultant_Servi.pdf,2fe30217b840,pdf,1,FDA-2011-P-0744,2011,petition,"DEPARTMENT OF HEALTH & HUMAN SERVICES Public Health Service Food and Drug Administration Rockville MD 20857 FILE October 12, 2011 Robert W. Pollock Lachman Consultant Services, Inc. 1600 Stewart Avenue Westbury, NY 11590 Dear Mr. Pollock: Your petition to the Food and Drug Administration requesting to designate Oxecta TM (oxycodone hydrochloride)Tablets, NDA 202080, as a second reference listed drug product for the purpose of submitting an Abbreviated New Drug Application, was received by this …"
/content/drive/MyDrive/FDA Research/2011/FDA-2011-P-0744-0003_Interim_Response_to_Lachman_Consultant_Services_In.pdf,3e6370b82ebf,pdf,1,FDA-2011-P-0744,2011,petition,"(''~ DEPARTMENT OF HEALTH&. HUMAN SERVICES 0<""•-._,-:::::z: Food and Drug Administration Rockville MD 20857 MAR 2 9 2012 Robert W. Pollock Lachman Consultant Services, Inc. 1600 Steward A venue Westbury, NY 11590 Re: Docket No. FDA-2011-P-0744 Dear Mr. Pollock: I am writing to inform you that the Food and Drug Administration (FDA or Agency) has not yet resolved the issues raised in your citizen petition received on October 12, 2011. Your petition requests that the Agency designate Oxecta ( oxyc…"
/content/drive/MyDrive/FDA Research/2011/FDA-2011-P-0744-0004_Final_Response_letter_from_FDA_CDER_to_Lachman_Con.pdf,5f24165e32f0,pdf,1,FDA-2011-P-0744,2011,petition,"Robert W. Pollock Executive Vice President Lachman Consultant Services, Inc. 1600 Stewart Avenue, Suite 604 Westbury, NY 11590 Re: Docket No. FDA -2011 -P-0744 Dear Mr. Pollock: This letter responds to your citizen petition received October 12, 2011 (Petition), requesting that the Food and Drug Administration (FDA) designate Oxaydo1 (oxycodone hydrochloride) tablets, 5 milligrams (mg) and 7.5 mg, subject of new drug application (NDA) 202080, as a reference listed drug (RLD) in the Approved Drug…"
/content/drive/MyDrive/FDA Research/2011/FDA-2011-P-0745-0001_Natural_Resources_Defense_Council__NRDC____Citizen.pdf,0e61aae0a551,pdf,25,FDA-2011-P-0745,2011,petition,"October 12, 2011 VIA COURIER Division of Dockets Management Food and Drug Administration Department of Health and Human Services 5630 Fishers Lane, Room 1061 Rockville, MD 20852 CITIZEN PETITION The Natural Resources Defense Council (“NRDC”) sub mits this petition under section 406 of the Federal Food, Drug, and Cosmetic Act, 21 U.S.C. § 346, and pursuant to 21 C.F.R. § 10.30. This petition requests that the Commissioner of the Food and Drug Administration 1 set tolerance levels for eighteen po…"
/content/drive/MyDrive/FDA Research/2011/FDA-2011-P-0745-0002_Acknowledgement_Letter_to_Natural_Resources_Defens.pdf,7188431abdac,pdf,1,FDA-2011-P-0745,2011,petition,"DEPARTMENT OF HEALTH & HUMAN SERVICES Public Health Service Food and Drug Administration Rockville MD 20857 FILE COpy October 12, 2011 MaeC. Wu Program Attorney The Natural Resources Defense Council 11552 15th Street, NW, Suite 300 Washington, DC 20005 Dear Ms. Wu: Your petition to the Food and Drug Administration requesting to set tolerance levels for polycyclic aromatic hydrocarbons in seafood, was received by this office on 10/12/2011. It was assigned docket number FDA-2011-P-0745-0001/CP, a…"
/content/drive/MyDrive/FDA Research/2011/FDA-2011-P-0745-0003_Natural_Resources_Defense_Council__Letter.pdf,91e40e69b6ca,pdf,2,FDA-2011-P-0745,2011,petition,"~DC THE EARTH'S BEST DEFENSE June 20, 2012 VIA CERTIFIED MAIL Gloria Ortega Division of Dockets Management Food and Drug Administration Department of Health and Human Services 5630 Fishers Lane, Room 1061 Rockville, MD 20852 NATURAL RESOURCES DEFENSE COUNCIL 1GIZ ... 1Ut·l 2 5 ° I: 31-1 Re: NRDC petition to set tolerance levels for polycyclic aromatic hydrocarbons in seafood Dear Ms. Ortega, On October 12, 2011, the Natural Resources Defense Council petitioned the FDA to set tolerance levels fo…"
/content/drive/MyDrive/FDA Research/2011/FDA-2011-P-0745-0004_FDA_CFSAN_Interim_Response_to_Natural_Resources_De.pdf,105787414986,pdf,2,FDA-2011-P-0745,2011,petition,"./l-....., .... .,._ DEPARTMENT OF HEALTH & HUMAN SERVICES i ""' '-= Public Health Service Food and Drug Administration College Park, MD 207 40 9 7 5 5 12 JUN 29 A 9 :32 June 25, 2012 Miriam Rotkin-Ellman, MPH Re: Docket No. FDA-2011-P-0745-0001/CP Scientist, Health Program Natural Resources Defense Council 111 Sutter St., 20th Floor San Francisco, CA 94104 Dear Ms. Rotkin-Ellman: This is a tentative response to the Citizen Petition filed with the Food and Drug Administration (FDA) on October 12…"
/content/drive/MyDrive/FDA Research/2011/FDA-2011-P-0745-0009_Letter_from_Natural_Resources_Defense_Council_to_F.pdf,89579bf07812,pdf,1,FDA-2011-P-0745,2011,petition,"August 1 5, 2016 Center for Food Safety and Applied Nutrition US Food and Drug Administration 5001 Campus Drive College Park, MD 20740 RE: Natural Resources Defense Council (NRDC) Petition to FDA to Set Tolerances for Polycyclic Aromatic Hydrocarbons (PAHs) in Seafood. Dear Steven W. Bloodgood, Thank you for your letter (dated July 28, 2016) soliciting our interest in pursuing the petition we filed almost 5 years ago on October 12, 2011 requesting the Food and Drug Administration (FDA) set tole…"
/content/drive/MyDrive/FDA Research/2011/FDA-2011-P-0745-0010_Letter_from_FDA_CFSAN_to_Natural_Resources_Defense.pdf,d32f1ff7da03,pdf,14,FDA-2011-P-0745,2011,other,
/content/drive/MyDrive/FDA Research/2011/FDA-2011-P-0756-0001_Lupin_Pharmaceuticals_Inc_Citizen_Petition.pdf,cfd999b9a080,pdf,4,FDA-2011-P-0756,2011,petition,"J. Lupin Pharmaceuticals,Inc. October 14, 2011 20I1 OCT I 1 A 8:Ltb Division of Dockets Management, Food and Drug Administration, Department of Health and Human Services (HFA-305), 5630 Fishers Lane, Room 1061, Rockville, MD 20852 Citizen Petition This petition is submitted pursuant to 21 CFR 10.25 and 10.30, and in accordance with the regulations of 21 CFR 314.161 to request the Commissioner of the Food and Drug Administration to determine whether PREZISTA ® (Darunavir) Tablets, 300 mg was vol…"
/content/drive/MyDrive/FDA Research/2011/FDA-2011-P-0756-0002_Acknowledgement_Letter_to_Lupin_Pharmaceuticals_In.pdf,25d2c54b973c,pdf,1,FDA-2011-P-0756,2011,petition,"`644,44v.DEPARTMENT OF HEALTH & HUMAN SERVICESPublic Health Service Food and Drug Administration Rockville MD 20857 October 17, 2011 t ILE Lid? I Leslie Sands, Director Lupin Pharmaceuticals, Inc. 111 South Calvert Street, 21 st Floor Baltimore, MD 21202 Dear Ms. Sands: Your petition to the Food and Drug Administration to determine whether Tibotec's Prezista® (Darunavir) Tablets, 300 mg has been voluntarily withdrawn, discontinued or withheld from sale for safety or efficacy reasons, was receiv…"
/content/drive/MyDrive/FDA Research/2011/FDA-2011-P-0756-0003_Determinations_That_Drugs_Were_Not_Withdrawn_from_.pdf,e07a1cb809d9,pdf,1,FDA-2011-P-0756,2011,other,"2555 Federal Register / Vol. 77, No. 11 / Wednesday, January 18, 2012 / Notices estimates for this request. The availability of the form, and the opportunity to provide the information in electronic format, could reduce this estimate. However, as a conservative approach for the purpose of this analysis, FDA is assuming that the availability of the form and the opportunity to submit the information in electronic format will have no effect on the average time to prepare a GRAS notification. Dated…"
/content/drive/MyDrive/FDA Research/2011/FDA-2011-P-0756-0004_FDA_CDER__to_Lupin_Pharmaceuticals__Inc_____Letter.pdf,5d8a99330dc1,pdf,2,FDA-2011-P-0756,2011,petition,"~ ~~~VlCls ~-,. UJ ( ..tf_' DEPARTMENT OF HEALTH&. HUMAN SERVICES -~~~ ~lf.,,ua(;. JAN 1 8 2012 · Leslie Sands Director- Regulatory Affairs (USA) Lupin Pharmaceuticals, Inc. Harborplace Tower 111 South Calvert Street, 2151 Floor Baltimore, Maryland 21202 Food and Drug Administration Rockville MD 20857 8 7 9 6 12 JAN 19 P 4 :21 Re: Docket No. FDA-2011-P-0756 Dear Ms. Sands: This letter responds to your citizen petition received on October 17, 2011, requesting that the Food and Drug Administratio…"
/content/drive/MyDrive/FDA Research/2011/FDA-2011-P-0763-0001_Bumble_Bee_Foods__LLC__StarKist_Co__and_Tri_Union_.pdf,51f21de537c0,pdf,14,FDA-2011-P-0763,2011,other,"PHILIP C. OLSSON RICHARD L. FRANK DAVID E WEEDA (1948-2001) DENNIS R. JOHNSON ARTHUR Y. TSIENBRUCE A. SILVERGLADE JOLYDA 0. SWAIM JONATHAN M. WEINRIEB NANCY W MATHEWSON LAW STEPHEN D. TERMANOLSSON FRANK WEEDA TERMAN MATZ PC COUNSEL MARSHALL L. MATZROGER R. SZEMRAJ MICHAEL J. O'FLAHERTYTHE WATERGATE ANSON M. KELLER DAVID L. DURKIN600 NEW HAMPSHIRE AVENUE NW CASPER E. ULDRIKS NEIL E O'FLAHERTY SUITE 500 OF COUNSEL BRETT T. SCHWEMER WASHINGTON, DC 20037 KENNETH D. ACKERMAN STEPHANIE HERSETH SANDLI…"
/content/drive/MyDrive/FDA Research/2011/FDA-2011-P-0763-0002_Acknowledgement_Letter_to_Bumble_Bee_Foods__LLC__S.pdf,36d4461d00f3,pdf,1,FDA-2011-P-0763,2011,petition,"sost""'""4,, DEPARTMENT OF HEALTH & HUMAN SERVICES October 17, 2011Public Health Service Food and Drug Administration Rockville MD 20857 FILE COPY Robert A. Hahn Olson Frank Weeda Terman Matz PC The Waterdate 600 New Hampshire Avenue, NW. Suite 500 Washington, DC 20037 Dear Mr. Hahn: Your petition to the Food and Drug Administration on behalf of Bumble Bee Foods, LLC, StarKist Co., and Tri Union Seafoods, LLC (dba Chicken of the Sea International) requesting to amend the standard of identity for …"
/content/drive/MyDrive/FDA Research/2011/FDA-2011-P-0763-0006_Withdrawal_Letter_from_OFW_Law.pdf,5055bdcdf086,pdf,2,FDA-2011-P-0763,2011,other,PHILIP C. OLSSON RICHARD L. FRANK DAVID F. WEEDA (I948-200I) DENNIS R. JOHNSON ARTHUR Y. TSIEN STEPHE:-.1 D. TERMAN MARSHALL L. MATZ MICHAEL J. O'FLAHERTY DAVID L DURKIN NEIL F. O'FLAHERTY BRETI T. SCHWEMER TISH E. PAHL ROBERT A. HAHN EVAN P. PIIELPS GARY H. BAISE FR EDERICK H. BRANDING * BRUCE A. SJLVERGLADE JOLYDA 0. SWAlM JONATHAN M. WEINRIEB STEWAR T D. FRIED ROGER R. SZEMRA J EDWARD J. FARRELL NEIL P. DISPIRITO* •PRACTI (~ WITHIN Till:. DISTRICT Of ('OI.U~'IB JA IS LIMITF.D TO I\IATil:.RS …
/content/drive/MyDrive/FDA Research/2011/FDA-2011-P-0767-0001_Somaxon_Pharmaceuticals__Inc____Citizen_Petition.pdf,58575322d6db,pdf,12,FDA-2011-P-0767,2011,petition,"Soma)con PHARMACEUTICALS 5357 11 OCT 20 A10 AO October 20, 2011 Division of Dockets Management (HFA-305) Food and Drug Administration Department of Health and Human Services 5630 Fishers Lane, Rm. 1061 Rockville, MD 20852 CITIZEN PETITION The undersigned, on behalf of Somaxon Pharmaceuticals, Inc. (""Somaxon""), submits this petition under section 505(j) of the Federal Food, Drug, and Cosmetic Act (""FDCA"" or the ""Act"") (21 C.F.R. § 355(j)) and 21 C.F.R. § 10.30, to request that the Commissioner o…"
/content/drive/MyDrive/FDA Research/2011/FDA-2011-P-0767-0002_Acknowledgement_Letter_to_Somaxon_Pharmaceuticals_.pdf,1c43a91d559f,pdf,1,FDA-2011-P-0767,2011,petition,"stnymEs. DEPARTMENT OF HEALTH & HUMAN SERVICES Public Health Service Food and Drug Administration Rockville MD 20857 October 20, 2011 Brian T. Dorsey Senior Vice President, Technical Operations Somaxon Pharmaceuticals, Inc. 10935 Vista Sorrento Parkway, Suite 250 San Diego, CA 92130FILE COPY Dear Mr. Dorsey: Your petition to the Food and Drug Administration to request that FDA take special consideration in the review of any abbreviated new drug application (""ANDA"") for a generic version of SILE…"
/content/drive/MyDrive/FDA Research/2011/FDA-2011-P-0767-0003_FDA_CDER_to_Somaxon_Pharmaceuticals__Inc____Petiti.pdf,59475a4cdf42,pdf,12,FDA-2011-P-0767,2011,petition,"('-""~ DEPARTMENT OF HEALTH &- HUMAN SERVICES""1:'I'j""-:~ APR 1 7 2012Food and Drug Administration 10903 New Hampshire Avenue Building #51 Silver Spring, MD 20993 Brian T. Dorsey Senior Vice President, Technical Operations Somaxon Pharmaceuticals, Inc. 10935 Vista Sorrento Parkway, Ste. 250 San Diego, CA 92130 Re: Docket No. FDA-2011-P-0767 Dear Mr. Dorsey: This responds to your October 20, 2011, citizen petition (Petition). In your Petition, you request that the Food and Drug Administration (FDA…"
/content/drive/MyDrive/FDA Research/2011/FDA-2011-P-0768-0001_Physicians_for_Integrity_in_Medical_Research_Inc_C.pdf,a9bcc5933ffd,pdf,7,FDA-2011-P-0768,2011,petition,"Physicians forInWgrityinMedical Research, Inc. Anon-profit groupforthebenefitofpatients 5Je;""DCl20""4=21 October16,2011 DocketsManagement Branch FoodandDrugAdministration Room1061,5630FishersLane Rockville, MD20852 DearSir/Madam: Subject: Citizen's Petition toFDAunder21CFR10.30 ThePhysicians forIntegrity inMedicalResearch, Inc.submitsthispetitiontorequestthatthe Commissioner ofFoodandDrugsAdministration revokeapproval giventodrugroflumilast, trade nameDeliresp®. Thisdrugwasapproved onFebruary 28…"
/content/drive/MyDrive/FDA Research/2011/FDA-2011-P-0768-0002_Acknowledgement_Letter_to_Physicians_for_Integrity.pdf,81d5f51b1974,pdf,1,FDA-2011-P-0768,2011,petition,"DEPARTMENT OF HEALTH & HUMAN SERVICES Public Health Service Food and Drug Administration Rockville MD 20857 October 20, 2011 FILE COPY Steve Gupta, M.D., J.D., President Physicians for Integrity in Medical Research, Inc. 2258 Foothill Blvd., Suite 100 La Canada, CA 91011 Dear Dr. Gupta: Your petition to the Food and Drug Administration to revoke it's approval of roflumilast for treatment of severe COPD, was received by this office on 10/2012011. It was assigned docket number FDA-2011-P-0768-000…"
/content/drive/MyDrive/FDA Research/2011/FDA-2011-P-0768-0003_FDA_CDER_to_Physicians_for_Integrity_in_Medical_Re.pdf,f1b4c82a8084,pdf,1,FDA-2011-P-0768,2011,petition,"(~~O/,+~~ ~1f~""ia (;DEPARTMENT OF HEALTH &. HUMAN SERVICES Food and Drug Administration Rockvile MD 20857 APR 1 6 2012 .Steve Gupta, M.D., J.D., President Physicians for Integrity in Medical Research, Inc. 2258 Foothil Blvd., Suite 100 La Canada, CA 91011 Re: Docket No. FDA-2011-P-0768 Dear Dr. Gupta: I am writing to inform you that the Food and Drug Administration (FDA) has not yet resolved the issues raised in your citizen petition received on October 20, 20 11. Your petition requests that th…"
/content/drive/MyDrive/FDA Research/2011/FDA-2011-P-0768-0005_FDA_CDER_to_Physicians_for_Integrity_in_Medical_Re.pdf,7cb9a440bb7d,pdf,8,FDA-2011-P-0768,2011,other,
/content/drive/MyDrive/FDA Research/2011/FDA-2011-P-0768-0006_Physicians_for_Integrity_in_Medical_Research_Inc_P.pdf,faad3ed65504,pdf,5,FDA-2011-P-0768,2011,petition,"Physicians for Integrity in Medical Research, Inc. A non-profit group for tll<' hPIH'fit of patiPnts December 21, 2012 Dockets Management Branch Food and Drug Administration Dept of health and Human Services, rm. 1-23 5630 Fishers Lane, Room 1061 Rockville, MD 20852 Dear Sir /Madam: Subject: Petition for Reconsideration Docket Number: FDA-2011-P-o768-ooo1jCP --..I _.. N N The undersigned submits this petition to reconsider the decision of the Commissioner of Food and Drugs Administration in doc…"
/content/drive/MyDrive/FDA Research/2011/FDA-2011-P-0768-0007_Acknowledgement_Letter_to_Physicians_for_Integrity.pdf,3c812c206153,pdf,1,FDA-2011-P-0768,2011,petition,"(""1 DEPARTMENT OF HEALTH & HUMAN SERVICES ',::::::l- December 28, 2012 Steve Gupta, M.D., J.D. President Physicians for Integrity in Medical Research, Inc 2258 Foothill Blvd Suite 100 La Canada, CA 91011 Dear Mr. Gupta: Public Health Service Food and Drug Administration Rockville MD 20857 FILE COPY Your petition to the Food and Drug Administration requesting reconsideration of the denied citizen's petition and to revoke the FDA's approval of Roflumilast (Daliresp®), was received by this office …"
/content/drive/MyDrive/FDA Research/2011/FDA-2011-P-0768-0009_Physicians_for_Integrity_in_Medical_Research_Inc_R.pdf,c0d7ff52fb70,pdf,2,FDA-2011-P-0768,2011,petition,"Physicians for Integrity in Medical Research, Inc. A non-profit group for the benefit of patients March 25, 2013 Dockets Management Branch Food and Drug Administration Dept of health and Human Services, rm. 1-23 5630 Fishers Lane, Room 1061 Rockville, MD 20852 Dear Sir/Madam: Subject: Inquiry about Petition for Reconsideration Docket Number: FDA-2o11-P-o768-000l/CP This is an inquiry into the status of petition for reconsideration submitted to the FDA. The petition was submitted in late part of…"
/content/drive/MyDrive/FDA Research/2011/FDA-2011-P-0768-0010_FDA_CDER_to_Physicians_for_Integrity_in_Medical_Re.pdf,8cbcc7a6ebc2,pdf,2,FDA-2011-P-0768,2011,other,
/content/drive/MyDrive/FDA Research/2011/FDA-2011-P-0777-0001_Hallie_Leighton_and_the_Institute_for_Health_Quali.pdf,5782f8e21b9d,pdf,10,FDA-2011-P-0777,2011,petition,The undersigned submit this petition under 42 U.S.C. § 263b of the Mammogram Quality Standards Advisory Act of 1992 as amended and renewed in the Mammogram Quality Standards Reauthorization Act of 1998 and 2004 to request the Commissioner of Food and Drugs: •■■•■ 1 0.201kAD29.7 Action Requested 1. The Plaintiffs Hallie Leighton and the Institute for Health Quality and Ethics hereby request the U.S. Food and Drug Administration to: 1.immediately and fully implement and enforce the patient notifi…
/content/drive/MyDrive/FDA Research/2011/FDA-2011-P-0777-0002_Acknowledgement_Letter_to_Institute_for_Health_Qua.pdf,64571eb75764,pdf,1,FDA-2011-P-0777,2011,petition,"DEPARTMENT OF HEALTH & HUMAN SERVICES Public Health Service Food and Drug Administration Rockville MD 20857 FILE COPY October 21, 2011 Thomas W. Nerney Executive Director Institute for Health Quality and Ethics 75 Sprague Hill Road Chepachet, RI 02814 Dear Mr. Nerney: Your petition to the Food and Drug Administration submitted for the Plaintiffs Hallie Leighton and the Institute for Health Quality and Ethics, Requesting to fully implement and enforce the Mammogram Quality Standards Amendment Ac…"
/content/drive/MyDrive/FDA Research/2011/FDA-2011-P-0777-0003_Interim_Response_to_Institute_for_Health_Quality_a.pdf,ea26495b340b,pdf,1,FDA-2011-P-0777,2011,petition,",,,.~~'''W''''l'''""~ .. t.;' í9\ \.""-,,,,'""DEPARTMENT OF HEALTH & HUMAN SERVICES Public Health Servce APR 12 2012Food and Drug Administration 10903 New Hampshire Avenue Silver Spring, MD 20993 Mr. Thomas W. Nerney Executive Director Institute for Health Quality and Ethics 75 Sprague Hil Road Chepachet, RI 02814 Re: Citizen Petition - Docket Number FDA-2011-P-0777 Dear Mr. Nerney: This is an interim response to the petition dated October 21,2011, filed by the Food and Drug Administration (FDA) o…"
/content/drive/MyDrive/FDA Research/2011/FDA-2011-P-0777-0009_FDA_OC_Response_to__Institute_for_Health_Quality_a.pdf,8a1ba3a6ea96,pdf,3,FDA-2011-P-0777,2011,response/decision,
/content/drive/MyDrive/FDA Research/2011/FDA-2011-P-0783-0001_American_Council_of_Independent_Laboratories__ACIL.pdf,acc1d553103c,pdf,56,FDA-2011-P-0783,2011,petition,"October 17, 2011 2011 OCT 21 A cl: 51 Honorable Kathleen Sebelius Secretary Department of Health and Human Services 200 Independence Ave SW 615F HHH Washington DC 20201 Dr. Margaret Hamburg do Dockets Management Branch Food and Drug Administration Room 1061 5630 Fishers Lane Rockville, MD 20852 Via Registered Mail, Return Receipt Requested this 17th day of October, 2011 RE: CITIZEN'S PETITION TO REVOKE ALL OR, IN THE ALTERNATIVE, PART OF THE NOTICE OF FOOD SAFETY MODERNIZATION ACT USER FEE RATE…"
/content/drive/MyDrive/FDA Research/2011/FDA-2011-P-0783-0002_Acknowledgement_Letter_to_American_Council_of_Inde.pdf,dead2d2e4b3c,pdf,1,FDA-2011-P-0783,2011,petition,"4'),taaDEPARTMENT OF HEALTH & HUMAN SERVICES Public Health Service Food and Drug Administration Rockville MD 20857 October 27, 2011 J. Milton M. Bush American Council of Independent Laboratories (ACIL) 1875 I Street, NW, Suite 500 Washington, DC 20006 Dear Mr. Bush: Your petition to the Food and Drug Administration to revoke all or in the alternative, part of the notice of food safety modernization act user fee rates for FY 2012, was received by this office on 10/27/2011. It was assigned docket…"
/content/drive/MyDrive/FDA Research/2011/FDA-2011-P-0785-0001_Public_Citizen_s_Health_Research_Group__Citizen_Pe.pdf,3bc62005ef97,pdf,13,FDA-2011-P-0785,2011,other,"1600 20th Street, NW • Washington, D.C. 20009 • 202/588-1000 • www.citizen.org PUBLICCITIZEN MI OCT 28 P I : 3b October 26, 2011 Margaret A. Hamburg, M.D. Commissioner Food and Drug Administration Department of Health and Human Services WO 2200 10903 New Hampshire Avenue Silver Spring, MD 20993-0002 Janet Woodcock, M.D. Director Center for Drug Evaluation and Research Food and Drug Administration Department of Health and Human Services W051/Room 6133 10903 New Hampshire Avenue Silver Spring, MD…"
/content/drive/MyDrive/FDA Research/2011/FDA-2011-P-0785-0002_Acknowledgement_Letter_to_Public_Citizen.pdf,a686c237c7b6,pdf,1,FDA-2011-P-0785,2011,petition,"DEPARTMENT OF HEALTH & HUMAN SERVICES Public Health Service Food and Drug Administration Rockville MD 20857 October 28, 2011 FILE COPY Sidney M. Wolfe, M.D., Director Public Citizen 1600 20 th Street, NW Washington, D.C. 20009 Dear Dr. Wolfe: Your petition to the Food and Drug Administration requesting to immediately require the addition of a black box warning to the label for tigecycline (Tygacil, Pfizer Pharmaceuticals, Inc), was received by this office on 10/28/2011. It was assigned docket n…"
/content/drive/MyDrive/FDA Research/2011/FDA-2011-P-0785-0005_FDA_CDER_to_Public_Citizen_s_Health_Research_Group.pdf,19bbca7576de,pdf,1,FDA-2011-P-0785,2011,petition,"DEPARTMENT OF HEALTH & HUMAN SERVICES APR 1 3 2012 Sidney M. Wolfe, M.D. Michael Carome, M.D. Public Citizen Health Research Group 1600 20th Street, NW Washington, D.C. 20009 Re: Docket No. FDA-2011-P-0785 Dear Dr. Wolfe and Dr. Carome: Food and Drug Administration Rockville MD 20857 ZOIZ AP~ ll 1-\ '1: I b I am writing to inform you that the Food and Drug Administration (FDA or Agency) has not yet resolved the issues raised in your citizen petition received on October 28, 2011. Your petition r…"
/content/drive/MyDrive/FDA Research/2011/FDA-2011-P-0785-0006_Public_Citizen_Supplement.pdf,aa877ebb1051,pdf,6,FDA-2011-P-0785,2011,supplement/amendment,"Lit 1600 20th Street, NW • Washington, D.C. 20009 • 202/588-1000 • www.citizen.org 1017 tlAY A ,Tro: 3L4 PUBLICCITIZEN May 15, 2012 Margaret A. Hamburg, M.D. Commissioner Food and Drug Administration Department of Health and Human Services WO 2200 10903 New Hampshire Avenue Silver Spring, MD 20993-0002 Janet Woodcock, M.D. Director Center for Drug Evaluation and Research Food and Drug Administration Department of Health and Human Services W051/Room 6133 10903 New Hampshire Avenue Silver Spring,…"
/content/drive/MyDrive/FDA Research/2011/FDA-2011-P-0785-0007_Citizen_Petition_Partial_Approval_and_Denial_Respo.pdf,27bbcdd68495,pdf,17,FDA-2011-P-0785,2011,petition,"(.•""~ DEPARTMENT OF HEALTH & HUMAN SERVICES ""'•:.,,~:::::z. Food and Drug Administration 10903 New Hampshi re Avenue Building #51 AUG 0 4 2014 Sidney M. Wolfe, M.D. Michael A. Carome, M.D. Public Citizen 1600 201h Street, NW Washington , DC 20009 Re: Docket No. FDA-2011-P-0785 Dear Dr. Wolfe and Dr. Carome: Silver Spring, MD 20993 This responds to your citizen petition (Petition) received on October 28, 2011. In the Petition, you request that the Food and Drug Administration (FDA or the Agency)…"
/content/drive/MyDrive/FDA Research/2011/FDA-2011-P-0798-0001_Dr_S_Albert_Edwards__Citizen_Petition.pdf,c940becd2abd,pdf,3,FDA-2011-P-0798,2011,petition,"October 27> 2011 5417 11 Division ofDockets Management Food and Drug Administration Department ofHea1th and Human Services 5630 Fishers Lane, Rm. 1061, HFA-305 Rockville, MD 20852 Dear Persons: RE: Citizens Petition-Periodic Meetings for Software Vendors with OBPS, FDA's Office ofBusiness Process Support The undersigned submits this petition under the Prescription Drug Amendments to the Federal Food, Drug, and Cosmetic Act; the Code ofFederal Regu1ations, Tit1e 21, Parts 312 & 314; and/or any o…"
/content/drive/MyDrive/FDA Research/2011/FDA-2011-P-0798-0002_Acknowledgement_Letter_to_Dr_S_Albert_Edwards.pdf,b106bf71dbf5,pdf,1,FDA-2011-P-0798,2011,petition,"DEPARTMENT OF HEALTH & HUMAN SERVICES Public Health Service Food and Drug Administration Rockville MD 20857 FILE COpyNovember 1,2011 Dr. S. Albert Edwards Dear Dr. Edwards Your petition to the Food and Drug Administration regarding Periodic Meetings for Software Vendors with Office ofBusiness Process Support, was received by this office on 1110112011. It was assigned docket number FDA-2011-P-0798-0001lCP, and it was filed on 1110112011. Please refer to this docket number in future correspondenc…"
/content/drive/MyDrive/FDA Research/2011/FDA-2011-P-0798-0003_S_Albert_Edwards_Pharm_D_Letter.pdf,6666c709efa7,pdf,2,FDA-2011-P-0798,2011,petition,"S. Albert Edwards, Pharm.D. Drug Information Expert 961 1 12 MAY 29 A 9 :2 9 May 21, 2012 Gloria Ortega Division of Dockets Management Food and Drug Administiation Department of Health and Human Services 5630 Fishers Lane, Rm. 1061, HFA-305 Rockville, MD 20852 Dear Ms. Ortega: RE: FDA Docket number FDA-2011-P-0798-0001/CP This petition was filed on November 1, 2011. The six-month response time has expired. I have received no response. Can you kindly follow-up on this petition? Sincerely, (Dr.) …"
/content/drive/MyDrive/FDA Research/2011/FDA-2011-P-0798-0004_FDA_CDER_Interim_Response_to_Dr_S_Albert_Edwards_L.pdf,9ba3b4e288d8,pdf,1,FDA-2011-P-0798,2011,petition,"DEPARTMENT OF HEALTH & HUMAN SERVICES Food and Drug Administration 10903 New Hampshire Avenue Building #51 Silver Spring, MD 20993 71113 AUG 20 II: in AUG 1 4 2013 Dr. S. Albert Edwards Re: Docket No. FDA-2011-P-0798 Dear Dr. Edwards: I am writing to inform you that the Food and Drug Administration (FDA) has not yet resolved the issues raised in your citizen petition received on November 1, 2011. You request that the Agency meet periodically with software vendors to discuss the status of FDA's …"
/content/drive/MyDrive/FDA Research/2011/FDA-2011-P-0798-0005_Withdrawal_Letter_from_Dr__S__Albert_Edwards_Redac.pdf,ca928f04e0c5,pdf,2,FDA-2011-P-0798,2011,petition,"January 27,2020 Division of Dockets Management Food and Drug Administration Department of Health and Human Services 5630 Fishers Lane, Rm. 1061, HFA-305 Rockville, MD 208522310 JftN31 ,20PH3:45 Dear Persons: RE: FDA Docket number FDA-2011-P-0798-0001/CP “WITHDRAWAL ” [Periodic Meetings for Software Vendors Avith OBPS, FDA ’s Office of Business Process Support] The undersigned withdraws this Petition in accord with 21 CFR 10.30 (g), that is, without prejudice to resubmission at any time. Please …"
/content/drive/MyDrive/FDA Research/2011/FDA-2011-P-0801-0001_Holland_and_Knight_LLP___Citizen_Petition.pdf,5999872c2825,pdf,6,FDA-2011-P-0801,2011,petition,"Holland & Knight November 1, 2011 Division of Dockets Management Food and Drug Administration Department of Health and Human Services 5630 Fishers Lane, Room 1061 Rockville, MD 20852 CITIZEN PETITIONnil NOV -2 A II 31 This petition is submitted on behalf of a manufacturer/distributor of research materials sold purely for non-human research use (""Research Materials"") pursuant to 21 C.F.R. § 10.30 to ask the Commissioner of Food and Drugs to clarify FDA regulations and policies with respect to Ri…"
/content/drive/MyDrive/FDA Research/2011/FDA-2011-P-0801-0002_Acknowledgement_Letter_to_Holland_and_Knight_LLP.pdf,25280c89df19,pdf,1,FDA-2011-P-0801,2011,petition,"DEPARTMENT OF HEALTH & HUMAN SERVICES Public Health Service Food and Drug Administration Rockville MD 20857 November 2, 2011 FILE COPY Ieuan G. Mahony Holand & Knight LLP 10 St. James Avenue Boston, MA 02116 Dear Mr. Mahony: Your petition to the Food and Drug Administration petition concerning regulations and policies with respect to Risk Evaluation and Mitigation Strategies, was received by this office on 11/02/2011. It was assigned docket number FDA-2011-P-0801-0001/CP, and it was filed on 11…"
/content/drive/MyDrive/FDA Research/2011/FDA-2011-P-0801-0003_Holland___Knight__LLP___Withdrawal_of_Citizen_Peti.pdf,4f7a597bf131,pdf,2,FDA-2011-P-0801,2011,petition,"Holland & Knight January 12, 2012 Gloria Ortega Division of Dockets Management Food and Drug Administration Department of Health and Human Services 5630 Fishers Lane, Room 1061 Rockville, MD 20852 Re: Docket No. FDA-2011-P-0801-0001/CP, filed 11/02/2011 Dear Ms. Ortega, ' lOfl jAN I 3 A tO: 2Gl We write to request withdrawal of the subject Citizen Petition. Please confirm your receipt of this communication and let us know if any further actions are required on our part to facilitate withdrawal.…"
/content/drive/MyDrive/FDA Research/2011/FDA-2011-P-0804-0001_Bruno_Independent_Living_Aids_Inc____Citizen_Petit.pdf,9df4720faa29,pdf,7,FDA-2011-P-0804,2011,petition,"/BRUNO for your independence 5467 11 NO V —7 Al '9 November 3, 2011 Division of Dockets Management Food and Drug Administration Department of Health and Human Services 5630 Fishers Lane, room 1061 Rockville, MD 20852 RE: Class II 510(k) Exemption Petition Bruno Independent Living Aids, Inc. submits this petition under Section 510(m)(2) of the Federal Food, Drug, and Cosmetic Act (the Act) as amended by Section 206 of the FDA Modernization Act of 1997, to request the Commissioner of Food and Dru…"
/content/drive/MyDrive/FDA Research/2011/FDA-2011-P-0804-0002_Acknowledgement_Letter_to_Bruno_Independent_Living.pdf,9010be73f011,pdf,1,FDA-2011-P-0804,2011,petition,"stxmces. DEPARTMENT OF HEALTH & HUMAN SERVICES Public Health Service Food and Drug Administration Rockville MD 20857 November 7, 2011 FILE COPY Richard Keller Senior Project Leader Bruno Independent Living Aids, Inc. P.O. Box 84 Oconomowoc, WI 53066 Dear Mr. Keller: Your petition to the Food and Drug Administration requesting to exempt stairlifts (stairway chairlifts) from premarket notification requirements, was received by this office on 11/07/2011. It was assigned docket number FDA-2011-P-08…"
/content/drive/MyDrive/FDA Research/2011/FDA-2011-P-0804-0003_Bruno_Independent_Living_Aids_Inc__Letter.pdf,70bbaf0dd99c,pdf,3,FDA-2011-P-0804,2011,petition,"CC: Mariorie.ShulmanPFDA.HHS.GOV • • •)0/BRUNO for your independence ZUn UEC - b P 12: I b December 1, 2011 Division of Dockets Management Food and Drug Administration Department of Health and Human Services 5630 Fishers Lane, room 1061 Rockville, MD 20852 RE: Class II 510(k) Exemption Petition; Docket Number FDA-2011-P-0804-0001/CP Bruno Independent Living Aids, Inc. submitted the subject petition under Section 510(m)(2) of the Federal Food, Drug, and Cosmetic Act (the Act) as amended by Secti…"
/content/drive/MyDrive/FDA Research/2011/FDA-2011-P-0804-0004_FDA_CDRH_to_Bruno_Independent_Living_Aids_Inc__Let.pdf,6e0e7d81456d,pdf,2,FDA-2011-P-0804,2011,other,
/content/drive/MyDrive/FDA Research/2011/FDA-2011-P-0804-0005_Medical_Devices__Exemptions_from_Premarket__Powere.pdf,f9438a2175c8,pdf,3,FDA-2011-P-0804,2011,response/decision,"32642 Federal Register / Vol. 77, No. 106 / Friday, June 1, 2012 / Notices agents, whether naturally occurring, accidental, or deliberate. The Board may also provide advice and guidance to the Secretary and/or the Assistant Secretary for Preparedness and Response (ASPR) on other matters related to public health emergency preparedness and response. Background: The June 26, 2012, public meeting will be dedicated to the introduction of two new tasks to the NBSB. The NBSB is being tasked to advise …"
/content/drive/MyDrive/FDA Research/2011/FDA-2011-P-0804-0007_Bruno_Independent_Living_Aids_Inc_Supplement.pdf,fd951dd86fb9,pdf,3,FDA-2011-P-0804,2011,petition,"yhyl June 13, 201270!? Jty A e/: 38 'BRUNO for your independence U.S. Food and Drug Administration Center for Devices and Radiological Health Document Control Center — W066-G609 10903 New Hampshire Avenue Silver Spring, MD 20993-0002 Division of Dockets Management U.S. Food and Drug Administration 5630 Fishers Lane Room 1061, HFA-305 Rockville, MD 20852FDA CDRI-1 DMC JUN 1 9 2012 Received Re: Class II Exemption Petition for Stairway Chairlifts (Stairlifts) Docket Number: FDA-2011-P-0804-0001/CP…"
/content/drive/MyDrive/FDA Research/2011/FDA-2011-P-0804-0008_FDA_CDRH_to_Bruno_Independent_Living_Aids_Inc__Pet.pdf,6a57c30ffc0b,pdf,3,FDA-2011-P-0804,2011,other,
/content/drive/MyDrive/FDA Research/2011/FDA-2011-P-0804-0009_Medical_Devices__Exemptions_from_Premarket_Notific.pdf,443390eafc21,pdf,3,FDA-2011-P-0804,2011,other,"14015 Federal Register / Vol. 78, No. 42 / Monday, March 4, 2013 / Rules and Regulations Electrical Equipment—Part 1–2: General Requirements for Safety—Collateral Standard: Electromagnetic Compatibility—Requirements and Tests,’’ and ASME A18.1 ‘‘Safety Standard for Platform Lifts and Stairway Chair Lifts’’) must validate electromagnetic compatibility and electrical safety. Firms are now exempt from 510(k) requirements for vertical and inclined platform lifts as long as they meet these condition…"
/content/drive/MyDrive/FDA Research/2011/FDA-2011-P-0818-0001_Jubilant_HollisterStier_LLC__Citizen_Petition.pdf,de92b48ec521,pdf,4,FDA-2011-P-0818,2011,petition,"-*/ JUBILANT .FIOLLISTERSTIER 2011 NOV 10 A 11:53 November 9, 2011 Division of Dockets Management Food and Drug Administration Department of Health and Human Services 5630 Fishers Lane, Room 1061 Rockville, MD 20852 RE: Suitability Petition for Variations in FM Volumes (Strengths) for Vials of Water for Injection USP Suitability Petition This petition is submitted pursuant to 21 CFR 10.20 and 10.30, as provided for in 21 CFR 314.93 and Section 505(j)(2)(c) of the Federal Food, Drug, and Cosmeti…"
/content/drive/MyDrive/FDA Research/2011/FDA-2011-P-0818-0002_Acknowledgement_Letter_to_Jubilant_HollisterStier_.pdf,4c312f84b553,pdf,1,FDA-2011-P-0818,2011,petition,"DEPARTMENT OF HEALTH & HUMAN SERVICES Public Health Service Food and Drug Administration Rockville MD 20857 November 10, 2011 FILE COPY Brian Enright Director, Regulatory Affairs Jubilant HollisterStier LLC 3525 North Regal Spokane, WA 99207 Dear Mr. Enright: Your petition to the Food and Drug Administration to permit the filing of an Abbreviated New Drug Application for Variations in Fill Volumes (Strengths) for Vials of Water for Injection USP, was received by this office on 11/10/2011. It wa…"
/content/drive/MyDrive/FDA Research/2011/FDA-2011-P-0818-0003_Jubilant_Hollisterstier_Laboratories__Amendment.pdf,096a17f09bab,pdf,4,FDA-2011-P-0818,2011,petition,"JUBILANT' .HOLLISTERSTIER January 6, 2012 Division of Dockets Management Food and Drug Administration Department of Health and Human Services 5630 Fishers Lane, Room 1061 Rockville, MD 208522011 JAN -9 A 11 2S RE: Revision to Suitability Petition FDA-2011-P-0818 Suitability Petition for Variations in Fill Volumes (Strengths) for Vials of Water for Injection USP Suitability Petition Based on a teleconference with FDA on December 22, 2011, Jubilant HollisterStier is revising this suitability peti…"
/content/drive/MyDrive/FDA Research/2011/FDA-2011-P-0818-0004_Jubilant_HollisterStier_LLC_Amendment.pdf,1c990d48212d,pdf,7,FDA-2011-P-0818,2011,petition,"INSPIRE C ONFIDENCEIMENforwo IUBILAArr .HOLLISTERSTIER 2011 MAY I 5 P 12 : I LI May 9, 2012 Division of Dockets Management Food and Drug Administration Department of Health and Human Services 5630 Fishers Lane, Room 1061 Rockville, MD 20852 RE: Amendment to Suitability Petition FDA-2011-P-0818 Suitability Petition for Variations in Fill Volumes (Strengths) for Vials of Water for Injection USP Suitability Petition Based on a voicemail from Johrmy Young at FDA/OGD/DLPS on April 25, 2012, Jubilant…"
/content/drive/MyDrive/FDA Research/2011/FDA-2011-P-0818-0005_Petition_Approval_Letter.pdf,da01a429f40f,pdf,2,FDA-2011-P-0818,2011,petition,"U.S. Food & Drug Administration 10903 New Hampshire Avenue Silver Spring, MD 20903 www.fda.gov Jubilant HollisterStier, LLC Attn: Brian Enright 3525 N. Regal Street Spokane, WA 99207 Docket No. FDA -2011 -P-0818 Dear Brian Enright : This is in response to your petition received on November 10, 2011, by the U.S. Food and Drug Administration (FDA or Agency) and your amendment s dated January 6 and May 9, 2012, requesting permission to submit an Abbreviated New Drug Application (ANDA) for the foll…"
/content/drive/MyDrive/FDA Research/2011/FDA-2011-P-0819-0001_Center_for_Science_in_the_Public_Interest_Citizen_.pdf,b598097a86a7,pdf,20,FDA-2011-P-0819,2011,petition,"11-10-11;11:41AM; 202-772-0979 # 2/ 20 U.S. DEPARTMENT OF HEALTH AND HUMAN SERVICES FOOD AND DRUG ADMINISTRATION Petition to Require Cautionary Statements ) On the Label of Dietary Supplements ) Docket No. Containing St. John's Wort 1 Submitted by the Center for Science in the Public Interest Michael F. Jacobson, Ph.D. Executive Director Center for Science in the Public Interest 1220 L Sireet, NW 4600 Washington DC 20005 Stephen Gardner Litigation Director Center for Science in the Public Inter…"
/content/drive/MyDrive/FDA Research/2011/FDA-2011-P-0819-0002_Acknowledgement_Letter_to_Center_for_Science_in_th.pdf,44ce412b8e54,pdf,1,FDA-2011-P-0819,2011,petition,"kt, DEPARTMENT OF HEALTH & HUMAN SERVICES Public Health Service Food and Drug Administration Rockville MD 20857 November 10, 2011 FILE COPY Michael F. Jacobson, Ph.D. Executive Director Center for Science in the Public Interest 1220 L Street, NW #300 Washington, DC 20005 Dear Dr. Jacobson: Your petition to the Food and Drug Administration requesting to issue regulations requiring cautionary statements on the label of dietary supplements containing St. John's Wort, was received by this office on…"
/content/drive/MyDrive/FDA Research/2011/FDA-2011-P-0820-0001_G_Scott_Crowther_PE_Citizen_Petition.pdf,2af3f3a60676,pdf,6,FDA-2011-P-0820,2011,petition,"Citizen Petition on 21 CFR Part 872.3070 G. Scott Crowther November 8, 2011 Division of Dockets Management [(301) 827-6860] Food and Drug Administration Department of Health and Human Services 5630 Fishers Lane, Room 1061 Rockville, MD 208525473 11 NOV -9 A9 :26 Citizen Petition 21CFR Part 872.3070 Action Requested We request that you, the Food and Drug Administration (FDA) do the following 1) on the basis of information presented in this letter reconsider the dose of mercury released from dent…"
/content/drive/MyDrive/FDA Research/2011/FDA-2011-P-0820-0002_Acknowledgement_Letter_to_G_Scott_Crowther_PE.pdf,aaf5ee618de2,pdf,1,FDA-2011-P-0820,2011,petition,"DEPARTMENT OF HEALTH & HUMAN SERVICES Public Health Service Food and Drug Administration Rockville MD 20857 November 9, 2011 FILE COPY G. Scott Crowther, PE Dear Mr. Crowther: Your petition to the Food and Drug Administration requesting to reconsider the dose of mercury released from dental amalgam(s), and ban the dental amalgam and its constituents (mercury and amalgam alloy), was received by this office on 11/09/2011. It was assigned docket number FDA-2011-P-0820-0001/CP, and it was filed on …"
/content/drive/MyDrive/FDA Research/2011/FDA-2011-P-0820-0003_FDA_CDRH_Interim_Response_to_G_Scott_Crowther_PE_L.pdf,51e48e40e6f7,pdf,1,FDA-2011-P-0820,2011,petition,"DEPARTMENT OF HEALTH & HUMAN SERVICES Service Public Health G. Scott Crowther, PE MAY 0 7 201Z Food and Drug Administration 10903 New Hampshire Avenue Silver Spring, MD 20993 Re: Citizen Petition- Docket Number FDA-2011-P-0820 Dear Mr. Crowther: This is an interim response to the petition dated November 8, 2011, filed by the Food and Drug Administration (FDA) on November 9, 2011. In the petition, you requested FDA to reconsider previous FDA estimations of the amount of mercury released from den…"
/content/drive/MyDrive/FDA Research/2011/FDA-2011-P-0821-0001_Lachman_Consultant_Services_Inc_Citizen_Petition.pdf,f133de7c5433,pdf,4,FDA-2011-P-0821,2011,petition,"LACHMAN CONSULTANT SERVICES, INC. CONSULTANTS TO THE PHARMACEUTICAL AND ALLIED INDUSTRIES 1600 STEWART AVENUE, WESTBURY, NY 11590 (516) 222-6222 • FAX (516) 683-1887 701I NOV I Li A 8 : 38 November 10, 2011 OVERNIGHT COURIER 11/1012011 Division of Dockets Management Food and Drug Administration (HFA-305) Department of Health and Human Services 5630 Fishers Lane, Room 1061 Rockville, MD 20852 Citizen Petition Dear Sir or Madam: The undersigned submits this petition, in quadruplicate, pursuant to…"
/content/drive/MyDrive/FDA Research/2011/FDA-2011-P-0821-0002_Acknowledgement_Letter_to_Lachman_Consultant_Servi.pdf,ca81aa6bb06b,pdf,1,FDA-2011-P-0821,2011,petition,"Public Health Service i.4 . DEPARTMENT OF HEALTH & HUMAN SERVICES Food and Drug Administration ittm y November 14, 2011 Robert W. Pollock Executive Vice President Lachman Consultant Services, Inc. 1600 Stewart Avenue Westbury, NY 11590 Dear Mr. Pollock: Your petition to the Food and Drug Administration requesting to declare that the drug product Levoleucovorin Calcium Injection, 10 mg/mL (50 mg/5 mL) is suitable for submission as an Abbreviated New Drug Application, was received by this office …"
/content/drive/MyDrive/FDA Research/2011/FDA-2011-P-0821-0003_Lachman_Consultant_Services_Inc_Amendment.pdf,2f5909f54b3c,pdf,18,FDA-2011-P-0821,2011,supplement/amendment,"Respectfully submitted, r\ an Janul Vice Presid nt Lachman Consultant Services, Inc. JJ/pk LACHMAN CONSULTANT SERVICES, INC. CONSULTANTS TO THE PHARMACEUTICAL AND ALLIED INDUSTRIES 1600 STEWART AVENUE, WESTBURY, NY 11590 (516) 222-6222 • FAX (516) 683-1887 T011 FEB I Li 14 11: 18 February 13, 2012 OVERNIGHT COURIER 2/13/12 Division of Dockets Management Food and Drug Administration (HFA-305) Department of Health and Human Services 5630 Fishers Lane, Room 1061 Rockville, MD 20852 Citizen Petitio…"
/content/drive/MyDrive/FDA Research/2011/FDA-2011-P-0821-0005_Final_Response_Letter_from_FDA_CDER_to_Lachman_Con.pdf,34f2f7942f2e,pdf,2,FDA-2011-P-0821,2011,petition,"U.S. Food & Drug Administration 10903 New Hampshire Avenue Silver Spring, MD 20903 www.fda.gov Lachman Consultant Services, Inc. Attn: Robert Pollock 1600 Stewart Avenue Westbury, NY 11590 Docket No. FDA- 2011- P-0821 Dear Robert Pollock: This is in response to your petition received on November 14, 2011 by the U.S. Food and Drug Administration (FDA or Agency) and your amendment da ted February 13, 2012, requesting permission to submit an Abbreviated New Drug Application (ANDA) for the followin…"
/content/drive/MyDrive/FDA Research/2011/FDA-2011-P-0822-0001_Lupin_Pharmaceuticals_Inc__Citizen_Petition.pdf,659b3a585011,pdf,4,FDA-2011-P-0822,2011,petition,"Lupin Pharmaceutkals,Inc. November 10, 2011 2011 ND Li A 8: 3 9 Division of Dockets Management, Food and Drug Administration, Department of Health and Human Services (HFA-305), 5630 Fishers Lane, Room 1061, Rockville, MD 20852 Citizen Petition This petition is submitted pursuant to 21 CFR 10.25 and 10.30, and in accordance with the regulations of 21 CFR 314.161 to request the Commissioner of the Food and Drug Administration to determine whether AVALIDE ® (Irbesartan-Hydrochlorothiazide) Tablets…"
/content/drive/MyDrive/FDA Research/2011/FDA-2011-P-0822-0002_Acknowledgement_Letter_to_Lupin_Pharmaceuticals_In.pdf,50aa73ad2b9c,pdf,1,FDA-2011-P-0822,2011,petition,"Pvla-% DEPARTMENT OF HEALTH & HUMAN SERVICES Public Health Service Food and Drug Administration Rockville MD 20857 November 14, 2011 FILE COPY Leslie Sands Director Lupin Pharmaceuticals, Inc. Harborplace Tower 111 South Calvert Street 21st Floor Baltimore, MD 21202 Dear Ms. Sands: Your petition to the Food and Drug Administration requesting to determine whether Avalide® (Irbesartan- Hydrochlorothiazide) Tables 300 mg/25 mg was voluntarily withdrawn, discontinued or whithheld from sale for safe…"
/content/drive/MyDrive/FDA Research/2011/FDA-2011-P-0822-0003_Determinations_That_Drugs_Were_Not_Withdrawn_From_.pdf,eba48639a504,pdf,2,FDA-2011-P-0822,2011,response/decision,"1695 Federal Register / Vol. 77, No. 7 / Wednesday, January 11, 2012 / Notices ANNUAL BURDEN ESTIMATES —Continued Instrument Annual number of respondents Number of responses per respondent Average burden hours per response Total annual burden hours Semi-structured interviews Head Start Health Managers ............................... 40 1 .75 30 Semi-structured interviews Head Start Teachers and Family Service Work- ers ............................................................................…"
/content/drive/MyDrive/FDA Research/2011/FDA-2011-P-0822-0004_FDA_CDER_to_Lupin_Pharmaceuticals_Inc__Letter.pdf,55b073b8db49,pdf,3,FDA-2011-P-0822,2011,petition,"t\ stRV1ctS.('Æ~~¥~,::~l.DEPARTMENT OF HEALTH &. HUMAN SERVICES Food and Drug Administration Rockvile MD 20857 January 11,2012 . Leslie Sands Director, Regulatory Affairs (USA) Lupin Pharmaceuticals, Inc. Harborplace Tower 111 South Calvert Street, 21 st Floor Baltimore, Maryland 21202 Re: Docket No. FDA-20l1-P-0822 Dear Ms. Sands: This letter responds to your citizen petition, dated November 10, 2011, requesting that the Food and Drug Administration (FDA) determine whether AVALIDE (irbesartan …"
/content/drive/MyDrive/FDA Research/2011/FDA-2011-P-0823-0001_AstraZeneca_Pharmaceuticals_LP__Citizen_Petition.pdf,9f29c3335f79,pdf,14,FDA-2011-P-0823,2011,petition,"G AstraZeneca 5506 4 P2 :4? November 14, 2011 BY HAND DELIVERY Division of Dockets Management Food and Drug Administration Department of Health and Human Services 5630 Fishers Lane, Room 1061 Rockville, Maryland 20852 Dear Sir or Madam: On behalf of AstraZeneca Pharmaceuticals LP, I herewith enclose a Citizen Petition and accompanying exhibits. I respectfully request the Food and Drug Administration to direct any correspondence relating to this petition to counsel identified below: Peter 0. Saf…"
/content/drive/MyDrive/FDA Research/2011/FDA-2011-P-0823-0002_Acknowledgement_letter_to_AstraZeneca_Pharmaceutic.pdf,e004b705162d,pdf,1,FDA-2011-P-0823,2011,petition,"DEPARTMENT OF HEALTH & HUMAN SERVICES Public Health Service 41,43471 Food and Drug Administration Rockville MD 20857 November 14, 2011 FILE COPY Peter 0. Safir, Attorney Covington & Burling LLP 1201 Pennsylvania Avenue, NW Washington, DC 20004-2401 Dear Mr. Safir: Your petition to the Food and Drug Administration on behalf of AstraZeneca LP requesting to not approved any rosuvastatin calcium abbreviated new drug application for which Crestor is the reference listed drug if the proposed labeling…"
/content/drive/MyDrive/FDA Research/2011/FDA-2011-P-0823-0003_FDA_CDER_Response_to_AstraZeneca_Pharmaceuticals_L.pdf,5d4336a88fa0,pdf,8,FDA-2011-P-0823,2011,petition,"~SEin'l('t' (t' ~ DEPARTMENT OF HEALTH & HUMA SERVICES ~"",i:,""-:~\' MAY 112m2Food and Drug Administration 10903 New Hampshire Avenue Building #51 Silver Spring, MD 20993 James W. Blasetto, MD, MPH c/o-Peter O. Safir Covington & Burling LLP 1201 Pennsylvania Avenue, NW Washington, DC 20004-2401 Re: Docket No. FDA-2011-P-0823 Dear Dr. Blasetto: This responds to the citizen petition submitted to the Food and Drug Administration (FDA or the Agency) on behalf of AstraZeneca Pharmaceuticals LP (Astra…"
/content/drive/MyDrive/FDA Research/2011/FDA-2011-P-0840-0001_Perrigo_Company_Citizen_Petition.pdf,548ca800d6f8,pdf,9,FDA-2011-P-0840,2011,petition,"2011 November 17, 2011 BY HAND DELIVERY Division of Dockets Management Food and Drug Administration 5630 Fishers Lane Room 1061, HFA-305 Rockville, Maryland 20852Richard J. Stec, Jr., Ph.D. Vice President Global Regulatory Affairs Telephone No. (269) 686-1575 1 8 A 1:acti e No. (269) 673-7655 Re: Citizen Petition Regarding the Submission of ANDAs for Generic Prevacid o24HR (Lansoprazole) Capsules, 15 mg (OTC) Dear Sir or Madam: CITIZEN PETITION Perrigo Company (""Perrigo"") submits this Citizen P…"
/content/drive/MyDrive/FDA Research/2011/FDA-2011-P-0840-0002_Acknowledgement_Letter_to_Perrigo_Company.pdf,46729d69537e,pdf,1,FDA-2011-P-0840,2011,petition,"DEPARTMENT OF HEALTH & HUMAN SERVICES Public Health Service Food and Drug Administration Rockville MD 20857 November 18, 2011 FILE COPY Richard J. Stec, Jr., Ph.D. Vice President Perrigo Company 515 Eastern Avenue Allegan, MI 49010 Dear Dr. Stec: Your petition to the Food and Drug Administration requesting to refuse to receive, or otherwise rescind its receipt of any Abbreviated New Drug Application for a generic version of Prevacide 24HR (lansoprazole) Capsules, 15mg, was received by this offi…"
/content/drive/MyDrive/FDA Research/2011/FDA-2011-P-0840-0003_FDA_CDER_to_Perrigo_Company_Petition_Denial.pdf,fa5c663fe4fc,pdf,8,FDA-2011-P-0840,2011,petition,"t\ "",1.RVIC'£S. ('4- DEPARTMENT OF HETH & HUMAN SERVICES ~""~'v,~ Food and Drug Administration Rockvile M D 20857 MAY 1 6 2012 Richard J. Stec, Jr., Ph.D. Vice President Global Regulatory Affairs Perrigo Company 515 Eastern Avenue Allegan, MI 49010 Re: Docket No. FDA-2011-P-0840 Dear Dr. Stec: This responds to your citizen petition dated November 17,2011, and received by the Food and Drug Administration (FDA or the Agency) on November 18,2011, (Petition). In the Petition, you request that FDA re…"
/content/drive/MyDrive/FDA Research/2011/FDA-2011-P-0840-0004_FDA_CDER_to_DDM_Memorandum.pdf,301c3b2acee0,pdf,2,FDA-2011-P-0840,2011,petition,"TO: Division of Dockets Manageme • FROM: Janet Woodcock Director Center for D uation and Researc RE: Docket No. FDA-2011-P-0840 DEPARTMENT OF HEALTH & HUMAN SERVICES Food and Drug Administration Rockville MD 20857 MEMORANDUM DATE: //0/ 31/43 On May 16, 2012, the Food and Drug Administration (FDA or the Agency) issued a response (Response) to a citizen petition from Perrigo Company dated November 17, 2011, and received by the Agency on November 18, 2011 (Petition): In the Petition, the petitione…"
/content/drive/MyDrive/FDA Research/2011/FDA-2011-P-0846-0001_Citizen_Petition_from_Jubilant_HollisterStier__For.pdf,9bd45656e71f,pdf,4,FDA-2011-P-0846,2011,petition,"JUBILANT HOLLISTERSTIER 2011 NOV 10 A 11:55 November 9, 2011 Division of Dockets Management Food and Drug Administration Department of Health and Human Services 5630 Fishers Lane, Room 1061 Rockville, MD 20852 RE: Suitability Petition for Variations in Fill Volumes (Strengths) for Vials of 0.9% Sodium Chloride Injection USP Suitability Petition This petition is submitted pursuant to 21 CFR 10.20 and 10.30, as provided for in 21 CFR 314.93 and Section 505(j)(2)(c) of the Federal Food, Drug, and …"
/content/drive/MyDrive/FDA Research/2011/FDA-2011-P-0846-0002_Acknowledegement_Letter_to_Jubilant_HollisterStier.pdf,204018050616,pdf,1,FDA-2011-P-0846,2011,petition,"FILE DEPARTMENT OF HEALTH & HUMAN SERVICES Public Health Service Food and Drug Administration Rockville MD 20857 November 21, 2011 Brian Enright Director, Regulatory Affairs Jubilant HollisterStier LLC (Formerly Hollister—Stier Laboratories LLC) 3525 N. Regal Spokane, Washington 99207 Dear Mr. Enright: Your petition to the Food and Drug Administration requesting to declare that water for injection USP in any volume in a vial size previously approved under an RLD or petition is suitable for subm…"
/content/drive/MyDrive/FDA Research/2011/FDA-2011-P-0846-0003_Acknowledgement_Letter_to_Jubilant_Hollister_Stier.pdf,8990e5255017,pdf,1,FDA-2011-P-0846,2011,petition,"~~ l\,J- DEPARTMENT OF HEALTH & HUMAN SERVICES November 30, 2011 Brian Enright Director, Regulatory Affairs Jubilant HollisterStier LLC (Formerly Hollister-Stier Laboratories LLC) 3525 N. Regal Spokane, Washington 99207 Dear Mr. Enright: This is a correction to the acknowledgement letter of 11/21/2011. Public Health Service Food and Drug Administration Rockville MD 20857 Your abbreviated new drug application (ANDA) suitability petition for variations in fill volumes (strengths) for vials of 0.9…"
/content/drive/MyDrive/FDA Research/2011/FDA-2011-P-0846-0004_Jubilant_Hollisterstier_Laboratories__Amendment.pdf,a8b14d29c95b,pdf,4,FDA-2011-P-0846,2011,petition,"JUBILANT HOLLISTERSTIER ZD1Z JAN -9 A 11: 21 January 6, 2012 111Division of Dockets Management Food and Drug Administration Department of Health and Human Services 5630 Fishers Lane, Room 1061 Rockville, MD 20852 RE: Revision to Suitability Petition FDA-2011-P-0846 Suitability Petition for Variations in FM Volumes (Strengths) for Vials of 0.9% Sodium Chloride Injection USP Suitability Petition Based on a teleconference with FDA on December 22, 2011, Jubilant HollisterStier is revising this suit…"
/content/drive/MyDrive/FDA Research/2011/FDA-2011-P-0846-0005_Jubilant_HollisterStier_LLC_Amendment.pdf,c3b07693a2b0,pdf,7,FDA-2011-P-0846,2011,petition,"The petitioner requests that the Commissioner of the FDA declare that 0.9% Sodium Chloride Injection USP in the volumes listed above is suitable for submission as an abbreviated new drug application (ANDA). The reference listed drug product upon which this petition is based is Sodium Chloride Injection, USP, approved in 10-, 20- and 50-mL dosage strengths, under New Drug Application (NDA) No. 18-803. In August 2006, FDA granted a petition to include 3mL, 5mL, 15mL, and 30mL strengths of 0.9% So…"
/content/drive/MyDrive/FDA Research/2011/FDA-2011-P-0846-0006_Memorandum_of_suitability_voluntarily_withdrawn_wi.pdf,9148ca717863,pdf,4,FDA-2011-P-0846,2011,petition,"Docket No. FDA -2011- P-0846 MEMORANDUM TO: Division of Dockets Management, HFA -305 FROM: Division of Filing Review, Office of Regulatory Operations, Office of Generic Drugs RE: Docket No. FDA- 2011- P-0846 DATE: June 12 , 2023 Please consider the suitability petition in the above -referenced docket to have been voluntarily withdrawn without prejudice to resubmission. The citizen petition, dated November 10, 2011, was submitted by Jubilant HollisterStier, LLC . On March 17, 2023, the Food and …"
/content/drive/MyDrive/FDA Research/2011/FDA-2011-P-0851-0001_Orthopedic_Surgical_Manufacturers_Association__OSM.pdf,af0d720fddc9,pdf,122,FDA-2011-P-0851,2011,petition,"Reclassification Petition: Lateral Mass and Pedicle Screws –Cervical Spine Uses November 1 8, 2011 Page 1TITLE: RECLA SSIFICA TION PETITION: Lateral Mass and Pedicle Screw Spinal Sy stem s (cervical spine ) SPONSOR: Orthop edic Surgical Manufacturers A ssociation (OSM A)"
/content/drive/MyDrive/FDA Research/2011/FDA-2011-P-0851-0002_Acknowledgement_Letter_to_Orthopedic_Surgical_Manu.pdf,61b79f26cb8e,pdf,1,FDA-2011-P-0851,2011,petition,"DEPARTMENT OF HEALTH & HUMAN SERVICES Public Health Service Food and Drug Administration Rockville MD 20857 November 23, 2011 Sharon Starowicz fllt COPyPresident Orthopedic Surgical Manufacturers Association (OSMA) P.O. Box 38805 Germantown, TN 38183-0805 Dear Ms. Starowicz: Your Petition for Reclassification to the Food and Drug Administration regarding 513 (e) Posterior Cervical Pedicle and Lateral Mass Screws, was received by this office on 11/23/2011. It was assigned docket number FDA-2011-…"
/content/drive/MyDrive/FDA Research/2011/FDA-2011-P-0851-0004_Withdrawal_from_Orthopaedic_Surgical_Manufacturers.pdf,0fa96b013dae,pdf,1,FDA-2011-P-0851,2011,petition,"1 Organized exclusively for educational and scientific purposes under section 501(c)(6) of the Internal Revenue Code. Orthopedic Surgical Manufacturers Association P.O. BOX 38805 Germantown, TN 38183-0805 secretary@osma.net Collaborative Interaction for Appropriate Regulation May 6th, 2019 Dockets Management Staff (HFA-305) Food and Drug Administration 5630 Fishers Lane Room 1061 Rockville, Maryland 20852 Subject: Request to Withdraw 513(e) Petition for Reclassification: Posterior Cervical Pedi…"
/content/drive/MyDrive/FDA Research/2011/FDA-2011-P-0852-0001_Dr_S_Albert_Edwards___Citizen_Petition.pdf,96bfc00904ef,pdf,2,FDA-2011-P-0852,2011,petition,"November 17, 2011 8270 1 1 icv 21 P3 48 Division of Dockets Management Food and Drug Administration Department of Health and Human Services 5630 Fishers Lane, Rm. 1061 HFA-305 Rockville, MD 20852 Dear Persons: RE: No NDC Codes for Unapproved Drug Products — FDA Must Stop Issuing NDC Codes to Drug Products Without Approved NDAs or ANDAs The undersigned submits this petition under the Prescription Drug Amendments to the Federal Food, Drug, and Cosmetic Act; the Code of Federal Regulations, Title …"
/content/drive/MyDrive/FDA Research/2011/FDA-2011-P-0852-0002_Acknowledgement_Letter_to_Dr_S_Albert_Edwards.pdf,008846a8b706,pdf,1,FDA-2011-P-0852,2011,petition,"Food and Drug Administration Rockville MD 20857 4.v.rau ILE 4'sti''ncES.4""' 1 DEPARTMENT OF HEALTH & HUMAN SERVICES Public Health Service November 21, 2011 Dr. S. Albert Edwards, PharmD, RAC, FRAPS Dear Dr. Edwards: Your petition to the Food and Drug Administration requesting to stop issuing NDC codes for unapproved drug products when the application number field is left blank, was received by this office on 11/21/2011. It was assigned docket number FDA-2011-P-0852-0001/CP, and it was filed on …"
/content/drive/MyDrive/FDA Research/2011/FDA-2011-P-0852-0003_FDA_CDER_Interim_Response_to_Dr__S_Albert_Edwards_.pdf,2ce21e077c6c,pdf,1,FDA-2011-P-0852,2011,petition,"(·''~ DEPARTMENT OF HEALTH & HUMAN SERVICES -.. ,,;~ Food and Drug Admini:;tration Rockville MD 20857 MAY 1 8 2012 RE: Docket No. FDA-2011-P-0852 Dear Dr. Edwards: I am writing to inform you that the Food and Drug Administration (FDA or Agency) has not yet resolved the issues raised in your citizen petition received on November 21,2011. Your petition requests that FDA stop issuing national drug codes (NDCs) for unapproved drug products and phase in enforcement over a 3-year period. FDA has been…"
/content/drive/MyDrive/FDA Research/2011/FDA-2011-P-0852-0004_FDA_CDER_Response_to_Dr_S_Albert_Edwards_Petition_.pdf,70dd05f9f4ba,pdf,6,FDA-2011-P-0852,2011,petition,"Doc DEPARTMENT OF HEALTH & HUMAN SERVICES 8 2013 Dr. S. Albert Edwards, PharmD, RAC, FRAPS Food and Drug Administration 10903 New Hampshire Avenue Building #51 Silver Spring, MD 20993 n13 FEB 12 P 2 1 Re: Docket No. FDA-2011-P-0852 Dear Dr. Edwards: This responds to your citizen petition received November 21, 2011 (Petition), in which you requested that the Food and Drug Administration (FDA or Agency): (1) cease issuing national drug codes (NDCs) for ""unapproved drug products when the [a]pplica…"
/content/drive/MyDrive/FDA Research/2011/FDA-2011-P-0869-0001_Hyman_Phelps_and_McNamara_PC__Citizen_Petition.pdf,b23b48b72522,pdf,7,FDA-2011-P-0869,2011,petition,"DAVID B. CLISSOLDLAW OFFICES HYMAN, PHELPS 8 MCNAMARA, P.C. 700 THIRTEENTH STREET. N.W. SUITEI200 WASHINGTON, D. C. 20005-5929 12021737-5600 FACSIMILE 12021737-9329 www.hpm.comDirect Dial (202) 737-7545 DClissold@hpm.com owl December 2, 2011 BY HAND DELIVERY Division of Dockets Management Food and Drug Administration (HFA-305) Department of Health and Human Services 5630 Fishers Lane, Room 1061 Rockville, Maryland 20852 To Whom It May Concern: Hyman, Phelps & McNamara, P.C. submits this petitio…"
/content/drive/MyDrive/FDA Research/2011/FDA-2011-P-0869-0002_Acknowledgement_Letter_to_Hyman_Phelps_and_McNamar.pdf,c8c35fe36dca,pdf,1,FDA-2011-P-0869,2011,petition,"DEPARTMENT OF HEALTH & HUMAN SERVICES Public Health Service in'a3a Food and Drug Administration Rockville MD 20857 December 2, 2011 FILE COPY David B. Clissold Hyman, Phelps & McNamara, P.C. 700 13 th Street NW Suite 1200 Washington, DC 20005 Dear Mr. Clissold: Your petition to the Food and Drug Administration requesting to refuse to file any new drug application (NDA) for buprenorphine/naloxone drug product unless such NDA references Suboxone®, the sublingual film formulation of this product, …"
/content/drive/MyDrive/FDA Research/2011/FDA-2011-P-0869-0004_FDA_CDER_Interim_Response_to_Hyman_Phelps_and_McNa.pdf,e87b96e88eb5,pdf,1,FDA-2011-P-0869,2011,petition,"(""? DEPARTMENT OF HEALTH Be HUMA SERVICES''',,,,~ Food and Drug Administration Rockvile MD 20857 MAY 30 2012 David B. Clissold Hyman, Phelps & McNamara, P.C. 700 13th Street, NW, Suite 1200 Washington, DC 20005 Re: Docket No. FDA-2011-P-0869 Dear Mr. Clissold: I am writing to inform you that the Food and Drug Administration (FDA) has not yet resolved the issues raised in your citizen petition received on December 2, 20 11. Your petition requests that the Agency refuse to fie any new drug applic…"
/content/drive/MyDrive/FDA Research/2011/FDA-2011-P-0869-0005_Hyman_Phelps_and_McNamara_PC_Letter.pdf,82d3408fadea,pdf,9,FDA-2011-P-0869,2011,other,"DAVID B. CLISSOLD LAW OFFICES HYMAN, PHELPS 8 MCNAMARA, P.C. 700 THIRTEENTH STREET. N.W. SUITEI200 WASHINGTON, D. C. 20005-5929 12021737-5600 FACSIMILE 12021737-9329 Direct Dial (202) 737-7545 DClissold@hpm.com www.hpm.com June 13, 2013 Division of Dockets Management Food and Drug Administration (HFA-305) Department of Health and Human Services 5630 Fishers Lane, Room 1061 Rockville, Maryland 20852 Re: Docket No. FDA-2011-P-0869 To Whom It May Concern: By letter dated May 3, 2012, Foley and Lar…"
/content/drive/MyDrive/FDA Research/2011/FDA-2011-P-0869-0006_FDA_CDER_Response_to_Hyman_Phelps_and_McNamara_P_C.pdf,316702fdd992,pdf,11,FDA-2011-P-0869,2011,response/decision,
/content/drive/MyDrive/FDA Research/2011/FDA-2011-P-0881-0001_Pharmaceutical_Security_Institute_Inc___Citizen_Pe.pdf,81fc89d0a6dc,pdf,4,FDA-2011-P-0881,2011,petition,"Pharmaceutica Security Institute CITIZEN PETITION November 30, 2011 BY MAIL Division of Dockets Management Food and Drug Administration 5630 Fishers Lane Room 1061, HFA-305 Rockvitle i MD 20852 In accordance to 21 C.F.R. § 10.30, the Pharmaceutical Security Institute, inc. (PSI) submits this petition under 21 U.S.C. § 355(a) to request the Commissioner of Food and Drugs to take action against the promotion and sale of unapproved drugs in the United States by . - BetterThanMedicare.corn. Actions…"
/content/drive/MyDrive/FDA Research/2011/FDA-2011-P-0881-0002_Acknowledgement_Letter_to_Pharmaceutical_Security_.pdf,ced69f58015a,pdf,1,FDA-2011-P-0881,2011,petition,"December 2, 2011 Thomas T. Kubic President & CEO The Pharmaceutical Security Institute, Inc. 8100 Boone Blvd., Suite 220 Vienna, VA 22182TILE COPY DEPARTMENT OF HEALTH & HUMAN SERVICES Public Health Service 7:14IFood and Drug Administration Rockville MD 20857 Dear Mr. Kubic: Your petition to the Food and Drug Administration to take action against the promotion and sale of unapproved drugs in the United States by BetterThanMedicare.com , was received on 12/02/2011. It was assigned docket number …"
/content/drive/MyDrive/FDA Research/2011/FDA-2011-P-0881-0004_FDA_CDER_to_Pharmaceutical_Security_Institute__Inc.pdf,8205a948bb01,pdf,2,FDA-2011-P-0881,2011,petition,"DEPARTMENT OF HEALTH & HUMAN SERVICES MAR - 2 2012 Thomas T. Kubic President & CEO The Pharmaceutical Security Institute, Inc. 8100 Boone Blvd., Suite 220 Vienna, VA 22182 Re: Docket No. FDA-2011-P-0881 Dear Mr. Kubic: ~012 \"" r, I L I <t•'l-' -') L 1/'11 \_, Food and Drug Administration RockVille MD 20857 This letter responds to your citizen petition received on December 2, 2011 (Petition). The Petition requests that the Food and Drug Administration (FDA or Agency) take action against the prom…"
/content/drive/MyDrive/FDA Research/2011/FDA-2011-P-0882-0001_Bruno_Independent_Living_Aids_Inc___Citizen_Petiti.pdf,7896da8cfc72,pdf,7,FDA-2011-P-0882,2011,petition,"""BRUNO for your independence December 1, 2011 Division of Dockets Management Food and Drug Administration Department of Health and Human Services 5630 Fishers Lane, room 1061 Rockville, MD 20852 RE: Class11510(k) Exemption Petition Bruno Independent Living Aids, Inc. submits this petition under Section 510(m)(2) of the Federal Food, Drug, and Cosmetic Act (the Act) as amended by Section 206 of the FDA Modernization Act of 1997, to request the Commissioner of Food and Drugs to exempt inclined pl…"
/content/drive/MyDrive/FDA Research/2011/FDA-2011-P-0882-0002_Acknowledgement_Letter_to_Bruno_Independent_Living.pdf,e4fd6ef26439,pdf,1,FDA-2011-P-0882,2011,petition,"DEPARTMENT OF HEALTH & HUMAN SERVICES Public Health Service Food and Drug Administration Rockville MD 20857 December 2, 2011 FILE COPY Richard Keller Senior Project Leader Bruno Independent Living Aids, Inc. P.O. Box 84 Oconomowoc, WI 53066 Dear Mr. Keller: Your petition to the Food and Drug Administration requesting to exempt inclined and vertical plafform lifts, Class II devices, from premarket notification requirements of Section 510(k) of the Act, was received by this office on 12/02/2011. …"
/content/drive/MyDrive/FDA Research/2011/FDA-2011-P-0882-0003_FDA_CDRH_to_Bruno_Independent_Living_Aids_Inc___Le.pdf,524d69b64d85,pdf,3,FDA-2011-P-0882,2011,other,
/content/drive/MyDrive/FDA Research/2011/FDA-2011-P-0882-0004_Medical_Devices__Exemptions_from_Premarket__Wheelc.pdf,f87049f4290f,pdf,2,FDA-2011-P-0882,2011,other,"32644 Federal Register / Vol. 77, No. 106 / Friday, June 1, 2012 / Notices Dated: May 25, 2012. Leslie Kux, Assistant Commissioner for Policy. [FR Doc. 2012–13225 Filed 5–31–12; 8:45 am] BILLING CODE 4160–01–P DEPARTMENT OF HEALTH AND HUMAN SERVICES Food and Drug Administration [Docket No. FDA–2011–P–0882] Medical Devices; Exemption From Premarket Notification: Wheelchair Elevator AGENCY : Food and Drug Administration, HHS. ACTION : Notice. SUMMARY : The Food and Drug Administration (FDA) is an…"
/content/drive/MyDrive/FDA Research/2011/FDA-2011-P-0882-0005_Bruno_Independent_Living_Aids_Inc_Information.pdf,01aa08eb5900,pdf,4,FDA-2011-P-0882,2011,petition,")1‘13RLINO for your independence 9679 12 JUN -7 A9 :15 May 31, 2012 U.S. Food and Drug Administration Center for Devices and Radiological Health Document Control Center — W066-G609 10903 New Hampshire Avenue Silver Spring, MD 20993-0002 Division of Dockets Management U.S. Food and Drug Administration 5630 Fishers Lane Room 1061, HFA-305 Rockville, MD 20852 Re: Class II Exemption Petition for Inclined and Vertical Platform Lifts Docket Number: FDA-2011-P-0882-0001/CP May 03, 2012 Request from CD…"
/content/drive/MyDrive/FDA Research/2011/FDA-2011-P-0882-0007_FDA_CDRH_to_Bruno_Independent_Living_Aids_Inc_Lett.pdf,37d7d68129fd,pdf,2,FDA-2011-P-0882,2011,other,
/content/drive/MyDrive/FDA Research/2011/FDA-2011-P-0882-0008_Medical_Devices__Exemptions_from_Premarket_Notific.pdf,ff8a474308be,pdf,3,FDA-2011-P-0882,2011,other,"14013 Federal Register / Vol. 78, No. 42 / Monday, March 4, 2013 / Rules and Regulations jejunum, ileocecal junction, and colon of cattle with BSE. The new scientific data confirms the presence of limited amounts of BSE infectivity in the small intestine outside of the distal ileum of classical BSE infected cattle under experimental inoculation and field conditions. The infectivity levels reported in these studies were much lower than the infectivity levels that were previously demonstrated in …"
/content/drive/MyDrive/FDA Research/2011/FDA-2011-P-0884-0001_Lenard_Thylan___Citizen_Petition.pdf,890cf4fc165e,pdf,3,FDA-2011-P-0884,2011,petition,"December 2, 2011 Division of Dockets Management Food and Drug Administration Department of Health and Human Services 5630 Fishers Lane, nn. 1061 Rockville, MD 208522011 DEC -b A 10: Citizen Petition The undersigned submits this petition under 21 U.S.C. §§ 301-399a of the Federal Food, Drug, and Cosmetic Act (or any other statutory provision for which authority has been delegated to the Commissioner of Food and Drugs under 21 CFR 5.10) to request the Commissioner of Food and Drugs to (1) refrain…"
/content/drive/MyDrive/FDA Research/2011/FDA-2011-P-0884-0002_Acknowledgement_Letter_to_Lenard_Thylan.pdf,af75a3dbc7ba,pdf,1,FDA-2011-P-0884,2011,petition,"Lenard ThyIan DEPARTMENT OF HEALTH & HUMAN SERVICES Public Health Service Food and Drug Administration Rockville MD 20857 December 6, 2011 Dear Mr. ThyIan: Your petition to the Food and Drug Administration requesting to refain from taking administrative action against the manufature and sale of Mabaral (mephobarbital) 32, 50 and 100 mg Tablets, was received by this office on 12/06/2011. It was assigned docket number FDA-2011-P-0884-0001/CP, and it was filed on 12/06/2011. Please refer to this d…"
/content/drive/MyDrive/FDA Research/2011/FDA-2011-P-0884-0003_FDA_CDER_to_Lenard_Thylan__Petition_Denial.pdf,fbf6774007ff,pdf,6,FDA-2011-P-0884,2011,petition,"('~ DEPARTMENT OF HEALTH & HUMAN SERVICES -.,,:i MAY 1 7 2012 Lenard Thylan Re: Docket No. FDA-2011-P-0884 Dear Mr. Thylan: 9486 12 Food and Drug Administration Rockville MD 20857 MAY 18 p tJ :40 This letter responds to your citizen petition dated December 6, 2011 (Petition). You request that the Food and Drug Administration (FDA or Agency): 1. Refrain from taking ""administrative action"" against the manufacture and sale of Mebaral (mephobarbital) Tablets, 32, 50, and 100 milligrams (mg). 2. Ref…"
/content/drive/MyDrive/FDA Research/2011/FDA-2011-P-0886-0001_Attachment_1_Excerpt_From_CSPI_Survey.pdf,d39947ead881,pdf,3,FDA-2011-P-0886,2011,other,">-1 cu 0 Cin IF:si Cr) U E 0 ;•4 41-4 W cm) X12-08-11;11:02AM; ;202-772-0979 # 16/ 18 I.— m mm ...49 14 4.4 m N r AN M . 0 0 M W N M. Wm. 0 0 ,ANM U 43- 4 m 41,7M0 Mm .61 g- 0 • • 0 0wgm 0 EA SI12-08-11;11:02AM; ;202-772-0979 # 17/ 18 0 0 p.8 4. 0 4 4 4. 1 9 V3,2 - -.4 • • 141 01'w %sav wig0 W M 0• 0 In 0 W0 NOD OW 0 NW MNOn wn 0 OW WN0 5 0 g!e 70m a ID N N 170 ma ON A N Wr .• Am a 0 110 AM M M N 4. 0 a 4. 4 13. w4c7.-; N A 0 N gr . t40 00A N 0 0 2t;',7 3 r2WN .14"" iE A:2loin 0 0 4. 0 ..,. NW 0…"
/content/drive/MyDrive/FDA Research/2011/FDA-2011-P-0886-0002_Acknowledgement_Letter_to_the_Center_for_Science_i.pdf,66b6cd89da5e,pdf,1,FDA-2011-P-0886,2011,petition,"DEPARTMENT OF HEALTH & HUMAN SERVICES Public Health Service Food and Drug Administration Rockville MD 20857 December 8, 2011 FILE COPY Michael F. Jacobson, Ph.D. Executive Director Center for Science in the Public Interest 1220 L Street, NW #300 Washington, DC 20005 Dear Dr. Jacobson: Your petition to the Food and Drug Administration requesting to issue regulations requiring food and beverage manufacturers to disclose on the Principal Display Panel of a food product, that the product contains a…"
/content/drive/MyDrive/FDA Research/2011/FDA-2011-P-0888-0001_Foley___Lardner_LLP___Citizen_Petition.pdf,546f2563ed6d,pdf,5,FDA-2011-P-0888,2011,petition,"FOLEY FOLEY & LARDNER LLP , 2DH DEC - 8 A !0 : 0 IFOLEY & LARDNER LLP ATTORNEYS AT LAW WASHINGTON HARBOUR 3000 K STREET, N.W., SUITE 500 WASHINGTON, D.C. 20007-5143 202.672.5300 TEL 202.672.5399 FAX www.foley.COM WRITER'S DIRECT LINE 202.672.5430 drosen@foley.com EMAIL December 7, 2011 VIA FEDERAL EXPRESS Attorney Client Privileged - Attorney Work Product Dockets Management Branch, HFA-305 Food and Drug Administration Department of Health and Human Services 5630 Fishers Lane, Room 1061 Rockvill…"
/content/drive/MyDrive/FDA Research/2011/FDA-2011-P-0888-0002_Acknowledgement_Letter_to_Foley___Lardner_LLP.pdf,6b3066a039b2,pdf,1,FDA-2011-P-0888,2011,petition,"DEPARTMENT OF HEALTH & HUMAN SERVICES Public Health Service Food and Drug Administration Rockville MD 20857 December 8, 2011 FILE COPY David L. Rosen, BS Pharm., JD Foley & Lardner LLP Attorneys at Law 300 K Street, NW Suite 500 Washington, DC 20007-5143 Dear Mr. Rosen: Your petition to the Food and Drug Administration requesting to issue a determination that the drug product Fundescein-25, Fluorescein Sodium Injection 25% was not voluntarily withdrawn for sale for safety or effectiveness reaso…"
/content/drive/MyDrive/FDA Research/2011/FDA-2011-P-0888-0003_Determinations_that__FUNDUSCEIN_25__fluorescein_so.pdf,f967c9092530,pdf,1,FDA-2011-P-0888,2011,supplement/amendment,"23269 Federal Register / Vol. 77, No. 75 / Wednesday, April 18, 2012 / Notices 10903 New Hampshire Ave., Bldg. 51, Rm. 6222, Silver Spring, MD 20993– 0002, 301–796–3602. SUPPLEMENTARY INFORMATION : In FR Doc. 2007–15699 on page 15700 in the Federal Register of Monday, April 2, 2007, the following correction is made: 1. On page 15700, in the first column, in the first line, ‘‘505(b) of the act’’ is corrected to read ‘‘351 of the Public Health Service Act (42 U.S.C. 262).’’ Dated: February 28, 20…"
/content/drive/MyDrive/FDA Research/2011/FDA-2011-P-0888-0004_FDA_CDER_to_Foley___Lardner_LLP___Letter.pdf,ff8823ea9cf3,pdf,2,FDA-2011-P-0888,2011,petition,"~ sl:RVICls.(Æy~~~,~~\-DEPARTMENT OF HEALTH &. HUMAN SERVICES Food and Drug Administration Rockville MD 20857 APR 1 8 2012 . David L. Rosen Foley & Lardner LLP 300 K Street, NW Suite 500 Washington, DC 20007-5143 Re: Docket No. FDA-201 1-P-0888 Dear Mr. Rosen: This letter responds to your citizen petition received on December 8, 2011, requesting that the Food and Drug Administration (FDA) determine whether FUNDUSCEIN-25 (fluorescein sodium) Injection, 25%, was voluntarily withdrawn or withheld …"
/content/drive/MyDrive/FDA Research/2011/FDA-2011-P-0913-0001_KVKTech_Inc__Citizen_Petition.pdf,7bb2ba1136ad,pdf,5,FDA-2011-P-0913,2011,petition,"KVK-TECH, INC. 110 Terry Drive Suite 200 Newtown PA 18940 Phone: 215-579-1842 16 Fax: 215-579-0746 December 15, 2011 Division of Dockets Management Food and Drug Administration Department of Health and Human Services 5630 Fishers Lane, rm.1061 Rockville, MD 20852 ELECTRONICCOPY RE: Suitability Petition for Kalexate (Sodium Polystyrene Sulfonate for Suspension, USP), 15 gm/bottle Background Information: In reference to ANDA 40-905, KVK-TECH INC. submits today a Suitability Petition under 21CFR s…"
/content/drive/MyDrive/FDA Research/2011/FDA-2011-P-0913-0002_Acknowledgement_Letter_to_KVK_Tech_Inc.pdf,be103426ea5d,pdf,1,FDA-2011-P-0913,2011,petition,"DEPARTMENT OF HEALTH & HUMAN SERVICES Public Health Service Food and Drug Administration Rockville MD 20857 December 16, 2011 FE COPY Ashvin Panchal Manager, Quality Assurance KVK-Tech, Inc. 110 Terry Drive, Suite 200 Newtown, PA 18940 Dear Mr. Panchal, Your petition to the Food and Drug Administration to market ANDA for Kalexate ( Sodium Polystyrene Sulfonate, USP) 15 gm/bottle, was received by this office on 12/16011. It was assigned docket number FDA-2011-P-0913/CP, and it was filed on 12/16…"
/content/drive/MyDrive/FDA Research/2011/FDA-2011-P-0913-0003_KVK_TEC_Inc_Amendment.pdf,69cf8ebacd75,pdf,26,FDA-2011-P-0913,2011,supplement/amendment,
/content/drive/MyDrive/FDA Research/2011/FDA-2011-P-0913-0004_FDA_CDER_Response_to_KVKTech_Inc_Petition_Approval.pdf,9a3ee4366953,pdf,2,FDA-2011-P-0913,2011,petition,"DEPARTMENT OF HEALTH & HUMAN SERVICES Food and Drug Administration Rockville MD 20857 KVK-Tech, Inc. Attention: Ashvin Panchal 11 b Terry Drive, Suite 200 Newtown, PA 18940 JAN 2 8 2013 im 1 30 A II: 5t4 Docket No. FDA-2011-P-0913 Dear Mr. Panchal: This is in response to your petition filed on December 16, 2011 and your amendment dated February 6, 2012 requesting permission to file an Abbreviated New Drug Application (ANDA) for the following drug product: Sodium Polystyrene Sulfonate for Suspen…"
/content/drive/MyDrive/FDA Research/2011/FDA-2011-P-0923-0001_Public_Citizen_Health_Research_Group___Citizen_Pet.pdf,88ec1858871e,pdf,21,FDA-2011-P-0923,2011,other,"I NI 1600 20th Street, NW • Washington, D.C. 20009 • 202/588-1000 • www.citizen.org PUBLICCITIZEN 21! DEC 22 P 1 : 311 December 21, 2011 Margaret A. Hamburg, M.D. Commissioner Food and Drug Administration Department of Health and Human Services WO 2200 10903 New Hampshire Avenue Silver Spring, MD 20993-0002 Jeffrey E. Shuren, M.D., J.D. Director, Center for Devices and Radiological Health Food and Drug Administration Department of Health and Human Services WO 66, Room 5442 10903 New Hampshire A…"
/content/drive/MyDrive/FDA Research/2011/FDA-2011-P-0923-0002_Acknowledgement_Letter_to_Public_Citizen.pdf,dc2360b55e95,pdf,1,FDA-2011-P-0923,2011,petition,"DEPARTMENT OF HEALTH & HUMAN SERVICES Public Health Service Food and Drug Administration Rockville MD 20857 December 22, 2011 Michael A. Carome, M.D. Deputy Director Public Citizen's Health Research Group 1600 20 th Street, N.W. Washington, DC 20009FILE COPy Dear Dr. Carome: Your petition to the Food and Drug Administration requesting to immediately withdraw approval of the humanitarian device exemption (HDE) application for the Wingspan Stent System with Gateway PTA Balloon Catheter, was recei…"
/content/drive/MyDrive/FDA Research/2011/FDA-2011-P-0923-0003_Public_Citizen__Supplement.pdf,4e54f6105133,pdf,15,FDA-2011-P-0923,2011,supplement/amendment,"1600 20th Street, NW • Washington, D.C. 20009 • 202/588-1000 • www.citizen.org PUBLICCITIZEN 7017 JAN Il P I2 : I 1 January 12, 2012 Margaret A. Hamburg, M.D. Commissioner Food and Drug Administration Department of Health and Human Services WO 2200 10903 New Hampshire Avenue Silver Spring, MD 20993-0002 Jeffrey E. Shuren, M.D., J.D. Director, Center for Devices and Radiological Health Food and Drug Administration Department of Health and Human Services WO 66, Room 5442 10903 New Hampshire Avenu…"
/content/drive/MyDrive/FDA Research/2011/FDA-2011-P-0923-0004_Public_Citizen__Supplement.pdf,ea3e033df696,pdf,17,FDA-2011-P-0923,2011,supplement/amendment,"PUBLICCIT1ZEN7017 JAN 25 A II : 38 1600 20th Street, NW • Washington, D.C. 20009 • 2021588-1000 • www.citizen.org January 12, 2012 Margaret A. Hamburg, M.D. Commissioner Food and Drug Administration Department of Health and Human Services WO 2200 10903 New Hampshire Avenue Silver Spring, MD 20993-0002 Jeffrey E. Shuren, M.D., J.D. Director, Center for Devices and Radiological Health Food and Drug Administration Department of Health and Human Services WO 66, Room 5442 10903 New Hampshire Avenue …"
/content/drive/MyDrive/FDA Research/2011/FDA-2011-P-0923-0005_FDA_CDRH_to_Public_Citizen_s_Health_Research_Group.pdf,3306e46fa692,pdf,1,FDA-2011-P-0923,2011,petition,"~e¿¡'P;vt(..!'_S.(~~¥~tr~-lli'',,;rn~DEPARTMENT OF HEALTH & HUMAN SERVICESPublic Health Service FEB 2 9 2012Food and Drug Admistration 10903 New Hampshie Avenue Silver Sprig, MD 20993 Dr. Michael A. Carome, M.D. Deputy Director Public Citizen's Health Research Group 1600 20th St., NW Washington, DC 20009 Re: Citizen Petition - Docket Number FDA-2011-P-0923 Dear Dr. Carom€':,.': Thank you for your letter dated February 14, 2012 addressed to Commissioner Hamburg and Dr. Shuren, Director of CDRH, …"
/content/drive/MyDrive/FDA Research/2011/FDA-2011-P-0923-0007_Public_Citizen_Supplement.pdf,13e7aed2afe6,pdf,22,FDA-2011-P-0923,2011,supplement/amendment,"L.71 -tta. 1600 20th Street, NW • Washington, D.C. 20009 • 202/588-1000 • www.citizen.org PUBLICCITIZEN February 14, 2012 Margaret A. Hamburg, M.D. Commissioner Food and Drug Administration Department of Health and Human Services WO 2200 10903 New Hampshire Avenue Silver Spring, MD 20993-0002 Jeffrey E. Shuren, M.D., J.D. Director, Center for Devices and Radiological Health Food and Drug Administration Department of Health and Human Services WO 66, Room 5442 10903 New Hampshire Avenue Silver Sp…"
/content/drive/MyDrive/FDA Research/2011/FDA-2011-P-0923-0008_Public_Citizen.pdf,7f968ff0df10,pdf,15,FDA-2011-P-0923,2011,other,
/content/drive/MyDrive/FDA Research/2011/FDA-2011-P-0923-0009_Interim_Response_to_Public_Citizen_Health_Research.pdf,37c7b4a2dab8,pdf,1,FDA-2011-P-0923,2011,petition,"l\5U,V1CES. ""~'4""3~.....t ;n . ~,~,.f-DEPARTMENT OF HETH &. HUMA SERVICESPublic Health Service Food and Drug Administration Rockville MD 20857 May 18,2012 Michael Carome, M.D. Deputy Director Public Citizen's Health Research Group 1600 20th St., NW Washington, DC 20009 Re: Citizen Petition- Docket Number FDA-2011-P-0923.~-l' :... Dear Dr. Carome: This is an interim response to your petition dated December 21, 2011, which was fied by the Food and Drug Administration (FDA) on December 22,2011. In…"
/content/drive/MyDrive/FDA Research/2011/FDA-2011-P-0923-0010_FDA_CDRH_to_Public_Citizen_Health_Research_Group__.pdf,26d651f55bd7,pdf,10,FDA-2011-P-0923,2011,other,
/content/drive/MyDrive/FDA Research/2011/FDA-2011-P-0923-0011_Public_Citizens_Health_Research_Group_Response_to_.pdf,189e48f2637b,pdf,14,FDA-2011-P-0923,2011,response/decision,"iliNa1600 20th Street, NW • Washington, D.C. 20009 • 202/588-1000 • www.citizen.org PUBLICCITIZEN no FE, 21 A r): 5cI January 28, 2013 Margaret A. Hamburg, M.D. Commissioner Food and Drug Administration Department of Health and Human Services WO 2200 10903 New Hampshire Avenue Silver Spring, MD 20993-0002 Jeffrey E. Shuren, M.D., J.D. Director, Center for Devices and Radiological Health Food and Drug Administration Department of Health and Human Services WO 66, Room 5442 10903 New Hampshire Ave…"
/content/drive/MyDrive/FDA Research/2011/FDA-2011-P-0924-0001_Atavis_Inc_Citizen_Petition.pdf,96bdd9eba917,pdf,4,FDA-2011-P-0924,2011,petition,"reit bag va fug. ph. . ernii. ceutica is BY OVERNIGHT MAIL Division of Dockets Management (HFA-305) U.S. Food and Drug Administration 5630 Fishers Lane Room 1061 Rockville, MD 20852December 14, 2011 MI DEC 15 A 10 : 2 b CITIZEN PETITION Dear Sir or Madam, The undersigned submits this petition in quadruplicate pursuant to 21 C.F.R. §§ 10.30 and 314.161. A. Action Requested The petitioner requests that the Commissioner of the Food and Drug Administration (FDA) determine that OPANA® (oxymorphone h…"
/content/drive/MyDrive/FDA Research/2011/FDA-2011-P-0924-0002_Acknowledgement_Letter_to_Atavis_Inc.pdf,86193fecf2c4,pdf,1,FDA-2011-P-0924,2011,petition,"DEPARTMENT OF HEALTH & HUMAN SERVICES Public Health Service 7""""tVd31:1 Food and Drug Administration Rockville MD 20857 December 14, 2011 Terri Nataline Vice President Regulatory and Medical Affairs Actavis Inc. 60 Columbia, NJ 07960 Dear Ms. Nataline:FILE COPY Your petition to the Food and Drug Administration requesting to determine that OPANA® (oxymorphone hydrochloride) extended-release tablets, 5 mg, 7.5 mg, 10 mg, 15 mg, 20 mg, 30 mg, and 40 mg were not voluntarily withdrawn for safety or e…"
/content/drive/MyDrive/FDA Research/2011/FDA-2011-P-0924-0003_Actavis_Inc__Amendment.pdf,42ab4bc84c68,pdf,3,FDA-2011-P-0924,2011,petition,"(..ctavis think smart medicine Via Overnight Mail 101 MAR 22 P 1 : 58 March 21, 2012 Division of Dockets Management (HFA-305) Food and Drug Administration Department of Health and Human Services 5360 Fishers Lane, Room 1061 Rockville, MD 20852 Amendment to December 14, 2011 Citizen Petition Docket Number Pending Dear Sir or Madam: On December 14, 2011, Actavis Inc. submitted a Citizen Petition requesting the Food and Drug Administration (FDA) determine that OPANA® (oxymorphone hydrochloride) Ex…"
/content/drive/MyDrive/FDA Research/2011/FDA-2011-P-0924-0004_FDA_CDER_to_Atavis__Inc___Letter.pdf,4dfa053681b9,pdf,1,FDA-2011-P-0924,2011,petition,"(''~ DEPARTMENT OF HEALTH & HUMAN SERVICES < .. ,,.,7::j JUN 1 1 2012 · Terri Nataline Vice President, Regulatory and Medical Affairs Actavis Inc. 60 Columbia Rd, Bldg B Morristown, NJ 07960 Re: Docket No. FDA-2011-P-0924 Dear Ms. Nataline: Food and Drug Administration Rockville MD 20857 ?r'j7 '"""" I I :_{; "" · t.! I am writing to inform you that the Food and Drug Administration (FDA) has not yet resolved the issues raised in your citizen petition received on December 15, 2011, and amended by le…"
/content/drive/MyDrive/FDA Research/2011/FDA-2011-P-0924-0005_Actavis_LLC_formerly_Actavis_Inc_Amendment.pdf,1fbaddd6febf,pdf,2,FDA-2011-P-0924,2011,petition,"AN Actavis 2013 IQ: 21.1 Via Overnight Mail February 7, 2013 Division of Dockets Management (HFA-305) Food and Drug Administration Department of Health and Human Services 5630 Fishers Lane, Room 1061 Rockville, MD 20852 Amendment to December 14, 2011 Citizen Petition Docket Number FDA-2011-P-0924 Dear Sir or Madam: On December 14, 2011, Actavis LLC (formerly Actavis Inc.) (Actavis) submitted a Citizen Petition requesting the Food and Drug Administration (FDA) determine that OPANA® (oxymorphone …"
/content/drive/MyDrive/FDA Research/2011/FDA-2011-P-0926-0001_United_States_Pharmacopeial_Convention_USP__Citize.pdf,b66ac2e69d35,pdf,4,FDA-2011-P-0926,2011,other,"January 3, 2012 U.S. Pharmacopeia The Standard of Quality'Division of Dockets Management U.S. Food and Drug Administration Department of Health and Human Services 5630 Fishers Lane, rm. 1061 Rockville, MD 208528768 12 JAN -3 P3 :02 Headquarters 12601 Twinbrook Parkway Rockville, Maryland 20852 +1-301-8810666 Europe/Middle East/Africa MOnchensteinerstrasse 41 0-1-4052 Basel, Switzerland +41-0-61-316-30-10 USP-India Private Limited ICICI Knowledge Park Genome Valley Labs 7-10, Phase III Turkapall…"
/content/drive/MyDrive/FDA Research/2011/FDA-2011-P-0926-0002_Acknowledgement_Letter_to_United_States_Pharmacope.pdf,9fd17e1dab86,pdf,1,FDA-2011-P-0926,2011,petition,"Public Health Service Food and Drug Administration Rockville MD 20857 DEPARTMENT OF HEALTH & HUMAN SERVICES \a, January 3, 2011 Susan S. de Mars General Counsel United States Pharmacopeial Convention 1201 Twinbrook Parkway Rockville, MD 20852 Dear Ms. de Mars: Your petition to the Food and Drug Administration to incorporate by reference USP 351NF 30, which contains the most current version of USP CGMP standards in Chpter <823> that are applicable to compounded, investigational and research PET …"
/content/drive/MyDrive/FDA Research/2011/FDA-2011-P-0926-0004_Interim_Response_to_United_States_Pharmacopeial_Co.pdf,7f286dd30a75,pdf,1,FDA-2011-P-0926,2011,response/decision,
/content/drive/MyDrive/FDA Research/2011/FDA-2011-P-0929-0001_Caravan_Ingredients_Inc_Kelley_Drye_and_Warren_LLP.pdf,e836bc5b416f,pdf,8,FDA-2011-P-0929,2011,other,"FACSIMILE (202) 342-8451 www.kelleydrye.com NEW YORK, NY LOS ANGELES, CA CHICAGO, IL STAMFORD, CT PARSIPPANY, NJ BRUSSELS, BELGIUM AFFILIATE OFFICE MUMBAI, INDIA KELLEY DRYE & WARREN L L P A LIMITED LIABILITY PARTNERSHIP WASHINGTON HARBOUR, SUITE 400 3050 K STREET, NW WASHINGTON, DC 20007 (202) 342-8400 August 5, 2013 Division of Dockets Management Food and Drug Administration, Room 1061 5630 Fishers Lane Rockville, MD 20852 Re: Docket No. FDA-2011-P-0929-0001C/P Division of Dockets Management:…"
/content/drive/MyDrive/FDA Research/2011/FDA-2011-P-0929-0002_Acknowledgement_Letter_to_Caravan_Ingredients_and_.pdf,30145f09709c,pdf,1,FDA-2011-P-0929,2011,petition,"DEPARTMENT OF HEALTH & HUMAN SERVICES Public Health Service Food and Drug Administration Rockville MD 20857 August 12, 2013 FILE COPY Sarah Roller Donnelly L. McDowell Kelley Drye & Warren LLP Washington Harbour, Suite 400 3050 K Street, NW Washington, DC 20007 Dear Ms. Roller: Your petition for reconsideration and stay of action to the Food and Drug Administration on behalf of Caravan Ingredients, Inc. (""Caravan"") requesting the Agency to reconsider its July 5, 2013 decision rejecting the auth…"
/content/drive/MyDrive/FDA Research/2011/FDA-2011-P-0929-0003_FDA_CFSAN_Response_to_Caravan_Ingredients_Inc_Kell.pdf,efee15342416,pdf,4,FDA-2011-P-0929,2011,response/decision,
/content/drive/MyDrive/FDA Research/2011/FDA-2011-P-0931-0001_Upsher_Smith_Laboratories_Inc_Zuckerman_Spaeder_LL.pdf,e01cf82d0eb6,pdf,9,FDA-2011-P-0931,2011,petition,"1900 M STREET, NW SUITE 1000 WASHINGTON, DC 20036-5802 202.778.1800 202.822.8106 fax www.zuckerman.com - FAZUCKERMAN SPAEDER Kate C. Beardsley Partner (202) 778-1866 kbeardsley@zuckerman.com December 28, 2011 Division of Dockets Management Food and Drug Administration Department of Health and Human Services 5630 Fishers Lane Room 1061 Rockville, MD 20852 1=) TN) Re: Petition of Upsher-Smith Laboratories, Inc. Requesting that FDA Refrain Him Approving any Extended-release Topiramate Drug without…"
/content/drive/MyDrive/FDA Research/2011/FDA-2011-P-0931-0002_Acknowledgement_Letter_to_Upsher_Smith_Laboratorie.pdf,0b3dd93f41af,pdf,1,FDA-2011-P-0931,2011,petition,"tg.cEs DEPARTMENT OF HEALTH & HUMAN SERVICES Public Health Service CFood and Drug Administration Rockville MD 20857 December 27, 2011 Kate C. Beardsley, Partner Zuckerman Spaeder LLP. 1800 M Street, N.W., Suite 1000 Washington, DC 20036-5802FILE COPY Dear Ms. Beardsley: Your petition to the Food and Drug Administration to refrain from approving any application for extended-release topiramate that does not include suitable efficacy data on the applicant's formulation was received by this office …"
/content/drive/MyDrive/FDA Research/2011/FDA-2011-P-0931-0004_Minutes_of_Meeting_with_Upsher_Smith_Laboratories_.pdf,9d34f12bc45f,pdf,1,FDA-2011-P-0931,2011,other,"Minutes of Meeting with Upsh er-Smith Laboratories (USL) to Discuss 505(b)(2) Application Requirements June 18, 2012 WO 21, Room 4540 Attendees FDA E x t e r n a l P a r t i c i p a n t s Elizabeth Dickinson, OCC Shel don Bradshaw, Hunton & Williams LLP Rick Blumberg, OCC Kyle Sampson, Hunton & Williams LLP Don Beers, OCC Kate Bear dsley, Zuckerman Spaeder LLP Wendy Vicente, OCC Tom Burke, USL Denise Esposito, CDER ORP Sean Mahoney, USL Michael Bernstein, CDER ORP Mark Robbins, USL Consultant K…"
/content/drive/MyDrive/FDA Research/2011/FDA-2011-P-0931-0005_Upsher_Smith_Laboratories_re_Approval_Requirements.pdf,894eb6197d30,pdf,15,FDA-2011-P-0931,2011,other,
/content/drive/MyDrive/FDA Research/2011/FDA-2011-P-0931-0007_FDA_CDER_to_Upsher_Smith_Laboratories_Zuckerman_Sp.pdf,3850b5478535,pdf,12,FDA-2011-P-0931,2011,petition,"'t S¡.lVIC£S. .(~~,~""~~DEPARTMENT OF HEALTH &. HUMA SERVICES JUN 2 5 2012Food and Drug Administration Rockvile M D 20857 Kate C. Beardsley, Partner . Zuckerman Spaeder LLP 1800 M Street, N.W., Suite 1000 Washington, DC 20036-5802 Re: Docket No. FDA-2011-P-0931 Dear Ms. Beardsley: This letter responds to the citizen petition (Petition) submitted on behalf of Upsher-Smith Laboratories (Petitioner or USL) that was received by the Food and Drug Administration (FDA or the Agency) on December 28,2011…"
