Category,approved,interim,no response,other,withdrawn,denied,total,approved_rate,denied_rate,withdrawn_rate,interim_rate,no response_rate,other_rate
Drugs,8,23,44,6,5,0,86,0.09302325581395349,0.0,0.05813953488372093,0.26744186046511625,0.5116279069767442,0.06976744186046512
Other,1,8,9,0,1,0,19,0.05263157894736842,0.0,0.05263157894736842,0.42105263157894735,0.47368421052631576,0.0
Medical Devices,0,5,0,1,3,0,9,0.0,0.0,0.3333333333333333,0.5555555555555556,0.0,0.1111111111111111
Food,0,2,1,1,0,0,4,0.0,0.0,0.0,0.5,0.25,0.25
Cosmetics,0,0,1,0,0,0,1,0.0,0.0,0.0,0.0,1.0,0.0
